178.691,147.328,0.914134,190.542,210.065,0.867904,137.621,210.076,0.808192,119.981,294.383,0.803356,131.723,378.608,0.868911,241.451,210.047,0.841071,255.193,294.362,0.816679,241.527,368.785,0.926015,184.631,362.958,0.73859,153.336,360.996,0.696062,145.505,464.803,0.812701,133.714,570.575,0.858251,214.079,366.766,0.741369,212.154,468.716,0.830529,227.774,570.583,0.833649,165.174,133.724,0.953308,188.555,133.674,0.888565,161.13,135.691,0.144612,210.144,135.661,0.943227,243.41,607.839,0.773515,257.127,601.968,0.83308,223.872,576.524,0.711269,112.144,605.841,0.716793,102.324,599.991,0.716127,141.591,576.493,0.733174,1
178.684,145.459,0.904733,190.56,210.047,0.868896,137.644,210.036,0.803014,120.012,292.459,0.805376,131.719,378.596,0.865739,241.454,210.05,0.848501,257.027,294.349,0.828485,241.533,368.792,0.92195,182.781,362.947,0.738143,153.317,360.987,0.694817,147.352,464.831,0.824763,133.713,570.546,0.856828,214.087,364.907,0.740373,212.187,468.722,0.815728,227.786,570.561,0.834218,165.168,133.676,0.959492,188.536,131.854,0.890238,161.151,135.654,0.126733,210.147,133.825,0.950945,243.393,607.839,0.787819,257.093,601.963,0.832579,225.71,576.476,0.714613,114.093,603.98,0.711791,102.388,599.954,0.69317,141.544,574.59,0.724271,1
178.691,145.429,0.903553,192.416,210.049,0.87222,137.661,210.048,0.800904,120.009,294.356,0.806581,131.715,378.612,0.86595,241.481,210.034,0.84405,257.059,290.549,0.849427,243.342,368.765,0.918303,184.657,362.934,0.731759,153.344,360.974,0.690943,147.369,464.844,0.82529,133.733,570.542,0.853008,214.12,364.895,0.725756,214.04,468.763,0.802544,227.787,570.544,0.829054,165.169,133.661,0.96145,188.537,131.821,0.891924,161.157,135.661,0.13134,210.145,133.796,0.955846,243.41,607.842,0.787152,257.116,601.954,0.826993,225.704,576.468,0.703853,114.103,603.99,0.739723,102.402,599.969,0.714064,141.584,576.453,0.719618,1
178.681,145.408,0.898272,192.452,210.035,0.879989,139.567,210.033,0.795175,120.036,292.473,0.802823,131.733,378.567,0.862978,241.505,208.199,0.839719,257.063,292.426,0.841672,243.366,368.82,0.923412,184.657,362.909,0.727746,153.341,359.044,0.69125,147.352,464.812,0.82083,133.736,570.507,0.848105,214.129,364.881,0.720745,214.053,470.659,0.807997,227.84,570.592,0.813044,165.156,133.639,0.963375,186.646,131.798,0.893986,161.176,133.763,0.0894063,210.169,133.754,0.961804,243.44,607.858,0.773866,257.156,601.966,0.816171,225.734,578.414,0.698312,114.128,603.955,0.731577,102.419,599.934,0.695419,143.499,574.558,0.725167,1
178.692,143.536,0.894509,192.47,210.022,0.881126,137.69,210.04,0.797405,120.06,292.462,0.795696,131.733,378.571,0.863952,241.511,208.171,0.834108,257.112,292.398,0.851449,243.403,368.829,0.920171,184.664,362.93,0.722877,153.349,360.956,0.688906,147.379,464.883,0.820134,133.777,570.53,0.855781,215.981,364.894,0.71719,215.981,470.663,0.78804,227.868,570.543,0.798228,165.148,133.632,0.962971,186.633,131.756,0.896842,161.171,133.767,0.0855153,210.168,133.693,0.971497,243.506,609.812,0.758095,257.194,602.015,0.816721,225.732,576.472,0.700337,114.105,605.882,0.734798,102.42,600.017,0.706595,145.419,574.521,0.761902,1
178.683,143.551,0.895632,192.483,210.023,0.883273,139.598,210.023,0.79351,120.07,294.391,0.773148,131.73,378.63,0.866289,241.514,208.179,0.835422,257.102,292.446,0.830184,243.439,368.825,0.910837,184.698,362.927,0.71334,155.254,360.947,0.681695,147.428,464.879,0.821431,133.837,570.521,0.813582,216.016,364.898,0.70474,216.045,472.612,0.776447,229.723,570.567,0.788104,165.117,133.649,0.969918,186.606,131.732,0.897841,161.113,133.77,0.0716691,210.162,133.672,0.96681,243.47,607.842,0.768623,257.191,601.956,0.821475,225.756,576.516,0.687279,114.136,603.974,0.731866,102.424,599.941,0.686246,145.456,574.564,0.747538,1
176.823,145.437,0.892697,192.493,210.05,0.892147,141.522,210.048,0.79576,120.079,294.386,0.778468,131.728,378.564,0.859696,241.509,210.021,0.839668,257.125,294.369,0.84113,243.42,368.864,0.909237,186.605,362.956,0.713279,155.264,360.977,0.680438,147.406,464.846,0.818563,133.829,568.62,0.803872,217.936,364.905,0.698238,217.981,472.608,0.767741,229.716,570.575,0.794688,165.058,133.684,0.979914,184.667,131.736,0.912043,159.213,133.791,0.0501288,210.155,131.853,0.962262,243.5,607.86,0.778501,257.218,601.971,0.836854,225.752,576.524,0.692448,114.129,603.883,0.722846,104.302,596.096,0.672158,145.474,572.664,0.710895,1
176.813,145.468,0.898242,192.48,210.063,0.889595,139.616,210.089,0.79988,121.991,296.323,0.765415,131.771,374.715,0.864461,241.521,208.201,0.835472,257.173,292.442,0.837442,243.469,368.794,0.895615,186.62,362.917,0.70189,155.295,360.963,0.671415,147.415,464.819,0.814709,135.687,566.668,0.788656,216.061,364.86,0.687008,217.96,468.72,0.76997,229.691,570.531,0.786668,165.032,133.702,0.980957,182.78,131.734,0.920349,157.248,133.822,0.0591382,210.125,131.774,0.958496,245.422,607.83,0.758708,259.086,601.947,0.818742,225.699,576.51,0.671369,116.145,601.963,0.713157,108.223,592.176,0.658049,145.505,572.547,0.745,1
176.811,145.419,0.88701,192.503,210.043,0.885783,139.631,210.041,0.792123,123.939,292.481,0.765778,131.813,376.627,0.859678,241.545,208.178,0.828563,257.188,294.341,0.813412,243.463,368.779,0.894818,188.557,362.939,0.700403,159.146,362.907,0.670982,147.378,464.838,0.789246,133.812,568.609,0.789112,217.949,364.87,0.688832,219.887,466.819,0.741076,229.742,568.656,0.762783,165.041,133.68,0.982749,182.771,131.714,0.917552,0,0,0,210.154,131.756,0.963932,245.356,605.922,0.778341,259.058,601.926,0.81984,225.764,576.504,0.67608,116.056,603.884,0.730691,104.337,596.102,0.670791,145.492,572.595,0.702392,1
176.816,145.405,0.882406,192.527,210.039,0.888865,141.54,210.023,0.791489,125.865,292.474,0.759653,133.634,376.636,0.865156,243.376,208.2,0.829754,257.168,294.347,0.82536,243.456,366.935,0.895563,188.545,364.836,0.711714,159.145,362.898,0.672545,147.416,462.95,0.817809,133.831,568.591,0.77477,216.041,366.778,0.705844,219.931,470.702,0.73964,229.796,570.565,0.76461,165.053,133.666,0.971321,182.778,131.685,0.918071,0,0,0,210.176,131.723,0.962876,243.52,607.807,0.77832,259.07,601.976,0.825691,225.836,578.45,0.659424,116.104,603.886,0.740392,104.371,598.011,0.664232,145.496,572.593,0.711258,1
176.786,141.579,0.859186,192.516,210.052,0.893577,141.539,210.054,0.802879,123.943,296.324,0.746872,133.679,378.594,0.886561,241.534,208.195,0.833339,257.212,292.421,0.81512,243.433,366.91,0.902341,192.422,364.9,0.719261,161.109,364.844,0.679731,147.452,468.741,0.776581,133.815,568.611,0.773723,221.844,366.828,0.699699,217.971,470.715,0.73245,231.678,570.652,0.765551,165.048,131.855,0.972776,182.74,129.83,0.910613,0,0,0,210.136,131.718,0.960114,245.432,607.846,0.771494,259.105,601.993,0.831796,225.834,582.359,0.677478,116.082,603.932,0.702895,104.355,598.056,0.656047,145.478,572.594,0.700734,1
176.778,139.599,0.853018,192.511,210.057,0.88883,141.523,210.073,0.79662,125.896,294.414,0.753225,133.748,380.54,0.895412,241.55,208.175,0.827443,257.237,290.532,0.829727,243.446,368.75,0.90702,192.447,364.861,0.715142,161.139,362.923,0.670315,147.472,466.788,0.779702,135.675,568.608,0.746439,221.865,366.792,0.689997,219.953,470.715,0.722041,231.661,570.577,0.760341,165.033,131.749,0.965802,182.783,129.745,0.887142,0,0,0,210.165,131.676,0.943715,243.521,605.922,0.781732,259.087,601.941,0.828853,225.811,578.459,0.667063,116.092,603.927,0.651636,104.355,598.034,0.619543,147.391,572.598,0.697602,1
176.767,137.659,0.855681,192.528,210.06,0.893169,141.534,210.081,0.797421,123.961,294.395,0.745803,133.7,378.639,0.885401,243.374,208.166,0.827584,259.034,290.508,0.820283,243.472,366.897,0.886885,192.417,364.894,0.711735,161.118,364.854,0.666528,147.441,470.717,0.773435,135.717,568.587,0.747439,219.949,366.811,0.688802,221.867,470.662,0.723595,231.668,570.561,0.753168,165.035,131.696,0.950697,182.772,127.856,0.879702,0,0,0,210.169,131.681,0.933057,245.362,605.875,0.802762,259.086,601.914,0.860588,225.814,578.465,0.662639,116.096,603.881,0.662743,104.378,597.984,0.621883,147.426,572.595,0.713222,1
176.823,137.624,0.872876,192.511,210.047,0.890081,141.523,210.058,0.794259,123.93,296.316,0.745501,133.743,378.615,0.88414,241.544,208.155,0.827706,259.044,290.523,0.8223,243.491,366.913,0.890878,190.537,364.883,0.710501,159.22,362.961,0.65974,147.441,472.66,0.769575,135.668,568.612,0.751188,219.924,366.806,0.691919,221.878,470.72,0.717944,231.655,570.546,0.751451,165.055,131.661,0.949036,184.684,127.833,0.851956,161.171,131.774,0.0639395,210.164,131.714,0.949256,245.415,605.9,0.783805,259.12,601.92,0.840004,225.797,578.436,0.653343,118.029,601.939,0.664096,108.272,592.163,0.624727,147.351,572.591,0.69847,1
176.85,137.645,0.876238,192.504,210.036,0.88897,141.547,210.059,0.794604,123.928,294.383,0.755029,133.728,380.497,0.882442,241.52,208.127,0.828457,259.012,290.533,0.820148,243.479,366.925,0.890179,190.544,364.903,0.714381,161.079,364.856,0.668648,147.444,472.655,0.76432,133.771,570.539,0.740523,219.92,366.822,0.69417,221.9,474.539,0.716649,231.65,570.59,0.758274,165.087,131.675,0.944216,184.701,127.846,0.858783,163.07,131.797,0.0537142,210.169,131.689,0.945661,245.443,605.903,0.759139,259.135,601.938,0.821801,225.77,580.429,0.675348,116.155,601.938,0.680067,106.316,592.182,0.631585,145.471,574.519,0.617272,1
178.66,135.741,0.894737,192.505,210.038,0.891389,141.539,210.058,0.79578,123.917,294.399,0.754857,133.745,378.639,0.882454,241.53,208.135,0.829467,257.169,294.384,0.810384,243.48,368.733,0.893856,190.538,364.893,0.716413,159.213,364.844,0.667249,147.448,472.663,0.7669,133.767,570.554,0.743035,219.927,366.816,0.695603,221.911,472.622,0.714678,231.652,570.544,0.762031,165.104,131.655,0.938889,186.585,127.826,0.85275,163.069,131.814,0.053059,210.18,131.772,0.962501,245.44,605.885,0.783399,259.134,601.91,0.838847,225.728,576.525,0.657521,116.114,601.976,0.685014,106.271,594.096,0.630366,145.456,574.525,0.634335,1
178.735,135.691,0.9274,192.47,210.032,0.882231,139.597,210.058,0.794242,123.953,294.377,0.7547,133.711,378.602,0.88235,241.51,208.132,0.828972,257.198,292.4,0.824368,243.471,366.894,0.903553,190.497,364.869,0.71246,159.181,362.95,0.665443,147.441,472.632,0.765817,133.758,570.526,0.731791,218.001,366.791,0.694898,223.791,472.672,0.731129,229.782,570.536,0.769235,165.165,129.84,0.920924,188.564,127.834,0.844681,163.039,133.683,0.0986204,210.198,131.776,0.96727,247.331,605.86,0.775238,259.134,601.885,0.830977,225.733,576.532,0.680963,117.983,601.894,0.66649,106.324,592.144,0.625759,145.437,574.499,0.619859,1
178.78,135.692,0.933112,192.458,210.032,0.879471,139.595,210.073,0.797695,123.936,294.383,0.754821,133.702,380.51,0.889631,241.493,208.112,0.823714,257.214,290.521,0.841155,243.468,366.899,0.90174,188.56,362.936,0.703417,157.247,360.976,0.660938,147.462,466.754,0.766877,139.586,562.742,0.70453,217.949,364.902,0.693,221.88,468.754,0.726261,229.783,570.527,0.765979,166.988,129.8,0.909514,190.527,127.81,0.852156,163.019,133.723,0.204588,210.216,131.801,0.968413,245.43,605.862,0.772266,259.115,601.894,0.828568,225.742,576.519,0.679613,116.084,601.886,0.65081,106.329,590.234,0.603171,149.346,570.615,0.696961,1
178.84,135.733,0.9258,192.443,210.055,0.876046,139.587,210.117,0.798548,123.956,296.337,0.747473,133.707,380.525,0.891491,241.491,208.136,0.824213,257.214,292.385,0.834062,243.46,366.911,0.899842,188.561,362.934,0.701153,159.138,360.979,0.656681,147.439,468.733,0.760968,137.611,564.71,0.71359,217.944,364.896,0.691624,221.863,470.687,0.721542,229.789,570.531,0.764248,167.046,131.646,0.903602,192.46,127.852,0.869219,163.041,133.767,0.249957,212.01,131.803,0.968079,245.443,605.845,0.772448,259.117,601.881,0.828273,225.758,578.426,0.686318,116.105,601.911,0.627849,106.316,592.13,0.594126,147.476,570.641,0.708659,1
180.735,135.747,0.917687,192.478,210.058,0.88674,139.624,210.121,0.795118,123.933,296.346,0.756457,133.677,380.562,0.895741,241.517,208.122,0.824259,259.036,290.483,0.823843,243.488,366.938,0.890384,188.55,362.904,0.691497,157.234,360.953,0.651173,147.461,472.615,0.76839,131.83,570.61,0.767427,217.946,364.874,0.681485,221.893,472.672,0.727539,233.604,570.614,0.753839,170.921,131.643,0.872925,194.382,127.838,0.897104,163.113,133.821,0.556109,212.068,131.801,0.960708,245.447,605.91,0.767184,259.138,601.945,0.83329,225.861,580.437,0.660653,118.019,603.839,0.698662,106.333,596.091,0.630705,139.589,576.476,0.573612,1
182.668,135.736,0.896726,192.511,210.084,0.899535,141.553,210.163,0.805106,125.9,298.306,0.753216,133.798,380.591,0.899557,241.526,208.146,0.832843,259.029,290.529,0.821385,243.475,368.792,0.892656,190.509,362.898,0.701255,159.157,359.052,0.66288,147.495,466.765,0.800853,133.716,570.59,0.788791,219.92,364.86,0.684807,225.691,472.604,0.755692,233.669,570.587,0.749046,174.893,131.643,0.893185,194.51,129.72,0.916086,164.999,135.655,0.55894,212.122,133.677,0.955396,247.363,607.82,0.747112,259.158,601.986,0.81781,225.854,580.434,0.684969,116.088,603.992,0.708471,104.335,599.979,0.673094,145.442,574.555,0.648086,1
184.645,137.661,0.850237,192.524,210.074,0.898068,141.568,210.136,0.798851,127.814,300.218,0.758537,133.798,380.579,0.891834,241.53,208.145,0.83215,259.015,292.401,0.816492,243.496,368.804,0.887716,190.541,364.844,0.712819,159.196,362.919,0.66964,147.508,466.768,0.799139,135.66,568.662,0.771564,219.931,366.779,0.69152,225.738,474.615,0.774812,235.582,570.614,0.753265,178.672,131.673,0.927447,196.377,129.825,0.93801,165.007,135.678,0.766693,212.178,133.801,0.932651,247.39,607.823,0.751173,259.167,601.975,0.812185,225.869,578.483,0.648502,117.979,603.932,0.702072,106.296,598.056,0.64583,147.375,572.641,0.730299,1
186.619,139.586,0.834611,192.525,210.087,0.899025,141.572,210.132,0.799023,127.806,298.282,0.755612,133.793,380.572,0.889949,241.541,208.181,0.834517,259.026,292.409,0.810794,243.547,368.774,0.879777,190.512,362.951,0.701163,159.16,361.001,0.661229,147.491,466.809,0.787853,137.607,568.656,0.767929,219.917,364.914,0.68385,225.698,474.637,0.780946,233.677,570.612,0.759148,178.741,131.696,0.939525,196.452,131.655,0.924931,165.019,135.667,0.850084,214.007,133.764,0.929044,249.3,607.878,0.739983,259.188,602.007,0.798564,225.826,578.44,0.648923,117.99,601.994,0.70311,108.222,594.116,0.648354,147.407,574.492,0.749925,1
192.445,139.589,0.849441,194.397,210.068,0.912505,143.504,210.078,0.804737,125.919,294.379,0.763195,133.806,380.555,0.881956,243.43,208.192,0.835524,259.025,298.297,0.789157,245.44,368.791,0.857468,192.427,362.898,0.703634,159.18,359.051,0.661687,147.488,466.745,0.786426,139.62,566.672,0.728952,221.906,364.857,0.686948,225.788,472.639,0.768808,237.583,572.548,0.760388,178.838,131.701,0.943881,198.445,129.83,0.884692,165.028,133.809,0.897459,214.074,133.734,0.916225,247.345,605.952,0.749342,259.182,601.963,0.808333,227.797,584.333,0.660604,118.007,603.859,0.639477,108.23,596.06,0.598453,149.358,572.545,0.746554,1
192.517,141.535,0.853129,194.409,210.03,0.907215,145.405,208.193,0.801114,127.848,296.317,0.769249,135.66,378.635,0.852373,243.4,208.172,0.831006,259.121,290.537,0.817845,247.323,368.832,0.856735,192.449,358.993,0.705384,159.174,355.148,0.6769,147.521,464.841,0.784408,135.747,570.557,0.772564,223.838,361,0.686918,225.81,470.691,0.784094,237.557,570.646,0.772714,180.682,131.734,0.948171,200.362,131.682,0.882648,165.098,133.833,0.899314,214.096,133.804,0.906509,249.312,605.883,0.76679,261.036,601.899,0.812023,227.722,580.422,0.678457,118.043,602.015,0.708053,108.286,596.051,0.649347,147.406,574.575,0.717658,1
194.361,141.567,0.862422,194.392,210.063,0.905102,143.511,210.084,0.80241,127.875,296.353,0.771972,135.669,378.6,0.843331,243.403,208.18,0.832052,259.071,292.468,0.796057,245.472,368.88,0.849738,192.445,359.012,0.704282,159.162,357.048,0.672336,149.31,464.856,0.789322,137.689,568.607,0.756063,223.828,361.003,0.684381,225.818,472.634,0.794266,239.436,572.508,0.778182,180.734,131.766,0.95617,202.259,131.7,0.880391,165.108,135.645,0.906658,214.119,133.81,0.909259,247.386,605.915,0.760352,261.054,601.935,0.809938,227.762,582.379,0.682283,118.066,601.954,0.673025,110.2,592.172,0.635098,147.466,572.599,0.778267,1
194.362,143.489,0.872654,194.346,210.058,0.894348,143.482,210.095,0.797273,127.813,296.338,0.766609,135.673,380.538,0.858193,241.539,208.138,0.832381,259.049,294.377,0.776922,245.416,368.846,0.855032,190.539,359.008,0.693338,159.156,357.044,0.665107,149.316,468.715,0.788786,137.661,570.508,0.772129,221.885,360.994,0.67205,225.741,470.72,0.776715,239.447,570.646,0.767676,180.744,131.807,0.952506,202.257,131.738,0.8852,165.104,135.688,0.895384,214.103,135.644,0.903696,247.379,605.924,0.732175,259.211,601.934,0.779145,227.823,582.341,0.639088,118.087,601.997,0.655336,110.216,594.092,0.631727,147.446,572.652,0.775446,1
194.377,143.52,0.878032,194.358,210.072,0.898764,143.495,210.136,0.802549,127.82,296.351,0.759326,135.656,380.515,0.857013,243.364,208.14,0.832656,257.22,296.351,0.786125,245.447,368.892,0.84695,190.544,360.964,0.692657,159.158,359.006,0.660677,149.305,468.703,0.783359,137.667,568.634,0.75823,221.901,362.931,0.676935,225.753,472.647,0.779709,237.556,570.669,0.759489,180.748,131.827,0.960301,202.273,131.758,0.885028,165.071,135.712,0.90953,214.119,135.674,0.88789,249.285,607.806,0.749788,261.045,601.964,0.797461,227.745,582.374,0.65894,118.057,603.881,0.65867,110.172,596.051,0.624304,147.461,572.596,0.756997,1
194.394,141.59,0.870738,194.365,210.082,0.899654,143.495,210.131,0.800642,127.861,294.41,0.767836,135.683,376.652,0.831559,243.381,208.19,0.832541,259.016,296.34,0.789354,245.456,368.859,0.857783,190.519,359.004,0.696813,159.15,357.042,0.671771,147.527,466.773,0.791563,139.585,568.614,0.75251,221.871,360.989,0.674485,225.77,468.75,0.782145,239.434,570.675,0.771385,180.766,131.797,0.9563,202.286,131.733,0.883245,165.093,135.73,0.902018,214.129,135.661,0.893704,249.332,605.903,0.749053,261.102,601.928,0.802591,227.768,584.281,0.694514,118.06,603.938,0.659309,110.184,598.021,0.615347,147.488,572.589,0.776404,1
194.443,139.604,0.872851,194.368,210.055,0.8991,143.503,210.069,0.797836,127.845,298.319,0.760159,137.605,378.605,0.835308,243.385,208.14,0.827778,259.127,290.539,0.812659,247.323,368.833,0.859904,190.559,357.087,0.698745,159.16,355.158,0.67441,149.346,464.836,0.791649,137.686,566.716,0.72696,223.785,360.949,0.673352,225.835,468.755,0.783736,239.461,570.666,0.773517,180.788,131.715,0.947724,204.232,131.666,0.863637,165.109,135.679,0.932193,215.978,133.84,0.895373,251.266,607.813,0.742877,261.102,601.967,0.803386,227.781,582.377,0.664904,119.97,603.916,0.649201,112.133,597.99,0.615055,147.469,572.549,0.725954,1
194.435,137.636,0.881708,194.381,210.052,0.896159,139.629,210.064,0.783319,127.843,298.266,0.767614,137.617,376.635,0.82424,243.47,208.151,0.82652,259.11,296.31,0.793986,245.458,368.856,0.858432,192.485,358.991,0.716715,161.101,357.058,0.681823,149.387,462.931,0.793505,135.671,568.593,0.733401,223.86,360.949,0.690935,225.744,468.707,0.761575,237.579,570.62,0.771305,180.77,129.805,0.928752,204.25,129.774,0.852729,165.092,133.786,0.954543,216.011,133.781,0.901426,251.26,605.927,0.745769,261.086,601.93,0.795634,227.753,580.433,0.670174,119.987,603.862,0.656821,112.161,594.143,0.629859,147.378,572.525,0.67138,1
194.414,135.7,0.899095,194.364,208.181,0.885161,139.614,208.175,0.777642,127.829,300.231,0.761845,135.734,376.616,0.832756,243.453,206.201,0.81674,259.091,292.389,0.811605,245.471,368.816,0.858649,192.482,355.162,0.716584,161.093,355.117,0.691072,149.388,464.785,0.782518,139.595,568.596,0.718254,223.868,357.092,0.687085,225.721,466.767,0.772393,237.565,570.653,0.770037,180.763,127.846,0.910709,204.228,127.805,0.836949,165.119,133.675,0.962678,216,133.694,0.917776,249.312,605.881,0.7415,261.071,601.904,0.790428,227.754,582.37,0.683267,118.079,603.863,0.651535,110.235,596.058,0.617651,149.333,572.63,0.675208,1
194.441,133.782,0.920397,194.396,206.228,0.867059,141.547,206.198,0.768204,125.858,294.362,0.769703,135.723,374.697,0.837987,243.489,202.306,0.810165,259.149,292.376,0.824365,251.241,366.858,0.836445,194.364,357.059,0.715776,161.157,355.162,0.683485,149.349,464.836,0.759166,143.524,564.74,0.727953,225.743,358.992,0.696033,225.742,464.865,0.776453,239.458,570.564,0.770794,180.768,125.862,0.897933,204.257,123.899,0.825759,165.101,131.847,0.981613,216.006,131.854,0.925397,251.239,605.947,0.747569,261.076,601.95,0.799088,227.776,578.437,0.641637,122.003,601.877,0.629941,116.016,590.201,0.642307,149.423,572.52,0.730599,1
194.426,133.702,0.933488,194.357,202.323,0.856051,139.61,204.216,0.765203,123.937,292.401,0.775757,133.795,372.753,0.868174,243.474,200.3,0.833348,259.171,290.397,0.837411,251.267,366.808,0.842805,192.512,355.082,0.730854,161.088,353.209,0.691483,149.449,464.837,0.78975,143.515,568.601,0.763086,225.742,355.13,0.711144,223.783,462.913,0.777901,239.526,570.585,0.785427,180.787,123.904,0.891839,202.328,121.933,0.835332,165.141,131.741,0.95793,214.077,131.684,0.892587,251.271,605.898,0.744736,261.099,601.919,0.793537,229.708,580.41,0.637384,120.005,603.891,0.654425,112.169,596.095,0.625644,149.421,572.612,0.745398,1
194.42,133.692,0.928124,194.37,202.304,0.859033,139.622,204.222,0.766236,123.9,290.534,0.780332,133.705,370.808,0.884088,243.464,198.452,0.832214,259.211,288.517,0.832974,255.13,364.873,0.854513,194.358,355.086,0.730961,161.132,353.21,0.696423,149.49,462.882,0.795128,145.434,564.728,0.767129,225.764,355.124,0.715453,227.687,466.787,0.784889,239.499,570.567,0.786721,180.79,123.892,0.89541,204.217,120.089,0.834187,165.14,131.737,0.9533,214.122,131.741,0.905942,253.22,605.947,0.749759,262.993,601.939,0.783095,227.803,576.491,0.633722,125.876,598.026,0.6231,116.055,588.259,0.675221,149.424,572.545,0.751337,1
194.458,133.729,0.928871,194.399,202.328,0.86685,139.628,204.257,0.767384,121.958,292.388,0.782004,133.674,374.697,0.866735,243.505,198.451,0.826687,261.131,288.51,0.814193,255.214,364.891,0.870118,194.436,353.167,0.75099,163.007,353.146,0.705775,149.372,462.939,0.802889,145.397,566.699,0.754431,225.83,353.182,0.735596,227.689,464.873,0.806851,239.527,570.565,0.786633,180.825,123.932,0.889409,204.264,121.972,0.831345,165.158,131.77,0.958263,216.004,131.763,0.899953,253.242,607.802,0.736783,263.019,601.955,0.767097,227.833,576.533,0.625049,120.032,601.953,0.65462,114.092,592.14,0.636117,149.474,572.609,0.741185,1
194.479,133.736,0.932002,194.399,202.326,0.864393,141.536,204.232,0.765246,120.02,292.464,0.790808,131.827,376.651,0.875352,243.506,198.452,0.821857,261.125,290.382,0.820548,257.058,364.924,0.877855,194.374,353.182,0.747279,161.121,353.14,0.70437,149.312,462.919,0.788987,143.514,566.679,0.745769,225.795,353.218,0.72974,227.737,464.845,0.79756,237.554,568.667,0.772841,180.827,123.945,0.8897,206.157,121.98,0.836978,165.166,131.817,0.957204,216.012,131.784,0.898379,253.256,605.934,0.74451,263.02,601.922,0.758821,227.711,574.555,0.644293,120.021,603.861,0.66979,112.182,596.057,0.629778,149.496,572.599,0.744639,1
194.465,135.69,0.899928,194.406,208.091,0.873243,141.59,208.13,0.773926,118.149,294.342,0.802274,131.692,378.643,0.860574,243.475,202.263,0.810379,266.934,288.484,0.829963,257.068,366.815,0.890429,194.416,353.204,0.744358,161.168,353.175,0.705305,147.465,464.809,0.773179,145.413,566.643,0.751752,225.821,355.083,0.730229,227.813,462.826,0.787648,241.412,568.676,0.782025,180.798,127.856,0.900327,206.167,125.917,0.835249,165.146,133.77,0.947585,216.019,133.709,0.914587,251.274,605.84,0.748137,264.97,601.911,0.765184,229.757,574.594,0.588308,121.955,601.879,0.641161,114.152,590.213,0.637059,151.35,572.553,0.744204,1
194.447,139.59,0.87101,194.397,210.065,0.900238,141.543,210.147,0.785823,118.098,300.228,0.802212,129.741,382.451,0.861567,243.481,206.217,0.806724,270.813,288.495,0.84287,257.11,366.887,0.896677,194.435,355.129,0.748688,161.149,355.097,0.706516,147.352,462.859,0.757562,147.349,564.733,0.769927,227.677,355.154,0.725353,233.666,462.902,0.740799,241.433,570.578,0.781516,180.791,131.71,0.949538,204.258,129.84,0.864704,166.984,135.698,0.898848,216.022,135.651,0.890001,251.256,603.938,0.764632,263.066,599.992,0.766564,229.732,578.476,0.613731,127.805,598,0.60699,116.147,588.244,0.636446,151.431,572.504,0.738763,1
194.418,145.458,0.888126,194.407,210.183,0.904148,141.535,212.057,0.798358,118.016,296.345,0.825647,125.86,382.563,0.85438,243.499,210.094,0.840885,270.867,296.365,0.809012,257.095,368.847,0.902529,194.363,360.975,0.726949,159.18,358.997,0.676232,145.499,472.618,0.755658,147.353,566.658,0.769388,225.848,362.947,0.727154,237.513,474.543,0.705075,243.44,572.623,0.772826,180.784,133.679,0.94543,204.264,131.854,0.890722,165.102,139.618,0.873992,216.055,137.685,0.834244,251.291,603.977,0.789789,266.917,601.926,0.806575,237.582,586.238,0.642453,125.871,598.002,0.587201,116.153,588.225,0.631403,151.423,572.532,0.721746,1
194.418,147.49,0.923387,194.374,212.145,0.907944,141.542,214.018,0.790269,116.154,304.111,0.837149,121.943,384.44,0.860524,243.461,212.032,0.857912,272.76,298.255,0.832163,257.165,370.781,0.88854,190.564,362.911,0.715624,155.287,359.034,0.678422,141.571,462.935,0.710833,143.527,566.673,0.723177,225.738,364.882,0.717082,239.47,470.711,0.714516,243.395,572.515,0.794982,180.804,135.711,0.906376,204.227,133.832,0.862887,165.123,145.439,0.882799,216.015,145.399,0.822529,253.209,603.965,0.779933,266.921,601.888,0.784349,237.546,582.377,0.627501,118.132,603.856,0.652743,114.06,596.048,0.610111,151.379,572.513,0.663328,1
194.465,151.362,0.89575,194.43,216.05,0.882969,143.475,217.985,0.769481,118.018,306.133,0.851863,121.95,388.41,0.825879,243.481,214.042,0.843223,272.792,302.219,0.853091,257.142,374.726,0.855473,192.481,364.88,0.743123,157.258,362.93,0.686185,135.74,474.579,0.725747,147.336,570.574,0.815898,225.797,366.827,0.74367,241.394,468.74,0.746871,243.413,570.647,0.796443,180.809,143.521,0.902602,204.267,143.463,0.839269,165.127,149.421,0.934169,215.997,149.373,0.904247,251.3,603.947,0.774928,265.016,601.892,0.788704,237.576,580.428,0.625315,122.002,601.896,0.657503,116.083,590.238,0.6853,151.371,576.529,0.710929,1
194.39,159.194,0.871031,194.368,225.691,0.894711,139.623,225.747,0.784999,116.026,308.1,0.830123,120.037,394.276,0.842737,243.474,221.873,0.806658,272.779,306.202,0.867021,257.127,380.567,0.893654,190.555,366.828,0.758195,155.304,366.776,0.719206,133.76,472.61,0.751918,147.396,568.658,0.823809,223.866,368.754,0.736158,241.518,470.717,0.786514,243.541,572.561,0.783178,180.771,147.495,0.949643,202.329,147.445,0.885334,165.098,153.364,0.860961,216.006,151.408,0.855698,251.296,603.931,0.780945,264.982,601.901,0.789034,241.417,584.266,0.662496,120.006,603.855,0.647098,116.015,594.107,0.624841,153.316,574.529,0.710601,1
194.389,163.161,0.920566,194.385,225.886,0.910952,143.476,227.781,0.810279,116.038,315.886,0.793411,118.132,394.25,0.857823,243.437,225.757,0.843353,272.868,306.154,0.862134,257.161,382.473,0.907056,192.439,366.843,0.748025,159.153,364.928,0.708098,133.783,474.617,0.822654,147.378,568.626,0.815443,225.729,368.768,0.73413,241.456,468.744,0.759031,243.387,570.654,0.794353,180.757,151.391,0.90973,204.214,149.498,0.867314,165.084,161.187,0.906599,216.01,161.109,0.842594,253.234,605.91,0.736507,265.008,601.984,0.775115,237.564,578.426,0.603327,120.067,601.969,0.603032,116.055,592.129,0.60755,153.283,572.661,0.728234,1
194.426,167.062,0.892629,194.398,231.645,0.88753,141.544,233.629,0.771086,114.084,319.76,0.773244,118.053,398.181,0.909571,243.446,227.843,0.856106,272.881,312,0.831974,257.223,384.532,0.89888,192.532,368.763,0.786703,161.086,366.903,0.759175,133.77,476.487,0.804065,147.346,568.577,0.819071,225.789,368.839,0.755913,241.515,476.534,0.7536,243.392,572.535,0.815423,180.763,161.098,0.911306,202.319,159.16,0.841007,165.113,165.17,0.906106,214.129,165.059,0.896135,255.203,605.83,0.766849,268.876,601.906,0.790294,237.526,582.383,0.662694,123.939,601.903,0.651991,116.1,590.245,0.659579,151.407,572.598,0.771382,1
194.403,176.844,0.894663,194.399,239.55,0.894457,141.582,241.422,0.787979,106.339,321.777,0.78516,117.998,400.193,0.920458,243.456,237.531,0.805088,272.864,319.853,0.878387,257.195,386.496,0.883726,192.501,368.829,0.77374,159.198,368.827,0.750267,133.67,478.456,0.846952,147.341,566.674,0.8043,225.775,368.863,0.743588,241.532,458.924,0.65268,243.345,570.616,0.801967,180.778,165.059,0.934638,202.329,164.992,0.885992,165.045,172.88,0.874083,215.985,169.03,0.823433,255.136,603.959,0.758862,266.952,600.027,0.766868,235.569,580.386,0.621807,120.023,601.986,0.667503,114.154,592.178,0.636589,153.324,572.544,0.748786,1
194.339,180.712,0.924048,194.403,243.398,0.917083,141.547,243.507,0.799312,104.367,327.646,0.778875,116.171,402.151,0.887175,243.486,241.508,0.845045,274.733,321.893,0.873124,257.23,394.312,0.870314,192.477,372.721,0.735863,159.161,370.824,0.706504,133.66,478.525,0.852572,147.35,566.705,0.811725,225.778,374.698,0.711369,243.376,478.488,0.801815,243.414,572.503,0.807597,180.676,170.94,0.904974,200.35,167.09,0.846627,165.023,178.809,0.944629,214.113,178.687,0.870629,255.203,603.979,0.782457,268.879,601.875,0.787511,235.617,582.319,0.602231,121.976,601.977,0.669939,116.049,592.155,0.658334,153.294,572.55,0.740713,1
192.506,188.607,0.851646,194.354,247.395,0.854311,141.529,251.284,0.767731,104.405,333.513,0.761275,116.16,409.99,0.882957,243.379,245.37,0.840356,274.701,331.615,0.857449,257.216,398.182,0.912695,192.478,376.645,0.73671,159.218,376.636,0.702773,131.83,476.584,0.780947,147.342,566.656,0.802666,225.741,378.594,0.714174,243.491,478.483,0.832427,243.352,570.571,0.805125,180.685,178.779,0.937501,200.319,178.704,0.885012,165.026,182.765,0.892259,214.119,180.839,0.886506,257.109,603.903,0.817822,268.884,599.946,0.80206,231.694,578.462,0.626902,121.953,600.009,0.657996,116.062,590.161,0.668254,153.292,572.515,0.726146,1
194.346,194.54,0.92825,192.5,257.045,0.879872,139.614,257.109,0.790947,102.473,335.443,0.806425,116.039,413.809,0.895783,241.521,253.212,0.810563,274.695,333.57,0.861878,257.193,400.186,0.911843,194.358,380.544,0.77027,161.146,380.522,0.734672,131.712,482.43,0.816286,147.328,564.711,0.806195,225.796,382.471,0.751344,243.51,478.527,0.813319,243.436,570.605,0.816278,180.701,182.778,0.907741,200.357,182.664,0.862473,165.013,192.473,0.902147,214.1,188.571,0.819235,257.104,603.931,0.83347,268.934,600.019,0.83627,237.549,578.445,0.644742,127.829,592.207,0.64053,118.029,586.351,0.683416,151.415,570.622,0.756827,1
192.497,200.353,0.859447,192.482,259.144,0.898251,139.619,261.123,0.784745,102.365,345.317,0.780288,116.092,415.931,0.90735,241.444,257.198,0.855866,274.718,337.545,0.875813,257.145,407.975,0.865138,194.358,382.492,0.799847,163.003,382.5,0.780689,131.664,478.617,0.810379,147.357,566.684,0.821535,225.714,382.552,0.75467,245.355,476.511,0.749959,243.378,568.586,0.795129,180.669,192.518,0.921146,200.304,192.459,0.8668,164.987,196.447,0.94258,214.034,196.378,0.928257,257.089,603.868,0.806853,268.873,598.062,0.778281,233.618,572.599,0.619687,129.785,592.206,0.676512,118.114,588.207,0.715953,153.283,572.494,0.770709,1
192.472,210.134,0.906531,192.453,268.901,0.840226,137.651,272.72,0.793294,102.335,353.108,0.823583,116.049,421.715,0.86622,241.508,261.112,0.837822,274.751,343.316,0.845819,257.176,413.818,0.914766,192.479,384.526,0.782943,161.113,384.522,0.777235,127.793,486.329,0.782667,147.443,562.75,0.821918,225.713,386.427,0.741071,245.453,476.54,0.72312,243.418,570.528,0.805514,180.65,198.365,0.915258,198.423,196.455,0.896509,164.986,206.191,0.883931,214.032,202.307,0.841924,257.144,602.018,0.830639,268.911,598.026,0.808034,235.584,576.514,0.640139,121.979,599.99,0.652055,116.122,590.177,0.659883,157.255,568.659,0.710129,1
192.435,214.112,0.864682,192.461,272.891,0.894335,139.591,274.804,0.80518,102.291,353.153,0.813474,114.165,427.538,0.851936,241.464,272.751,0.844052,274.802,349.241,0.871018,257.204,415.824,0.928724,192.52,392.294,0.756888,161.138,390.391,0.727476,123.925,474.627,0.713186,147.328,562.793,0.775045,225.751,394.244,0.728441,247.355,476.517,0.752397,245.356,570.534,0.797179,178.86,208.128,0.912428,198.411,206.239,0.861834,165.006,212.049,0.937693,214.01,212.02,0.931098,257.137,602,0.842839,268.924,598.045,0.829812,239.455,574.587,0.646243,120.073,601.868,0.680694,116.036,590.242,0.672041,155.25,570.539,0.675447,1
192.476,225.7,0.886724,190.549,278.72,0.824866,135.7,284.525,0.790587,100.394,362.971,0.826213,114.108,429.488,0.872282,241.488,276.7,0.841816,274.777,353.107,0.890172,257.211,421.723,0.870848,192.445,396.217,0.762944,161.086,396.219,0.738361,120.066,484.378,0.775698,147.414,564.695,0.81315,223.844,398.117,0.730738,253.179,480.515,0.753918,243.509,572.55,0.808196,180.666,212.137,0.934396,198.428,212.047,0.907281,164.985,221.839,0.88044,212.207,217.941,0.842629,257.202,602.018,0.868251,270.863,599.924,0.864762,235.625,584.286,0.692706,119.982,601.921,0.731661,114.155,592.13,0.691344,157.264,570.556,0.715885,1
192.412,229.71,0.874773,192.435,288.424,0.886378,139.593,288.565,0.801859,100.389,366.817,0.83193,114.144,431.551,0.87585,241.407,284.554,0.810253,274.788,362.955,0.855972,257.202,429.583,0.933385,192.436,398.226,0.796892,161.095,398.273,0.784518,120.044,484.435,0.788578,147.372,562.762,0.796028,223.784,398.248,0.751404,251.235,476.614,0.754361,243.479,570.654,0.807635,178.839,221.904,0.908167,198.377,221.831,0.862408,164.996,227.707,0.94157,212.194,225.862,0.940063,259.043,601.932,0.865979,270.848,596.067,0.831969,235.593,580.423,0.688212,118.102,601.858,0.721529,114.124,590.202,0.69253,157.213,568.678,0.686891,1
192.443,239.549,0.881408,192.429,290.56,0.872637,137.645,294.395,0.784729,98.3964,372.707,0.808618,114.076,435.442,0.832982,241.452,290.413,0.859335,274.793,366.872,0.889916,257.224,431.561,0.938454,192.441,400.198,0.794603,161.125,400.212,0.781993,119.982,480.498,0.822758,147.44,564.735,0.821498,223.807,400.202,0.754506,253.244,476.604,0.773867,243.538,570.536,0.794707,178.867,227.787,0.935112,198.4,227.716,0.9112,163.193,235.605,0.873331,214.009,231.7,0.862188,257.179,601.956,0.850146,270.825,598.008,0.810439,237.509,574.537,0.614519,117.992,601.877,0.761948,114.084,590.198,0.695325,157.242,570.605,0.728836,1
190.571,245.379,0.877805,190.528,300.253,0.82475,137.68,302.205,0.785786,96.4781,378.63,0.781077,110.243,441.259,0.819672,239.533,294.389,0.808134,274.759,368.857,0.886272,257.204,441.275,0.882045,188.604,408.007,0.739095,157.237,407.977,0.712834,118.031,482.492,0.823116,147.38,564.718,0.808165,221.875,409.957,0.712003,255.176,476.498,0.75741,243.536,570.542,0.786907,178.834,237.557,0.900753,198.372,235.626,0.856602,163.18,241.524,0.947341,212.154,241.478,0.93398,257.151,601.91,0.818571,270.798,596.056,0.787232,237.53,574.54,0.618518,119.971,599.935,0.726731,114.158,588.287,0.723725,155.293,570.57,0.733836,1
192.427,257.041,0.884613,192.425,306.06,0.897013,139.624,306.195,0.802608,98.3939,382.461,0.790792,110.215,445.121,0.843519,241.377,304.157,0.847157,274.822,380.512,0.852389,259.03,445.24,0.934723,192.419,413.931,0.800604,159.2,413.929,0.785686,116.073,476.646,0.860053,147.385,560.86,0.803766,223.8,415.765,0.763256,255.155,474.567,0.715496,243.499,568.681,0.78811,178.85,243.466,0.930761,198.36,243.386,0.917524,163.182,247.363,0.879917,212.188,245.403,0.881555,259.062,601.953,0.835111,270.872,597.988,0.803539,235.608,574.512,0.634773,118.137,598.016,0.718925,114.154,588.249,0.722433,157.22,570.524,0.706919,1
192.431,261.037,0.890013,190.561,310.074,0.830158,137.646,315.888,0.786259,94.513,388.392,0.779383,108.283,447.165,0.846465,241.404,306.231,0.846975,274.808,382.591,0.885952,259.061,449.101,0.908009,190.559,415.854,0.794972,159.197,415.86,0.781516,116.035,476.514,0.855688,147.365,558.929,0.801283,221.897,415.847,0.771194,257.072,476.538,0.766258,245.377,568.604,0.765238,178.836,253.228,0.903153,198.364,251.254,0.858425,163.176,257.172,0.951881,212.111,255.213,0.887483,257.191,601.849,0.833007,270.858,594.133,0.792763,235.612,572.578,0.608963,119.976,594.13,0.706268,114.153,588.17,0.714137,155.306,568.589,0.683539,1
192.43,270.847,0.870353,192.412,319.77,0.880468,139.631,319.843,0.801988,90.6062,396.24,0.787365,108.278,449.202,0.82818,239.518,317.868,0.819596,274.798,390.395,0.844242,257.237,458.874,0.890082,190.549,415.914,0.789466,161.079,415.879,0.78397,114.169,478.545,0.846349,147.34,558.86,0.795321,221.856,417.757,0.758712,259.023,476.56,0.786148,243.48,564.701,0.775414,178.848,259.07,0.934633,198.359,257.226,0.918162,163.157,261.086,0.912542,212.156,259.176,0.922643,257.078,598.057,0.794,268.928,590.256,0.774264,233.616,570.603,0.618962,120.046,596.076,0.661017,116.022,588.209,0.671414,155.308,564.743,0.668484,1
192.438,274.83,0.901286,192.437,323.751,0.871352,141.53,325.74,0.779374,88.6404,400.122,0.834775,106.288,454.991,0.828271,239.542,321.806,0.85394,276.741,398.153,0.870933,257.227,462.786,0.912385,190.503,421.749,0.753262,161.081,421.728,0.747837,114.158,480.459,0.812154,145.459,558.847,0.797,219.92,423.669,0.715879,259.134,476.611,0.76732,243.363,562.772,0.805709,178.837,266.972,0.898211,196.535,263.056,0.861562,163.153,272.756,0.949466,212.12,268.878,0.876704,257.061,599.933,0.80302,266.925,590.258,0.773205,229.739,570.605,0.638723,123.933,594.114,0.683693,116.038,588.19,0.716789,153.365,564.724,0.706957,1
190.559,286.474,0.862244,190.563,333.52,0.857159,139.638,335.424,0.796719,88.7368,404.089,0.776772,108.277,460.849,0.849673,239.507,331.558,0.800642,274.875,400.235,0.844359,259.122,468.763,0.855043,192.502,429.552,0.83395,161.171,429.528,0.798653,114.093,480.464,0.800172,147.36,558.879,0.810401,223.804,429.602,0.783682,263.009,482.48,0.71235,241.528,562.785,0.818362,178.844,274.7,0.938208,196.518,272.875,0.920377,163.14,274.806,0.933429,212.107,274.769,0.957572,257.099,598.042,0.790165,266.974,590.183,0.767527,227.832,570.567,0.654803,120.078,592.205,0.685311,116.017,586.336,0.713585,157.213,566.659,0.711341,1
192.436,290.406,0.91253,192.446,337.4,0.906228,143.499,337.472,0.821383,88.6374,411.934,0.80543,108.277,462.881,0.822167,239.52,335.563,0.845564,276.74,408.024,0.79643,259.147,474.55,0.856363,194.361,431.505,0.856481,163.018,431.459,0.823071,114.161,480.517,0.80458,145.449,558.9,0.78872,223.86,431.539,0.797993,259.186,484.405,0.716185,243.369,564.754,0.798489,178.869,280.649,0.896989,196.526,278.671,0.867356,163.171,284.592,0.901747,212.093,282.58,0.870466,257.169,598.019,0.791622,270.829,588.334,0.783669,229.728,572.529,0.620201,120.062,594.156,0.707188,114.132,588.196,0.731067,153.362,566.677,0.741303,1
192.425,296.325,0.846429,192.477,345.293,0.844017,141.567,349.169,0.769214,86.7795,415.869,0.817798,110.24,470.669,0.779503,239.546,339.492,0.818583,278.663,415.869,0.793344,259.191,478.504,0.895189,186.592,441.28,0.749483,157.227,435.462,0.717885,108.236,478.483,0.698276,143.475,556.99,0.796316,215.993,443.266,0.743034,257.105,494.225,0.682984,243.457,560.859,0.77413,178.85,288.435,0.934331,198.359,288.381,0.888624,164.98,290.414,0.947063,212.145,288.527,0.939504,257.082,598.012,0.746234,270.828,590.188,0.722235,231.683,570.547,0.551584,122.003,596.11,0.727726,114.133,588.281,0.753773,151.428,562.776,0.773291,1
190.565,304.173,0.897218,192.451,351.084,0.887258,145.431,351.14,0.818812,86.7423,417.785,0.84263,110.199,474.626,0.792069,239.45,349.195,0.804614,276.73,415.927,0.817897,261.073,480.494,0.846558,190.485,445.21,0.782498,159.161,443.279,0.755933,106.32,476.576,0.701613,143.544,556.925,0.818321,219.921,445.29,0.757035,259.117,488.347,0.691841,243.4,562.782,0.782072,178.847,292.406,0.904999,196.522,290.525,0.90136,164.991,294.392,0.882684,212.143,292.479,0.887446,257.104,596.072,0.747919,270.812,588.316,0.733732,229.77,570.616,0.595238,123.95,594.12,0.718626,116.007,588.194,0.748861,153.331,560.828,0.774764,1
192.426,308.054,0.886182,192.494,353.065,0.920595,145.504,351.265,0.855344,86.7939,427.523,0.795782,112.127,476.626,0.82655,239.484,353.07,0.855827,276.804,427.574,0.807904,261.078,488.319,0.830914,192.445,447.147,0.818762,161.124,447.134,0.784885,102.343,464.856,0.663315,145.482,556.938,0.836502,219.955,447.141,0.780721,261.031,486.362,0.679309,243.371,558.885,0.788516,178.86,300.247,0.91065,198.362,298.294,0.860374,165.018,304.057,0.925598,212.127,302.127,0.880896,257.06,592.192,0.749719,268.919,588.217,0.74583,229.757,568.602,0.583798,123.892,594.111,0.704448,116.005,588.176,0.731794,153.314,562.736,0.783098,1
192.432,315.926,0.862905,192.493,355.158,0.87414,145.426,357.038,0.799995,86.7927,427.554,0.744552,112.121,478.6,0.82537,239.525,355.135,0.821784,276.712,429.587,0.842862,261.129,492.275,0.872656,192.423,447.261,0.79848,161.153,447.256,0.77527,100.338,462.852,0.684961,147.356,556.966,0.845852,219.896,447.223,0.767688,259.101,480.546,0.657259,243.477,558.886,0.771425,180.654,304.234,0.945071,198.36,304.183,0.911824,164.997,306.116,0.94289,212.159,306.037,0.943259,257.099,594.141,0.74547,270.844,588.261,0.752024,235.568,568.669,0.559972,123.9,592.145,0.711274,116.059,586.287,0.741615,155.28,564.694,0.762367,1
192.472,319.861,0.920831,192.465,362.918,0.851803,143.518,362.913,0.788361,86.792,433.472,0.835518,114.106,488.312,0.807801,239.498,361.003,0.803237,278.693,431.527,0.832475,261.139,496.188,0.830334,192.505,447.247,0.826115,163.05,447.229,0.811855,108.225,476.613,0.736845,147.349,558.878,0.833823,221.851,447.228,0.772078,259.183,486.362,0.634385,243.452,558.862,0.796271,180.677,308.107,0.91215,198.373,306.22,0.900119,165.024,308.161,0.898849,212.145,308.117,0.899096,259.058,594.134,0.761547,272.779,588.228,0.802648,233.607,568.601,0.604033,121.947,590.252,0.720808,116.047,586.237,0.750039,155.278,566.699,0.761838,1
192.488,323.742,0.893739,194.348,366.836,0.926215,145.445,366.862,0.840302,88.6235,431.586,0.809619,114.064,490.288,0.818601,241.432,366.831,0.860061,278.727,439.34,0.789015,265.019,504.014,0.83002,192.515,456.996,0.7922,163.093,457.006,0.781695,102.376,470.698,0.684384,147.35,558.856,0.831087,219.901,456.961,0.724747,249.296,486.37,0.57571,245.362,558.867,0.751869,180.665,315.915,0.912052,198.423,313.956,0.848658,164.993,317.877,0.910795,212.195,313.95,0.848733,259.108,594.082,0.741885,272.881,588.203,0.787356,235.61,570.566,0.572934,120.076,590.26,0.694795,116.034,586.234,0.72827,155.295,566.692,0.749076,1
192.511,327.687,0.863988,194.334,368.833,0.920447,145.483,368.809,0.853296,88.6256,439.321,0.80581,112.178,492.208,0.838163,241.41,368.863,0.85489,278.718,443.198,0.816386,266.956,507.855,0.853127,192.531,460.953,0.827293,163.135,460.938,0.819858,108.27,476.498,0.738095,145.475,556.996,0.820162,217.97,460.951,0.758275,243.452,478.615,0.758566,247.332,560.832,0.724302,180.717,319.813,0.962286,198.444,319.774,0.888016,165.037,319.868,0.950428,212.177,319.802,0.918196,257.145,592.153,0.799834,272.763,588.226,0.811808,241.399,570.635,0.607031,125.872,590.259,0.703941,116.095,586.264,0.746183,153.344,564.744,0.764662,1
192.454,335.476,0.90626,192.495,370.846,0.872518,145.436,372.733,0.808983,88.6335,443.252,0.821825,112.194,492.298,0.835783,239.501,370.824,0.816158,280.681,445.211,0.843258,266.971,507.982,0.865365,192.527,460.923,0.836572,163.155,460.948,0.835786,108.251,476.641,0.752965,145.473,558.835,0.803043,216.044,460.889,0.758761,245.391,478.493,0.667224,249.285,562.773,0.719586,180.673,321.885,0.930027,198.381,321.835,0.898491,165.021,323.75,0.920046,212.203,321.882,0.910351,257.144,590.231,0.767918,272.795,588.185,0.796064,241.458,572.519,0.623316,123.948,590.196,0.65838,116.081,586.184,0.701807,153.372,566.648,0.712262,1
194.339,337.39,0.947052,190.564,376.663,0.826958,143.533,378.58,0.79105,86.7126,449.106,0.828169,114.087,496.148,0.836205,239.447,374.707,0.791902,280.652,445.228,0.843286,270.783,509.92,0.866588,192.467,462.887,0.828537,163.103,462.906,0.816203,102.334,476.559,0.760344,147.355,556.883,0.816706,215.999,462.859,0.777132,243.504,476.493,0.768181,249.303,564.697,0.736913,180.741,325.724,0.904144,198.44,323.827,0.860258,165.05,327.642,0.888759,212.163,323.801,0.886192,257.086,590.247,0.786806,272.773,588.223,0.792146,241.521,572.497,0.633993,127.807,588.317,0.662897,117.987,584.331,0.694577,157.257,560.834,0.676867,1
192.482,339.433,0.898459,192.512,382.432,0.902959,145.511,382.46,0.841195,86.7151,447.167,0.857882,114.119,500.052,0.802533,239.454,380.579,0.818931,280.68,449.117,0.804391,270.836,511.904,0.857346,192.52,466.784,0.778304,163.165,466.763,0.772479,106.328,476.531,0.748616,147.403,558.814,0.806647,216.044,466.764,0.723499,245.468,474.586,0.676507,253.198,568.609,0.760073,180.681,331.628,0.916154,198.432,331.559,0.858079,165.053,333.527,0.90094,214.01,331.545,0.850447,257.161,592.13,0.774969,272.784,588.225,0.797669,243.478,572.614,0.626286,123.944,590.249,0.667153,116.1,586.23,0.715338,159.205,564.725,0.655511,1
194.335,343.329,0.871329,194.386,382.578,0.933252,147.413,384.406,0.868401,86.7339,447.22,0.844215,115.984,505.917,0.825391,241.382,382.578,0.86379,284.53,447.257,0.829789,272.718,517.701,0.847152,192.423,468.726,0.776352,163.085,466.805,0.790017,104.316,476.634,0.737245,147.358,554.976,0.84125,214.08,468.737,0.744433,245.408,476.57,0.787853,255.202,568.601,0.773698,180.747,335.465,0.960123,200.297,335.424,0.881234,165.108,335.512,0.94519,212.176,335.474,0.922153,257.113,590.247,0.76881,272.753,588.243,0.776078,247.321,572.632,0.577006,123.956,588.346,0.718934,116.089,584.328,0.753365,159.169,558.886,0.676089,1
192.496,349.144,0.880796,194.399,384.49,0.930657,147.38,384.484,0.859815,86.7202,455.002,0.795217,114.139,507.832,0.841689,241.414,384.496,0.859406,284.549,458.901,0.814669,272.708,521.664,0.876182,194.366,470.678,0.793739,163.131,470.711,0.774701,110.191,478.518,0.773711,145.405,556.939,0.795788,219.941,468.735,0.722463,253.239,478.464,0.745418,257.049,568.654,0.792639,180.718,337.411,0.953468,198.411,335.568,0.90215,165.09,337.496,0.941013,212.181,337.389,0.940934,257.138,590.237,0.798871,272.776,588.212,0.796419,245.426,572.648,0.584707,125.863,590.183,0.706052,116.077,586.202,0.768723,153.367,564.701,0.672143,1
192.518,351.176,0.921634,194.369,386.492,0.90685,147.345,386.485,0.828638,86.7829,455.04,0.812004,114.074,507.898,0.85546,241.399,386.453,0.83712,284.537,458.922,0.801919,272.757,523.558,0.907182,194.398,474.6,0.807053,165.04,476.47,0.786811,118.095,476.654,0.871362,141.576,556.978,0.788643,217.986,474.565,0.726346,253.243,474.63,0.695664,257.08,570.623,0.84091,180.74,339.401,0.921683,198.433,337.546,0.877993,165.106,339.405,0.909124,214.018,337.556,0.914233,257.187,590.188,0.790233,272.763,588.177,0.803479,247.385,578.431,0.613833,123.907,588.332,0.723245,116.04,584.355,0.783008,151.361,566.652,0.674643,1
194.354,351.241,0.940832,194.361,388.443,0.885205,147.363,390.374,0.804043,86.7848,458.88,0.775579,114.052,507.891,0.837853,239.494,386.479,0.831818,284.533,460.847,0.82812,272.769,525.493,0.911969,194.417,476.486,0.836598,165.061,476.511,0.801672,116.112,478.512,0.844761,143.547,556.928,0.808155,219.902,476.469,0.745873,255.16,476.631,0.809367,257.077,570.619,0.835317,180.776,341.355,0.898324,198.449,339.448,0.862378,165.142,343.351,0.870502,212.166,339.493,0.889935,257.147,590.213,0.756863,272.76,588.187,0.775728,247.364,578.466,0.611092,125.896,590.183,0.713857,116.084,586.195,0.776214,153.339,562.773,0.674611,1
192.527,353.141,0.93206,194.365,392.321,0.883313,147.393,390.392,0.822898,88.6868,462.899,0.772102,112.193,507.939,0.837759,239.537,392.292,0.805636,286.471,460.884,0.843611,272.817,525.504,0.907986,192.467,476.606,0.831105,163.141,476.612,0.821645,118.128,478.496,0.85306,143.503,556.869,0.806578,214.12,476.623,0.782964,257.094,476.63,0.779589,255.194,570.583,0.802854,180.725,343.375,0.895154,198.432,341.41,0.849599,165.103,343.348,0.866396,212.205,341.356,0.866702,257.085,592.139,0.772431,270.877,588.272,0.791744,245.385,576.458,0.619319,125.909,590.174,0.704622,116.076,586.2,0.766821,153.318,560.844,0.665875,1
192.521,353.22,0.924745,194.402,394.245,0.896435,147.5,392.311,0.832647,88.7074,462.924,0.809956,114.074,509.847,0.838355,239.518,392.342,0.80628,284.584,460.82,0.84547,272.854,525.644,0.877998,192.454,476.602,0.828347,163.168,476.591,0.835203,121.944,478.495,0.839091,141.55,556.893,0.790791,214.088,476.626,0.787859,259.127,476.548,0.804542,255.164,570.626,0.796712,180.712,347.272,0.912707,198.417,345.275,0.857401,165.152,349.152,0.869976,214.022,343.314,0.843701,257.18,592.142,0.768185,272.758,588.281,0.804607,243.444,578.439,0.651051,125.912,590.162,0.705505,116.058,586.201,0.764501,151.423,560.86,0.690542,1
194.39,355.094,0.920399,194.412,396.232,0.914699,147.476,396.215,0.846802,90.6045,462.916,0.789436,114.115,511.799,0.848369,239.511,396.195,0.822595,286.486,462.813,0.861663,272.874,529.437,0.86807,194.366,476.6,0.848669,165.029,476.601,0.827813,120.082,478.466,0.853697,143.502,556.882,0.804823,217.958,476.614,0.773007,257.166,476.499,0.817131,253.257,570.676,0.798561,180.799,349.18,0.917002,200.317,347.261,0.863211,167.012,351.117,0.91007,212.168,349.161,0.875745,259.052,592.134,0.767702,272.776,588.233,0.797361,243.404,578.47,0.678208,125.867,590.176,0.683419,116.052,586.188,0.728993,153.302,562.742,0.721083,1
194.389,355.158,0.902467,194.406,396.235,0.915205,147.464,398.099,0.854922,86.8152,462.917,0.8312,114.132,509.94,0.864177,239.486,394.265,0.811729,286.519,462.782,0.865145,274.745,529.47,0.856091,194.414,476.634,0.85374,165.111,478.451,0.825575,123.949,478.532,0.843201,143.487,556.879,0.797449,217.98,476.638,0.771266,259.024,474.548,0.776708,253.257,568.667,0.768393,180.812,349.201,0.915627,200.365,349.187,0.866484,167.018,351.131,0.908018,212.191,351.11,0.912827,257.134,590.184,0.78958,272.728,586.344,0.791606,243.39,572.615,0.675613,127.843,588.323,0.729548,116.096,586.185,0.771052,153.299,560.834,0.702793,1
194.397,355.137,0.907858,194.506,396.196,0.915742,149.396,396.21,0.851844,88.6922,462.82,0.81859,114.086,509.796,0.849835,239.536,394.297,0.822222,286.479,460.952,0.856657,274.763,527.533,0.883726,194.499,476.564,0.846306,165.152,476.586,0.807069,120.035,478.579,0.836062,143.483,556.838,0.786729,221.892,476.547,0.767359,259.058,476.629,0.7922,257.081,570.509,0.799724,180.817,349.197,0.914549,200.374,349.148,0.856271,167.066,351.118,0.886599,214.056,349.234,0.890124,257.15,588.315,0.796222,272.736,586.326,0.793021,245.437,574.519,0.610906,127.816,588.246,0.708392,116.093,584.292,0.730557,153.329,560.822,0.667892,1
194.413,355.068,0.923695,194.533,396.232,0.925838,149.339,396.225,0.851805,90.6015,462.918,0.800547,114.108,507.971,0.854577,241.433,396.201,0.827445,286.527,462.845,0.857229,274.786,527.547,0.887625,194.423,478.462,0.840971,165.092,476.636,0.802834,121.961,474.602,0.817289,143.481,554.966,0.784185,219.927,478.473,0.7653,257.2,476.473,0.789839,255.223,568.632,0.789907,180.84,347.294,0.897055,200.376,347.241,0.850206,167.108,351.098,0.867923,214.08,349.179,0.871686,257.119,588.337,0.816572,270.888,586.352,0.808991,243.503,572.595,0.647492,127.816,588.185,0.67762,116.097,582.363,0.705184,153.315,560.79,0.694914,1
194.447,353.133,0.945764,194.532,394.314,0.907075,149.327,394.313,0.834081,90.5909,460.926,0.823786,114.138,507.892,0.849894,241.499,394.245,0.827407,288.396,460.922,0.87316,274.787,525.577,0.914736,194.495,476.6,0.83078,165.129,476.59,0.79037,120.055,478.448,0.840724,141.52,556.818,0.775688,221.915,476.612,0.754793,257.209,476.472,0.799958,257.128,568.642,0.808711,182.7,345.29,0.872579,202.283,343.328,0.834227,168.989,349.169,0.84136,214.082,345.282,0.854029,257.126,588.302,0.777931,270.879,586.349,0.775146,247.326,572.628,0.636664,125.863,588.196,0.668941,116.055,582.376,0.694483,151.426,560.824,0.665742,1
194.455,351.25,0.935485,194.547,392.303,0.891411,147.497,392.309,0.819646,90.6232,458.9,0.804077,114.164,505.962,0.842414,241.543,388.439,0.829766,286.546,460.829,0.85239,274.826,523.621,0.923196,196.349,476.516,0.819894,167.043,476.526,0.764864,118.118,476.54,0.820944,145.445,554.947,0.816945,223.815,476.5,0.751848,255.112,472.651,0.794184,257.134,568.646,0.830718,182.732,341.357,0.864749,204.222,339.46,0.846391,168.999,341.409,0.835537,214.103,339.498,0.864043,257.098,588.255,0.806962,270.844,586.297,0.787655,251.261,572.632,0.625618,129.741,586.333,0.71382,116.141,580.419,0.715907,155.275,558.888,0.699989,1
194.465,349.224,0.900762,194.498,384.592,0.928523,147.502,386.449,0.837344,90.6649,455.044,0.7652,116.006,505.899,0.837621,241.373,384.508,0.854689,288.424,458.901,0.851723,274.781,525.503,0.92227,194.533,470.703,0.800631,166.996,470.665,0.748006,116.117,476.616,0.839266,147.354,554.966,0.835336,223.805,470.677,0.729349,255.125,476.534,0.848491,257.04,568.642,0.827153,182.737,337.488,0.906267,204.211,337.442,0.872474,168.993,337.559,0.858505,215.971,337.52,0.899075,257.113,590.163,0.829209,270.867,588.179,0.83767,245.397,572.612,0.697138,129.749,586.19,0.70597,118.045,576.475,0.725682,157.237,558.905,0.701895,1
194.495,341.42,0.896398,196.337,384.456,0.933341,147.481,384.426,0.866891,92.5841,447.243,0.791337,114.122,496.173,0.822032,243.373,384.501,0.8676,288.524,453.028,0.877147,274.8,519.629,0.881749,194.424,470.658,0.77493,165.069,466.816,0.753952,116.08,474.628,0.780222,147.363,554.924,0.82202,219.909,470.692,0.703514,255.109,476.5,0.816553,255.212,564.695,0.794515,182.737,335.447,0.908915,204.231,335.401,0.860532,170.916,335.551,0.857139,214.114,335.527,0.918708,257.045,588.251,0.863661,270.822,586.292,0.849835,245.389,570.594,0.669373,129.746,586.211,0.712381,118.026,576.508,0.727979,157.249,558.868,0.680536,1
194.528,337.435,0.94174,196.403,380.565,0.919381,149.474,380.583,0.822957,88.697,445.238,0.855314,116.046,494.242,0.886562,241.546,380.544,0.841027,288.4,445.279,0.885674,274.839,511.857,0.888908,194.46,462.903,0.844003,165.116,462.887,0.829298,118.055,474.543,0.787243,147.453,554.887,0.83511,221.865,462.907,0.759642,255.129,470.707,0.734985,253.232,560.831,0.766389,184.632,327.69,0.851452,206.187,325.754,0.846783,170.961,331.559,0.822153,216.026,329.631,0.830162,257.062,588.251,0.875506,270.821,586.242,0.839197,243.427,568.657,0.678143,129.769,586.227,0.720933,118.073,576.479,0.717947,159.185,556.982,0.718624,1
194.533,333.549,0.90741,194.496,372.723,0.904456,147.402,372.785,0.813736,90.6313,445.121,0.806799,116.044,492.2,0.85991,241.53,370.766,0.849964,288.408,443.226,0.846558,274.812,507.983,0.92339,194.43,460.947,0.856025,165.005,460.928,0.832785,116.142,468.759,0.741289,147.423,552.968,0.820941,223.774,460.969,0.774948,257.049,466.805,0.761133,251.238,560.786,0.754244,184.657,321.784,0.889483,206.206,321.736,0.881981,172.87,321.888,0.847016,217.97,321.853,0.886267,257.131,588.202,0.891677,270.863,584.346,0.844209,241.467,568.665,0.69449,131.666,586.24,0.755554,118.082,576.514,0.724903,157.245,556.852,0.726042,1
194.518,323.719,0.916736,196.357,368.766,0.930399,147.475,368.766,0.860802,92.5562,437.383,0.768719,116.087,492.162,0.866853,243.433,368.804,0.87076,288.397,437.395,0.835413,274.809,503.984,0.86916,194.412,460.82,0.817418,165.012,460.835,0.791805,104.387,462.932,0.710688,147.391,552.933,0.800787,219.946,460.81,0.73471,255.163,466.792,0.748063,247.385,556.842,0.794937,184.653,317.799,0.853005,206.171,315.912,0.838722,172.922,319.76,0.841072,217.954,319.762,0.896709,257.134,588.232,0.88948,270.873,584.33,0.821505,241.378,560.799,0.664992,129.783,586.26,0.735526,118.04,578.423,0.717526,157.238,556.822,0.720579,1
194.544,319.736,0.912948,196.401,362.959,0.89521,149.366,362.941,0.816497,90.6646,431.446,0.828397,116.102,484.429,0.833582,243.442,362.954,0.830519,288.381,431.517,0.86908,274.801,496.189,0.882802,194.494,451.132,0.812246,165.061,451.141,0.778482,108.237,462.882,0.72335,147.456,550.987,0.799076,223.849,451.082,0.7632,255.195,476.545,0.83098,245.458,554.97,0.78695,184.674,306.19,0.884601,206.238,306.116,0.88981,172.888,308.165,0.818231,219.894,308.085,0.865294,257.164,588.228,0.869803,272.74,584.29,0.798701,239.492,558.889,0.622574,127.853,586.295,0.723015,118.006,578.438,0.704553,161.135,554.91,0.72015,1
196.323,308.063,0.912856,196.344,353.164,0.934562,147.442,353.136,0.860938,94.5456,425.663,0.778304,116.103,478.566,0.885883,243.457,353.193,0.872636,286.552,429.473,0.854423,274.704,492.256,0.89416,194.418,445.277,0.855742,163.154,445.237,0.833075,116.116,470.689,0.733521,147.465,554.846,0.851938,223.806,447.102,0.802007,257.228,476.587,0.743783,247.331,554.955,0.7776,184.66,302.151,0.86217,206.196,300.246,0.845016,172.876,304.127,0.853484,217.97,304.127,0.899214,257.206,588.213,0.871781,272.762,584.283,0.819127,239.492,558.832,0.604007,127.808,586.308,0.73368,117.976,578.458,0.722706,159.175,556.916,0.742269,1
196.345,302.206,0.904716,196.393,349.211,0.909732,149.352,349.163,0.828114,96.4949,419.781,0.769238,116.13,476.602,0.874966,243.425,349.236,0.841166,288.415,421.705,0.837794,274.724,488.289,0.862226,194.382,443.226,0.810753,163.102,439.367,0.789207,118.004,476.619,0.793374,147.473,552.999,0.845569,223.834,445.143,0.792686,259.158,478.588,0.738887,245.447,554.979,0.784024,184.686,290.46,0.891609,208.1,290.418,0.898375,170.962,292.434,0.833562,219.9,292.431,0.855085,259.045,588.174,0.856254,272.78,582.387,0.800929,237.576,558.895,0.590157,127.845,586.207,0.701501,118.038,576.46,0.707493,159.185,556.895,0.74228,1
196.326,290.478,0.929924,194.48,337.565,0.926153,147.463,337.533,0.852937,96.486,413.812,0.793739,116.102,470.672,0.823431,241.475,337.543,0.852962,286.566,413.857,0.870879,274.722,478.485,0.902727,194.384,433.479,0.83222,163.124,431.564,0.833186,118.073,470.679,0.724047,147.436,554.888,0.853853,223.834,435.402,0.761663,257.215,478.513,0.754991,247.321,556.867,0.77264,184.667,282.632,0.841981,206.229,280.684,0.835939,172.883,288.416,0.852022,217.949,288.393,0.874919,259.037,586.359,0.879132,272.767,584.26,0.830555,239.48,564.748,0.625096,125.91,586.219,0.69563,117.997,576.477,0.702685,157.252,558.816,0.741884,1
196.386,284.55,0.884369,196.422,333.554,0.913746,149.425,333.547,0.829721,98.4198,406.042,0.772318,116.168,462.948,0.868546,243.407,333.518,0.836892,288.396,409.919,0.843096,274.746,474.59,0.889755,194.5,429.557,0.845437,163.154,429.471,0.793701,118.034,474.617,0.737064,147.476,554.848,0.826577,225.821,429.623,0.824401,257.113,482.46,0.735939,245.431,556.835,0.767329,186.614,272.865,0.882162,208.136,272.844,0.907238,172.869,274.826,0.848916,221.83,274.822,0.895818,257.164,586.225,0.75955,272.745,580.388,0.734129,239.499,562.798,0.585891,123.952,586.266,0.694112,118.006,576.515,0.686712,161.085,556.919,0.738488,1
196.324,274.695,0.917794,196.325,321.833,0.931277,149.313,321.829,0.854852,100.48,398.193,0.787928,116.17,460.897,0.878689,241.507,321.804,0.866655,288.403,398.26,0.893922,274.74,462.864,0.905085,194.498,423.667,0.81335,165,421.696,0.77817,118.083,466.811,0.732533,147.489,552.949,0.823153,225.806,425.618,0.777876,259.088,476.561,0.747259,249.306,554.988,0.756418,184.662,263.03,0.84759,208.116,261.125,0.859338,172.904,270.797,0.823315,219.926,270.779,0.844585,257.194,586.246,0.786267,272.767,582.316,0.756769,241.395,560.808,0.631997,129.824,582.337,0.661023,119.996,572.635,0.694826,159.189,556.854,0.735131,1
196.375,263.02,0.881555,196.439,315.931,0.889922,149.485,312.036,0.804912,102.403,384.493,0.76202,116.113,449.148,0.877484,243.385,317.827,0.82614,286.504,394.303,0.824424,274.701,456.972,0.868645,194.522,417.805,0.820534,163.178,415.893,0.80008,118.086,470.705,0.763689,149.333,552.967,0.813295,225.853,419.748,0.768613,259.127,476.539,0.704409,247.403,556.886,0.763243,184.688,255.219,0.868106,208.116,255.182,0.877276,170.985,259.024,0.853332,219.929,257.225,0.89971,257.139,586.328,0.83899,272.735,584.273,0.817895,241.405,566.652,0.643464,125.917,584.352,0.664667,118.072,574.558,0.669728,161.155,556.881,0.703465,1
194.489,257.038,0.886113,194.513,306.167,0.930411,147.436,306.204,0.845189,102.328,384.514,0.792242,116.155,447.115,0.917186,241.513,306.086,0.867235,286.469,382.53,0.847227,274.726,449.158,0.890347,196.328,413.875,0.841419,165.026,413.857,0.79627,118.137,468.746,0.785151,149.312,552.968,0.826685,225.838,413.892,0.80614,259.138,476.632,0.712204,251.231,556.87,0.747108,182.76,243.468,0.886647,206.21,243.435,0.884395,170.962,251.241,0.798874,219.936,251.273,0.825212,257.2,588.205,0.793969,272.786,584.346,0.820835,241.394,562.751,0.620339,129.758,582.374,0.665928,120,572.661,0.686148,161.078,556.871,0.70694,1
196.327,243.476,0.911257,196.383,300.277,0.895958,149.402,300.215,0.812918,102.349,372.763,0.781967,116.17,437.377,0.862953,243.362,298.304,0.820883,286.463,380.553,0.831457,272.892,445.149,0.920535,194.506,411.925,0.819904,164.985,411.877,0.777634,118.107,466.782,0.802568,149.353,552.902,0.812601,225.852,413.808,0.795502,263.042,464.878,0.725643,245.46,554.93,0.784447,184.648,233.674,0.839539,208.134,233.666,0.853541,172.911,241.379,0.837029,221.833,241.52,0.902804,257.103,586.313,0.808113,270.864,584.268,0.800135,237.559,560.785,0.634447,129.773,582.326,0.653653,120.04,572.624,0.678321,161.16,556.825,0.692902,1
196.357,235.568,0.859347,196.338,290.442,0.923596,147.445,290.419,0.845527,102.363,370.81,0.813157,118.006,431.502,0.936031,243.4,290.447,0.854091,284.569,368.89,0.834403,272.846,435.441,0.896472,194.499,400.146,0.839202,163.157,400.092,0.805608,120.026,460.803,0.799725,149.362,549.08,0.805818,225.836,400.2,0.791345,261.089,464.854,0.782196,247.349,554.997,0.769774,184.67,225.712,0.871953,208.156,225.734,0.901048,170.923,227.791,0.840654,223.79,227.871,0.885585,257.077,586.28,0.80297,270.848,584.267,0.815131,239.465,562.793,0.615415,131.691,580.427,0.668819,121.941,572.604,0.680199,161.192,554.911,0.709094,1
196.375,225.713,0.893978,194.488,284.58,0.892417,147.438,286.473,0.815017,102.303,364.905,0.869371,118.055,425.597,0.880376,241.518,278.742,0.819068,284.582,361.008,0.802319,272.744,429.587,0.926077,194.456,398.126,0.829203,163.153,398.115,0.792971,123.964,454.984,0.744157,147.449,551.028,0.786492,225.797,398.153,0.793816,261.066,462.799,0.813682,245.362,554.859,0.788736,184.641,212.102,0.882663,208.198,212.072,0.914524,169.011,221.85,0.818344,221.901,223.786,0.844571,257.135,586.287,0.823656,270.867,582.354,0.805397,235.598,560.781,0.633422,127.865,582.353,0.589894,119.972,572.631,0.608862,157.254,556.858,0.680076,1
196.343,212.104,0.906745,196.365,272.83,0.931191,147.445,272.844,0.851933,102.384,353.143,0.83802,118.092,415.91,0.907842,243.429,272.826,0.861312,284.541,353.193,0.824177,270.876,421.688,0.849442,194.514,386.458,0.824225,163.185,386.414,0.805373,131.657,460.913,0.798643,147.46,552.931,0.802681,225.865,386.507,0.780968,259.053,460.912,0.86751,247.378,554.987,0.768956,182.759,202.309,0.846957,208.124,200.36,0.853685,170.936,210.149,0.866385,221.871,210.164,0.900192,257.207,586.322,0.853388,272.758,582.369,0.866522,239.503,562.753,0.675625,131.77,580.422,0.599125,123.924,572.6,0.610592,157.247,555.001,0.665236,1
194.538,202.264,0.853798,194.521,264.962,0.887563,147.433,263.041,0.819037,102.444,349.158,0.808495,120.018,409.987,0.870688,243.374,263.007,0.826939,282.588,345.319,0.782349,270.882,415.79,0.896936,194.429,382.536,0.851824,163.081,382.489,0.82484,129.816,449.145,0.766038,147.47,549.066,0.822627,225.77,382.594,0.808683,257.171,453.066,0.799833,245.442,554.918,0.785468,182.728,192.522,0.877194,208.127,194.346,0.889716,169.016,198.379,0.823095,221.909,200.32,0.848674,257.168,586.343,0.843452,270.871,582.381,0.852255,239.495,560.837,0.681737,129.774,584.335,0.706065,118.09,574.551,0.677351,157.249,554.927,0.758653,1
194.465,194.357,0.867971,196.33,257.131,0.922033,147.443,257.099,0.848556,104.382,335.471,0.779956,120.009,402.169,0.869653,243.398,257.146,0.850985,282.58,337.539,0.8083,268.905,409.944,0.823131,194.37,378.591,0.783093,163.019,376.677,0.757996,131.667,456.939,0.71761,147.482,551.018,0.829007,225.749,380.508,0.760276,257.088,458.909,0.77334,245.425,555.001,0.770289,182.692,180.765,0.889404,208.107,180.776,0.885722,167.078,190.56,0.815081,221.895,194.44,0.893563,257.201,588.196,0.824604,272.741,584.288,0.849119,239.488,566.699,0.664854,127.862,584.294,0.704382,118.079,574.486,0.700723,159.155,554.986,0.745612,1
194.513,180.771,0.90461,194.527,243.541,0.914004,147.427,243.476,0.844373,104.342,325.746,0.77246,120.034,398.124,0.895808,243.373,243.524,0.848278,278.706,331.577,0.776739,263.067,402.085,0.830113,194.448,368.804,0.836407,163.09,368.798,0.811154,133.727,462.889,0.782866,147.524,551.029,0.832848,225.789,368.827,0.795049,251.295,447.238,0.763476,243.521,554.929,0.800496,182.7,172.897,0.859895,206.241,170.95,0.842361,170.934,180.695,0.855393,219.931,180.749,0.874974,257.193,586.309,0.840345,270.871,582.334,0.824985,237.561,564.759,0.697129,129.809,582.326,0.68358,120.026,572.583,0.681273,159.146,556.829,0.739108,1
194.514,172.926,0.867389,194.506,241.487,0.914197,147.367,241.421,0.832451,110.204,319.757,0.775701,120.019,388.385,0.851578,243.439,241.501,0.848218,276.796,321.891,0.825096,263.062,394.277,0.822114,194.381,366.849,0.815539,161.153,366.82,0.779671,133.766,464.797,0.797786,149.325,550.996,0.82407,225.8,366.909,0.787473,253.191,449.13,0.741124,243.501,554.94,0.80986,182.684,163.083,0.903435,208.093,163.09,0.899815,168.958,170.937,0.802375,221.831,170.97,0.824714,257.153,586.177,0.853151,270.839,578.441,0.825404,237.541,566.688,0.711022,133.655,574.568,0.664719,125.847,570.576,0.648061,159.148,554.965,0.738018,1
194.472,164.998,0.906712,194.501,229.723,0.909718,147.33,229.691,0.821565,108.254,311.975,0.74051,121.949,382.519,0.868683,243.445,227.856,0.847216,278.673,319.798,0.830246,261.105,386.496,0.846496,194.385,360.993,0.771102,163.016,359.039,0.737232,133.818,460.91,0.799859,149.32,547.133,0.813667,225.793,362.963,0.743913,247.368,443.257,0.719688,243.461,552.985,0.794038,180.847,153.339,0.873924,206.21,151.401,0.85246,168.973,163.138,0.869158,221.852,163.136,0.880746,257.177,586.191,0.832095,270.87,578.428,0.80331,237.545,564.701,0.700955,133.654,576.46,0.653811,125.865,570.613,0.646573,157.271,554.899,0.717508,1
194.489,155.239,0.857163,196.334,225.794,0.915434,147.369,225.764,0.835292,108.242,304.144,0.770184,122.01,376.633,0.81604,243.499,225.799,0.842928,276.773,308.048,0.819903,261.037,382.561,0.893011,194.431,357.081,0.772691,163.054,357.052,0.738609,135.666,460.855,0.784622,147.504,547.117,0.797079,225.819,358.997,0.741014,245.468,451.079,0.758044,243.495,553.002,0.795094,180.85,147.328,0.907999,206.219,145.496,0.874927,167.092,153.277,0.828503,221.848,153.316,0.84893,257.181,586.244,0.843158,270.852,580.386,0.803559,239.454,562.756,0.704367,131.811,576.493,0.668766,123.914,570.638,0.658767,157.217,554.864,0.714381,1
194.496,147.515,0.919546,194.544,214.098,0.901344,147.393,214.068,0.830949,114.057,300.206,0.748544,123.955,372.739,0.808557,243.481,214.035,0.850282,276.707,302.178,0.807307,259.112,374.689,0.855055,194.481,353.156,0.799627,163.031,353.142,0.754191,137.678,460.823,0.767516,147.512,545.18,0.787116,225.885,353.196,0.757465,249.279,449.141,0.749647,243.508,553.009,0.790344,182.666,137.635,0.882578,206.234,135.692,0.873799,168.978,147.516,0.87763,221.863,147.521,0.887971,257.209,586.298,0.850616,272.726,580.417,0.816061,237.576,562.767,0.702519,129.83,580.43,0.662932,120.015,572.559,0.669513,155.31,554.866,0.664942,1
194.486,143.511,0.877962,194.528,212.005,0.91997,147.359,210.202,0.85204,114.115,294.37,0.777951,127.84,368.791,0.869614,243.476,210.207,0.858895,274.832,292.473,0.787634,259.082,370.757,0.882664,194.458,351.205,0.806955,163.087,351.19,0.758,137.685,460.837,0.77932,147.484,549.069,0.787012,225.808,351.248,0.763805,243.486,445.197,0.689525,243.41,551.003,0.779192,180.841,131.844,0.933688,206.239,131.814,0.904617,167.087,143.475,0.822695,221.872,143.518,0.84599,259.042,586.295,0.806016,272.721,580.393,0.77616,235.603,558.898,0.658798,127.843,584.274,0.671058,118.093,572.639,0.682002,155.311,554.999,0.697275,1
194.533,133.805,0.908325,194.542,210.05,0.907848,147.351,210.053,0.819498,116.015,290.419,0.826928,129.765,366.827,0.879176,243.531,208.154,0.815503,274.869,288.528,0.824701,259.032,366.784,0.877644,194.426,349.256,0.788689,161.126,349.253,0.722115,143.48,458.93,0.782355,149.355,547.074,0.802908,227.683,351.153,0.762702,243.456,443.28,0.709795,241.539,550.973,0.779333,180.859,127.8,0.882337,208.128,125.844,0.861502,169.001,133.804,0.85082,223.806,133.791,0.904143,257.159,586.316,0.827981,268.922,580.386,0.773194,231.69,556.924,0.630222,129.784,580.391,0.651764,119.999,572.532,0.664903,159.159,554.898,0.679868,1
194.506,131.659,0.89277,194.526,200.334,0.88682,147.337,198.41,0.815991,116.014,286.524,0.813356,131.726,364.826,0.873624,245.367,198.437,0.8071,274.822,288.409,0.83595,257.213,362.92,0.861996,192.498,347.234,0.73641,159.144,347.242,0.683395,145.398,456.994,0.758357,149.346,545.185,0.802565,225.802,347.284,0.721142,243.453,443.225,0.6119,241.491,545.173,0.756342,180.849,118.105,0.909302,208.1,118.012,0.904409,167.066,131.729,0.875589,223.799,129.818,0.876363,257.198,588.224,0.794457,270.821,582.383,0.75406,229.746,556.846,0.616262,127.863,584.259,0.659492,118.109,572.613,0.671143,157.25,554.904,0.671237,1
194.532,120.051,0.895374,196.325,196.383,0.910474,145.485,196.366,0.829335,116.124,282.583,0.825181,131.73,357.075,0.874239,245.376,196.386,0.839707,274.77,280.638,0.814217,255.204,359.04,0.833514,194.352,343.368,0.738017,159.163,341.421,0.68128,147.331,451.083,0.749703,149.369,547.115,0.795118,225.86,345.334,0.718499,241.425,447.199,0.743336,241.501,552.91,0.769771,180.854,114.124,0.906776,208.122,112.194,0.866274,167.106,121.944,0.831888,223.806,120.039,0.886135,259.038,588.266,0.778648,270.84,584.274,0.770066,229.774,558.858,0.655011,131.701,582.347,0.644606,121.944,572.584,0.659912,159.176,554.92,0.681287,1
194.493,118.011,0.930009,196.34,194.38,0.907526,145.438,192.525,0.800286,117.966,276.795,0.838064,131.791,353.241,0.912732,247.359,194.375,0.807184,274.693,274.831,0.864673,255.136,353.236,0.863524,192.479,339.404,0.747803,157.203,337.508,0.709691,147.408,451.081,0.750268,147.523,549.021,0.808976,225.834,339.476,0.721927,239.452,447.181,0.746061,241.507,552.92,0.782577,180.81,108.279,0.889992,206.217,104.382,0.864751,168.98,118.059,0.883303,223.811,117.979,0.925605,257.216,588.278,0.777129,270.859,584.293,0.776359,231.695,558.858,0.633579,131.743,582.349,0.655172,121.984,572.593,0.658177,153.367,554.963,0.695915,1
194.53,116.018,0.912719,196.36,188.606,0.874449,145.476,186.645,0.793513,118.083,276.724,0.833101,133.681,351.265,0.909106,247.36,188.595,0.775828,272.849,274.861,0.856255,253.177,353.109,0.849419,194.407,337.499,0.77716,161.078,337.471,0.712341,147.485,449.193,0.786924,147.482,547.078,0.802891,225.876,339.408,0.751561,239.478,445.256,0.74349,243.355,552.958,0.768172,182.672,102.453,0.906339,208.155,102.351,0.912541,168.957,116.089,0.884254,225.715,115.995,0.925372,257.171,588.234,0.763939,270.855,584.256,0.747889,235.606,560.786,0.620837,129.821,582.374,0.661592,119.977,572.605,0.658951,153.348,554.959,0.729392,1
196.387,112.168,0.888209,196.387,182.766,0.889199,147.356,182.738,0.816646,120.012,274.723,0.803291,135.646,351.209,0.899091,247.363,182.745,0.79897,272.805,274.761,0.872942,253.196,351.161,0.844844,194.51,337.435,0.781856,163.036,337.413,0.720251,149.401,447.209,0.816394,149.337,543.224,0.823047,227.725,337.491,0.755918,237.551,447.161,0.777196,243.378,552.977,0.783968,182.746,100.488,0.915953,210.015,100.389,0.927984,169.004,114.123,0.854176,225.733,108.24,0.885185,259.109,590.186,0.762758,272.739,586.191,0.784734,237.528,558.896,0.655259,133.755,574.533,0.618784,125.864,570.52,0.601566,157.197,552.977,0.699349,1
196.36,106.28,0.883485,196.447,180.806,0.899152,147.354,180.798,0.82626,121.99,272.861,0.803637,137.608,351.189,0.875851,251.257,180.806,0.800732,272.702,274.731,0.840727,249.286,351.104,0.836226,194.452,335.576,0.785736,161.151,335.51,0.713583,151.321,445.21,0.767654,149.32,543.226,0.776824,225.876,337.498,0.753698,231.688,447.163,0.78177,243.485,552.989,0.77456,182.713,98.4745,0.890009,208.202,96.5267,0.881021,170.926,106.264,0.828323,225.747,104.341,0.910184,259.059,588.168,0.813185,272.725,582.33,0.786098,239.49,560.821,0.673225,129.808,584.266,0.647072,118.073,574.501,0.624327,157.267,552.999,0.661437,1
196.422,102.396,0.91725,196.444,178.828,0.899032,145.499,178.848,0.826403,123.942,270.824,0.773563,137.621,349.226,0.851187,251.238,178.803,0.812766,270.862,272.874,0.841314,245.46,351.081,0.856714,194.533,337.418,0.784833,163.072,335.562,0.726887,151.343,445.279,0.747048,147.497,547.094,0.777664,227.709,337.471,0.757417,229.71,447.144,0.811586,243.525,552.964,0.776157,184.642,94.5385,0.845485,210.039,92.5682,0.890831,170.932,102.471,0.853454,225.759,102.461,0.909524,259.06,588.246,0.825458,272.719,584.262,0.812888,241.42,558.92,0.712107,129.785,582.337,0.648345,118.101,572.593,0.65414,157.201,554.989,0.676581,1
196.379,102.319,0.936192,196.44,178.753,0.905238,145.489,178.821,0.829374,127.863,270.84,0.792166,137.677,349.171,0.833524,249.324,178.695,0.80457,270.848,270.839,0.795646,245.355,349.19,0.855781,194.525,335.525,0.789171,163.089,335.498,0.728349,151.414,443.274,0.725347,149.326,545.136,0.798634,225.875,337.412,0.763882,227.819,447.15,0.835726,243.526,554.858,0.780278,182.693,92.5693,0.879475,208.182,88.668,0.903521,169.012,102.423,0.87334,225.73,100.476,0.936158,257.162,586.339,0.821399,270.859,580.432,0.789904,241.411,562.745,0.676464,131.696,576.535,0.664267,120.039,570.65,0.641473,155.297,554.961,0.712147,1
196.361,102.336,0.934862,196.429,178.725,0.904968,145.511,178.781,0.826695,127.804,266.974,0.763069,141.532,349.232,0.844425,249.306,176.858,0.798264,270.822,261.045,0.797992,243.517,341.399,0.847155,194.422,335.482,0.772858,161.18,335.45,0.715163,151.42,441.316,0.705365,149.352,545.182,0.805383,225.798,335.567,0.744657,227.705,445.263,0.846574,243.455,550.984,0.766526,182.68,92.5623,0.879995,208.151,88.6723,0.891195,168.978,102.351,0.880866,223.867,100.404,0.900111,257.178,586.294,0.800128,270.817,580.379,0.762819,239.544,558.881,0.641917,129.832,574.603,0.621247,120.057,570.582,0.610951,157.228,556.826,0.7136,1
196.354,102.356,0.937867,196.459,178.741,0.902371,147.359,178.789,0.835879,129.735,268.884,0.772264,141.586,351.089,0.84488,249.337,178.691,0.802189,268.893,264.983,0.739665,243.46,343.314,0.840788,194.475,335.512,0.781122,163.096,335.484,0.74095,155.295,445.212,0.76563,149.343,545.145,0.805312,225.799,335.569,0.742599,225.877,445.235,0.855402,243.41,549.08,0.779254,182.674,92.5838,0.881076,208.156,88.6886,0.887814,168.994,102.339,0.877378,225.69,100.405,0.909507,257.157,588.166,0.812455,270.821,582.328,0.776915,239.485,556.978,0.615598,131.791,574.529,0.629845,123.896,570.514,0.612085,157.223,554.94,0.69088,1
196.346,102.361,0.937858,196.442,178.755,0.906092,147.345,178.799,0.833681,129.811,270.85,0.806787,145.391,351.101,0.868756,249.338,178.709,0.804764,264.999,268.915,0.736472,243.449,345.314,0.848996,194.425,335.559,0.762329,163.077,335.532,0.731944,153.278,445.277,0.751374,149.389,543.187,0.808587,225.741,337.448,0.728153,225.855,445.235,0.873718,243.449,552.925,0.777503,182.673,92.5863,0.882716,208.151,88.6934,0.889284,168.999,102.336,0.874798,225.683,100.415,0.910669,257.149,586.354,0.802809,270.822,582.324,0.772808,239.545,558.904,0.616275,131.772,572.615,0.58815,121.996,568.584,0.557089,159.191,554.856,0.680241,1
196.343,102.361,0.937857,196.445,178.734,0.906114,147.348,178.772,0.832837,129.77,268.909,0.785608,143.511,349.254,0.854382,249.327,178.682,0.804501,265,266.972,0.746702,243.426,343.377,0.841738,194.506,337.502,0.766953,163.129,337.496,0.731292,151.418,447.166,0.762953,149.356,543.215,0.785713,225.84,337.534,0.739863,227.683,447.13,0.838429,243.394,550.996,0.784251,182.672,92.5859,0.882292,208.146,88.694,0.888316,169.011,102.341,0.873051,223.875,100.416,0.912023,257.209,588.163,0.811205,270.836,580.428,0.777665,239.476,556.971,0.631167,120.059,582.366,0.614434,116.045,572.544,0.642746,159.196,554.884,0.644466,1
196.329,102.382,0.9353,196.418,178.758,0.908594,145.494,178.822,0.82908,129.792,270.871,0.786793,145.398,351.194,0.873961,249.321,178.706,0.807347,264.963,270.824,0.756357,243.438,347.26,0.859721,194.476,339.399,0.751856,163.126,337.529,0.721046,153.325,449.14,0.741438,147.442,547.113,0.770977,225.812,339.428,0.728723,227.671,447.251,0.825944,243.376,552.93,0.794238,180.845,92.6046,0.889814,208.128,88.7122,0.881612,168.965,102.386,0.876649,223.857,100.441,0.912938,259.057,586.308,0.825776,270.827,578.467,0.793448,237.58,558.878,0.633135,125.867,582.387,0.632163,116.121,572.603,0.671988,153.345,556.872,0.664254,1
194.51,102.454,0.924218,196.377,178.806,0.909233,145.473,178.841,0.825652,129.803,272.793,0.80594,145.403,351.264,0.887853,247.373,178.758,0.813481,262.993,272.731,0.761952,243.4,349.257,0.881139,194.469,341.38,0.724402,163.123,339.475,0.700574,155.239,447.247,0.741138,147.502,543.24,0.806833,225.807,341.407,0.7092,227.728,451.093,0.79169,243.414,552.981,0.794235,180.797,94.5605,0.900298,206.223,90.6082,0.857058,167.05,102.439,0.882404,223.807,100.452,0.896048,257.195,586.286,0.818339,270.821,580.366,0.781927,239.448,560.837,0.637397,129.777,576.534,0.661244,118.059,570.641,0.672546,155.278,554.92,0.690054,1
