212.033,178.757,0.949808,214.113,237.578,0.849024,169.034,237.547,0.801371,161.143,319.864,0.841727,168.985,392.341,0.822761,261.036,235.625,0.828653,274.745,317.908,0.793874,261.05,386.502,0.823543,214.042,382.524,0.751293,188.543,382.54,0.689694,190.559,478.624,0.777581,182.734,580.377,0.69598,241.561,382.501,0.763714,241.422,480.519,0.838532,239.481,576.514,0.759899,202.264,166.995,0.879631,223.858,165.163,0.915439,194.391,176.809,0.75561,239.496,176.779,0.884387,241.501,617.647,0.758003,255.196,609.782,0.724686,227.815,586.238,0.660143,184.685,621.518,0.577516,176.84,617.66,0.564084,192.448,586.312,0.618341,0
212.024,178.718,0.942561,214.123,237.541,0.842692,170.917,237.507,0.7953,161.143,319.8,0.839882,167.108,390.347,0.825277,261.047,235.582,0.831082,274.733,319.768,0.809751,259.199,386.451,0.846147,214.02,382.556,0.759835,186.642,382.552,0.697813,190.524,480.458,0.774103,184.633,580.391,0.700678,241.54,382.539,0.76596,241.44,482.435,0.832693,239.511,574.588,0.76582,202.262,165.156,0.888169,223.858,165.13,0.924221,194.368,176.778,0.75682,239.485,176.751,0.874489,241.548,617.618,0.767144,257.087,607.863,0.742039,227.829,584.339,0.653955,186.622,619.657,0.653645,178.711,617.629,0.636801,192.517,586.301,0.643851,0
212.01,178.682,0.93468,214.089,235.606,0.84524,170.917,235.613,0.792647,161.138,319.774,0.831958,167.092,388.425,0.828305,259.198,233.613,0.839392,274.718,317.851,0.793152,259.215,386.444,0.841911,212.192,382.572,0.763056,186.62,382.567,0.700642,190.542,478.616,0.777772,184.685,580.375,0.697896,241.52,382.564,0.765143,241.438,482.455,0.827661,239.547,576.485,0.767278,200.378,165.125,0.896059,223.841,165.106,0.924965,194.347,174.888,0.727411,239.456,174.867,0.862225,241.539,617.604,0.772158,257.083,607.849,0.751719,229.707,586.223,0.6574,186.619,619.663,0.668121,178.695,617.633,0.651224,194.402,586.265,0.643063,0
212.012,178.691,0.935249,214.069,235.564,0.848122,170.92,235.577,0.790733,161.152,317.908,0.828673,168.975,388.378,0.829524,259.173,231.703,0.849024,274.712,315.935,0.785261,261.033,384.552,0.846564,212.197,382.545,0.759253,186.622,382.54,0.69965,190.486,478.588,0.768569,184.629,580.42,0.702917,241.53,382.535,0.763761,241.427,482.442,0.82117,241.369,576.497,0.771589,202.256,165.131,0.891079,223.834,165.11,0.919396,194.353,174.832,0.735119,239.44,174.827,0.849255,243.363,617.614,0.775444,257.095,607.853,0.74484,229.739,586.238,0.660667,186.586,619.672,0.661269,178.694,617.663,0.64243,194.383,586.321,0.640985,0
212.026,178.707,0.93561,214.057,235.556,0.851143,170.918,235.588,0.792073,161.156,317.88,0.824531,168.987,386.518,0.830957,259.157,231.686,0.853028,272.902,313.952,0.768751,261.054,384.449,0.836374,214.006,382.482,0.76045,186.627,382.493,0.698927,190.505,480.481,0.767837,186.621,582.369,0.722239,241.542,382.462,0.767411,241.427,480.556,0.826449,239.519,576.484,0.77004,202.261,165.154,0.88606,223.838,165.116,0.916698,194.346,174.893,0.75618,239.446,174.819,0.845122,243.374,617.631,0.780724,257.088,607.867,0.739324,229.708,586.195,0.652592,186.589,619.632,0.681736,176.832,617.6,0.655242,194.444,586.33,0.688908,0
212.011,178.693,0.92787,214.07,235.582,0.845009,170.916,235.594,0.789728,161.161,319.767,0.835889,169.001,388.412,0.82276,259.178,231.721,0.842069,274.713,315.886,0.779413,261.059,384.447,0.833337,214.057,382.554,0.759195,188.57,382.568,0.700614,188.573,480.557,0.751613,182.679,584.335,0.767447,243.348,382.534,0.772882,241.44,482.476,0.819662,241.384,576.525,0.769236,200.371,165.142,0.889766,223.833,165.103,0.916976,192.523,176.776,0.780063,239.444,174.838,0.851862,241.506,617.638,0.80039,257.046,609.798,0.738534,231.685,586.238,0.604355,184.689,619.551,0.697404,176.797,617.551,0.670363,190.53,588.286,0.668386,0
212.011,178.675,0.926052,214.053,233.653,0.84876,169.028,235.569,0.789947,161.145,317.868,0.824206,169.008,388.412,0.821687,259.167,231.674,0.850289,274.708,310.081,0.769694,261.111,384.422,0.81145,214.057,382.476,0.738762,188.549,382.502,0.690538,188.578,482.451,0.737893,182.761,584.339,0.747502,243.352,380.595,0.752795,241.484,482.427,0.819162,241.419,574.532,0.787676,200.371,165.11,0.894706,223.842,165.096,0.919085,192.518,174.862,0.72383,239.467,174.837,0.848787,243.399,617.625,0.730969,257.102,607.846,0.701127,231.667,584.267,0.601827,184.67,619.554,0.727699,176.754,617.55,0.680843,192.506,588.294,0.674588,0
212.006,178.674,0.918124,214.04,233.664,0.848877,169.022,235.579,0.792367,161.1,319.746,0.819865,169.017,388.417,0.818312,259.139,231.679,0.849279,274.751,313.933,0.765607,261.052,384.571,0.82235,214.106,382.487,0.717628,190.49,382.522,0.67352,192.509,484.375,0.769003,186.616,582.325,0.675742,243.378,380.583,0.741896,241.496,484.419,0.803127,241.425,576.476,0.759823,200.354,165.121,0.893656,223.825,165.091,0.914551,192.459,174.887,0.790699,237.571,174.83,0.832392,241.523,617.591,0.729682,255.198,607.874,0.693963,233.655,584.345,0.566536,186.649,617.592,0.627887,176.808,613.67,0.5729,194.387,586.322,0.632666,0
210.172,178.692,0.913911,214.036,233.631,0.849142,169.014,235.556,0.787685,161.134,317.912,0.823849,170.938,390.348,0.806883,259.141,231.658,0.848957,274.787,313.934,0.772576,261.106,384.504,0.825521,214.031,382.462,0.717269,186.637,382.498,0.668883,192.495,480.54,0.76736,184.699,580.381,0.607784,241.544,380.556,0.731297,241.453,482.485,0.792662,241.387,574.534,0.734121,198.444,165.13,0.899049,223.783,165.091,0.897999,192.423,176.751,0.738816,237.581,174.845,0.83917,241.455,615.597,0.682153,255.181,605.842,0.690498,233.639,582.383,0.525855,188.559,617.569,0.536786,178.707,613.684,0.485974,194.376,588.226,0.525151,0
210.12,176.857,0.912219,214.017,233.645,0.850122,168.982,235.58,0.793539,161.163,319.758,0.841594,170.948,388.436,0.812543,259.134,229.798,0.850685,274.766,308.137,0.770193,261.1,384.443,0.816898,214.061,384.489,0.729207,188.61,384.519,0.667879,192.526,482.45,0.757838,186.652,580.376,0.622119,241.54,384.447,0.744565,241.405,484.433,0.769611,239.541,572.628,0.718719,198.381,165.096,0.922037,221.858,165.064,0.888568,190.518,172.939,0.663694,237.502,170.972,0.8129,241.457,611.75,0.626581,253.237,603.936,0.644881,235.6,582.377,0.506513,186.594,617.589,0.52868,178.702,613.672,0.467446,194.442,588.201,0.569454,0
210.07,176.825,0.903584,212.193,231.667,0.866374,168.958,233.664,0.792256,161.154,319.774,0.835568,170.976,388.436,0.816446,259.137,227.862,0.877691,274.802,308.081,0.792823,263.04,382.463,0.79878,214.076,382.585,0.740352,190.513,384.462,0.684105,192.441,480.475,0.748087,182.751,572.528,0.616025,243.345,382.55,0.757992,241.483,480.508,0.815231,241.382,564.725,0.677722,198.334,165.089,0.930308,219.897,165.055,0.882039,188.561,172.935,0.691625,233.634,169.022,0.812821,237.573,578.469,0.266561,0,0,0,237.518,572.542,0.47563,186.588,613.722,0.368839,176.818,607.807,0.342864,190.535,582.332,0.459727,0
208.197,176.834,0.895681,212.135,229.774,0.890874,167.054,233.638,0.808003,161.153,319.798,0.832937,170.971,386.521,0.823259,259.069,227.808,0.885755,274.803,308.09,0.79691,263.07,382.586,0.807564,215.979,382.539,0.722451,190.542,382.576,0.677305,192.484,480.514,0.747083,184.662,572.567,0.548177,243.413,382.496,0.738024,241.505,482.426,0.805607,241.475,570.655,0.671552,196.456,165.095,0.943133,217.938,165.042,0.886238,186.621,174.842,0.660628,233.605,170.918,0.81674,241.498,611.747,0.463651,255.219,603.924,0.505673,239.474,578.468,0.439206,186.636,599.994,0.28721,176.842,596.083,0.279232,192.441,584.32,0.38386,0
208.097,176.8,0.881951,212.119,229.765,0.893766,167.028,235.586,0.812282,161.177,319.814,0.855681,172.914,388.426,0.817425,259.077,227.764,0.900395,274.827,306.203,0.811977,264.994,380.556,0.795309,216.044,382.546,0.714356,192.47,384.443,0.690103,194.377,482.466,0.721482,192.505,572.568,0.485729,243.442,382.499,0.731254,241.539,480.523,0.791269,241.538,572.591,0.636292,196.382,165.072,0.958304,214.108,165.022,0.904318,186.616,172.91,0.586909,229.804,169.003,0.840272,241.501,609.77,0.444567,257.069,603.883,0.507535,239.544,584.281,0.409864,192.518,609.78,0.204606,180.668,592.17,0.209727,196.405,582.368,0.307399,0
206.188,176.848,0.880101,212.091,229.791,0.898504,165.108,237.502,0.822837,161.136,319.75,0.828983,174.826,388.407,0.82031,259.074,227.783,0.891044,274.856,308.075,0.792327,265.021,382.495,0.812759,217.95,380.582,0.713395,192.448,382.498,0.69207,192.509,484.439,0.717904,188.602,582.35,0.513164,243.503,380.529,0.731045,243.366,484.43,0.778508,241.544,580.413,0.642851,194.514,165.103,0.94933,214.06,165.037,0.910308,182.696,174.844,0.701523,229.733,170.92,0.839399,243.412,609.787,0.514283,257.134,603.938,0.584844,241.389,588.231,0.427765,190.501,613.721,0.363143,178.799,607.823,0.350449,194.438,588.296,0.390022,0
204.21,178.68,0.878816,212.033,231.7,0.90169,165.032,239.454,0.850635,159.209,321.728,0.816886,174.888,390.399,0.815253,257.212,227.812,0.884116,274.8,310.023,0.781017,263.053,382.481,0.823409,219.93,384.466,0.710209,194.357,384.528,0.705737,194.425,488.341,0.754446,192.463,584.348,0.574942,245.362,382.559,0.713017,243.425,490.22,0.776254,243.373,584.288,0.679222,194.442,165.14,0.946319,212.148,165.065,0.944101,180.806,176.796,0.81918,227.825,172.871,0.869398,243.442,611.751,0.562007,257.14,603.989,0.619478,241.387,588.314,0.466401,190.543,615.67,0.480355,180.676,609.806,0.435126,196.359,592.136,0.4425,0
200.36,178.782,0.907523,210.202,231.723,0.900726,165.009,239.532,0.861835,159.17,321.793,0.792411,176.804,392.351,0.834044,257.133,227.79,0.88163,274.841,308.079,0.799422,264.995,382.449,0.81944,217.983,382.579,0.717636,192.475,384.485,0.699755,194.446,488.31,0.722812,194.399,586.236,0.608093,243.534,382.523,0.726315,243.476,488.316,0.774268,243.41,582.371,0.704258,194.364,167.064,0.895624,212.052,165.158,0.938122,180.756,176.805,0.78793,227.684,172.909,0.875589,243.448,613.684,0.61243,257.156,605.869,0.670609,241.39,588.253,0.517237,190.515,615.699,0.513813,178.847,609.794,0.475598,196.481,592.149,0.451357,0
198.361,180.674,0.9232,210.149,235.573,0.898499,163.166,241.418,0.862976,157.262,321.767,0.790756,176.741,394.272,0.814893,257.074,227.831,0.860801,274.837,308.102,0.784428,264.996,380.602,0.804601,219.899,384.536,0.701611,192.526,386.451,0.691335,194.429,488.337,0.752012,192.443,584.325,0.614142,245.355,384.478,0.71554,243.492,488.349,0.761886,243.4,578.47,0.696544,190.557,170.951,0.838951,210.122,167.052,0.930208,180.658,178.827,0.748547,225.816,174.878,0.89677,243.477,609.785,0.601686,257.177,603.911,0.669378,239.516,586.345,0.504505,190.536,615.636,0.519469,178.811,607.864,0.479711,196.361,590.204,0.48821,0
196.452,184.635,0.886917,210.08,241.366,0.916575,163.128,243.397,0.876156,155.263,323.789,0.760522,176.742,398.095,0.844305,255.181,231.716,0.810289,274.846,312.037,0.762888,264.957,382.475,0.830432,221.836,388.38,0.702766,194.364,388.444,0.694362,194.354,492.19,0.768884,188.583,586.319,0.662623,245.436,386.468,0.703944,243.482,492.18,0.787057,241.548,582.354,0.737434,186.636,176.824,0.856801,210.038,174.859,0.893683,178.727,180.772,0.747831,225.73,178.735,0.919183,243.458,615.604,0.689907,257.206,605.904,0.710691,237.552,588.205,0.551812,190.502,617.579,0.653544,178.734,613.667,0.592647,194.456,592.13,0.565573,0
196.389,192.438,0.904991,208.19,241.532,0.919452,163.026,245.434,0.835657,157.222,329.655,0.751865,176.845,398.189,0.877795,253.237,239.446,0.796711,274.843,315.876,0.769361,265.012,384.537,0.829812,219.901,390.375,0.696586,192.516,392.329,0.692957,194.364,492.247,0.800606,188.554,588.212,0.663835,245.402,390.341,0.705202,243.45,494.139,0.821408,243.465,586.312,0.759138,184.692,180.723,0.892428,208.109,178.785,0.909032,176.816,184.654,0.748572,223.796,178.853,0.90634,243.471,615.642,0.688706,257.212,607.862,0.701301,241.483,592.156,0.568862,190.545,617.643,0.64768,178.786,615.639,0.597887,194.378,594.107,0.545115,0
194.488,196.425,0.937299,206.234,245.376,0.870998,161.125,255.158,0.817108,157.204,335.53,0.789139,178.722,400.248,0.892613,251.256,241.474,0.838308,274.8,317.899,0.801291,268.864,384.461,0.845476,219.91,392.352,0.696821,192.527,394.301,0.691949,194.343,494.179,0.771225,184.696,592.153,0.666995,245.385,392.303,0.707502,243.511,494.201,0.801276,243.416,588.224,0.764154,182.666,188.556,0.8684,204.272,182.769,0.841445,176.759,194.447,0.633044,221.876,184.708,0.83273,243.483,615.683,0.695437,257.183,609.804,0.696369,239.533,594.152,0.536036,190.547,617.7,0.695704,178.786,617.563,0.646984,192.463,600.002,0.562431,0
194.42,204.215,0.88687,206.181,255.134,0.84858,161.079,259.119,0.831837,153.361,339.44,0.764036,178.737,404.078,0.850192,249.311,243.527,0.821789,274.82,321.722,0.817635,268.874,386.472,0.817219,221.866,396.191,0.709661,194.432,398.137,0.728236,194.334,494.223,0.754665,186.625,592.189,0.661805,245.404,394.243,0.708913,245.401,494.167,0.779601,243.466,586.318,0.763634,180.798,194.51,0.940624,200.347,194.338,0.882014,172.921,198.351,0.563488,216.018,194.365,0.879781,243.485,615.629,0.688911,257.211,607.849,0.70534,241.437,592.153,0.553125,188.608,617.675,0.672326,178.735,615.698,0.633382,194.373,600.022,0.566849,0
192.52,212.021,0.924712,204.21,257.215,0.885186,161.084,263.019,0.808251,153.286,341.394,0.764775,178.702,409.917,0.835168,245.462,251.291,0.800217,274.769,321.774,0.849358,270.886,386.48,0.84282,221.837,396.199,0.710962,194.4,398.168,0.734595,192.496,494.159,0.738565,184.686,592.143,0.683792,245.41,392.347,0.714965,245.448,492.205,0.75042,243.48,586.256,0.753195,180.736,204.212,0.887119,198.438,198.402,0.862641,169.028,208.178,0.641852,216.013,198.399,0.846796,243.502,615.608,0.676612,259.047,607.821,0.69505,241.427,590.232,0.541864,190.513,617.666,0.695623,178.757,615.698,0.648413,192.458,599.979,0.576428,0
192.474,221.847,0.857433,200.37,261.047,0.866633,159.142,270.853,0.809587,153.305,351.185,0.789745,178.801,415.83,0.89082,245.418,257.101,0.850914,274.741,327.653,0.779771,270.812,396.28,0.848615,219.917,400.112,0.735397,194.365,402.092,0.733192,192.519,494.226,0.733115,186.584,592.169,0.673454,245.386,398.177,0.745416,245.438,494.213,0.755453,243.464,586.284,0.756113,180.672,210.208,0.952784,198.388,210.078,0.924275,167.036,212.081,0.700692,214.108,210.025,0.880713,243.489,615.612,0.685239,257.218,607.827,0.697394,241.421,590.237,0.53449,190.507,619.512,0.695285,178.762,617.559,0.652485,192.491,599.991,0.574389,0
190.493,227.861,0.877636,200.331,270.87,0.863754,159.213,274.8,0.843312,155.251,355.07,0.75803,178.75,419.721,0.86345,243.491,261.066,0.847104,274.758,335.445,0.81348,270.837,400.1,0.84894,217.995,400.109,0.722072,194.348,400.215,0.723567,192.497,492.281,0.717143,186.59,590.173,0.664935,243.54,398.202,0.73387,247.342,492.305,0.748972,243.421,584.272,0.736867,178.806,221.896,0.907305,196.461,219.921,0.897161,165.173,221.854,0.496894,214.018,214.017,0.862975,243.447,613.706,0.654515,257.161,605.911,0.675196,239.515,588.251,0.533371,190.533,617.593,0.660528,178.775,615.622,0.604245,192.492,598,0.540517,0
186.61,241.405,0.876947,200.318,274.882,0.882462,159.183,282.609,0.798271,155.282,360.949,0.748479,178.764,427.588,0.871281,243.485,272.84,0.866894,274.698,339.482,0.800745,272.75,404.056,0.858033,219.922,400.14,0.733847,194.414,402.123,0.729802,194.355,496.132,0.63465,192.431,588.277,0.576922,243.542,398.212,0.752376,251.23,494.151,0.709497,243.393,582.339,0.68318,178.724,227.828,0.922971,196.36,227.748,0.953194,165.106,227.818,0.555043,212.146,225.781,0.912855,243.452,613.693,0.589533,257.149,605.889,0.621019,239.48,588.198,0.470014,190.527,617.581,0.4838,180.699,613.716,0.436617,196.368,598.05,0.440834,0
184.709,247.377,0.841914,198.374,286.533,0.888345,157.239,290.425,0.840638,151.416,366.877,0.797861,178.756,431.501,0.900284,243.379,276.734,0.857074,272.89,347.283,0.808995,270.87,413.827,0.874956,217.995,402.126,0.706475,194.379,406.013,0.692559,190.569,502.009,0.647412,184.677,594.09,0.62195,243.49,400.211,0.752864,247.332,498.142,0.691228,243.406,586.283,0.717959,178.709,241.426,0.922033,196.32,239.533,0.948142,165.039,241.402,0.527711,212.082,235.564,0.872225,243.443,613.704,0.623475,257.139,607.81,0.650202,239.536,590.261,0.483615,186.655,617.685,0.593629,178.699,617.536,0.553749,192.509,601.893,0.506109,0
182.731,259.204,0.891187,198.334,292.401,0.887982,155.276,298.308,0.798041,149.503,372.743,0.803571,178.74,437.42,0.838405,241.511,288.498,0.880979,272.89,353.222,0.847058,266.962,423.69,0.791322,214.1,413.833,0.721178,192.436,413.926,0.692067,194.355,505.977,0.528286,188.594,596.071,0.355404,243.37,411.913,0.728858,243.455,509.877,0.565139,243.5,590.243,0.386182,176.83,253.234,0.878,194.459,251.26,0.904364,165,249.336,0.492863,212.103,243.402,0.968248,245.383,613.734,0.287667,257.126,609.774,0.324816,243.432,603.911,0.262436,192.446,615.685,0.248332,180.751,611.774,0.246864,192.505,601.961,0.252533,0
182.725,272.746,0.899405,196.479,302.24,0.89418,155.29,306.069,0.829679,149.482,382.488,0.842065,178.753,447.167,0.90186,241.45,294.386,0.826096,272.861,364.863,0.827166,268.857,431.482,0.831837,212.194,413.855,0.731391,190.523,413.892,0.678461,194.408,496.209,0.510828,190.554,596.076,0.257042,241.475,413.845,0.729644,241.398,507.952,0.549502,243.461,590.205,0.323726,176.811,259.166,0.923043,194.458,259.077,0.968178,164.991,259.058,0.542701,212.032,255.193,0.943211,245.422,615.638,0.235996,257.096,609.799,0.260267,243.395,601.988,0.221346,192.477,615.645,0.161123,182.715,611.751,0.161209,192.512,601.963,0.18572,0
182.756,278.688,0.860001,196.441,306.199,0.932397,153.345,313.935,0.795407,149.372,388.436,0.79779,178.797,456.979,0.873439,241.381,304.109,0.848918,272.876,368.791,0.85998,266.972,437.406,0.798898,214.093,415.787,0.724115,192.465,415.836,0.685189,192.427,505.946,0.619248,192.494,601.933,0.460231,241.526,413.923,0.747275,241.522,509.915,0.669315,245.368,596.073,0.583456,176.836,272.702,0.895265,194.464,270.815,0.928676,163.179,265,0.373566,212.04,259.155,0.910058,243.449,617.692,0.594347,257.103,617.545,0.619526,243.45,603.892,0.417663,188.566,619.61,0.33048,178.758,617.584,0.34119,198.374,607.844,0.319838,0
182.682,288.582,0.926205,196.438,317.832,0.903504,155.238,321.744,0.836592,149.314,402.088,0.798361,178.798,464.787,0.877037,241.391,306.215,0.835812,272.897,380.56,0.804166,263.016,449.155,0.81431,214.058,415.809,0.676733,190.498,415.916,0.64593,186.654,502.02,0.521865,192.439,590.24,0.416338,243.373,413.909,0.686019,243.454,505.921,0.503057,243.446,588.249,0.486487,176.768,276.818,0.867627,194.421,276.752,0.930978,163.156,274.758,0.418209,212.043,270.854,0.904317,245.375,615.608,0.360452,257.118,607.835,0.39401,241.448,599.975,0.324407,186.638,615.687,0.301887,178.804,609.779,0.299453,196.392,601.913,0.305211,0
182.669,298.269,0.855674,196.411,321.863,0.928522,155.267,327.652,0.790311,147.475,413.786,0.814166,178.747,474.532,0.857485,239.491,319.845,0.83428,274.785,384.573,0.819267,268.887,460.803,0.828721,212.163,427.589,0.660086,188.559,429.563,0.620884,188.549,511.832,0.549136,194.381,596.071,0.423186,241.472,425.619,0.64187,243.372,515.756,0.522641,243.497,590.234,0.525931,176.793,288.491,0.904975,194.401,288.443,0.939039,165.018,282.58,0.219847,212.066,276.698,0.870871,245.369,615.626,0.480107,257.15,609.763,0.500958,241.503,601.901,0.368292,190.521,617.577,0.285866,180.701,613.664,0.293888,198.382,603.884,0.301725,0
182.724,310.02,0.852311,196.413,333.513,0.90006,155.235,335.522,0.831327,147.518,419.788,0.781115,178.775,478.562,0.893619,239.541,325.711,0.801221,274.856,396.217,0.808382,268.905,464.822,0.827807,212.03,427.583,0.624073,182.744,429.496,0.593787,182.752,511.856,0.467514,188.549,598.011,0.31723,239.528,427.554,0.596498,239.523,517.723,0.386691,243.419,600.006,0.388887,176.799,302.198,0.876615,194.456,302.137,0.917511,165.002,290.498,0.277655,212.028,288.474,0.911132,241.519,615.681,0.240011,257.117,613.687,0.253082,241.489,607.833,0.269445,192.505,617.622,0.233457,178.8,613.718,0.231973,194.418,601.977,0.226179,0
182.757,319.746,0.895017,196.328,337.55,0.915101,153.283,345.309,0.798013,147.445,429.57,0.813402,178.754,490.208,0.866291,237.52,335.422,0.810452,276.714,400.14,0.837214,268.923,476.628,0.843409,212.005,435.417,0.613228,182.757,437.391,0.581878,182.765,523.541,0.521787,188.583,609.81,0.327347,239.489,433.457,0.581588,239.476,525.567,0.462881,241.506,601.994,0.430148,178.673,306.157,0.914101,194.495,306.147,0.9689,164.991,302.163,0.536196,212.025,298.267,0.854848,243.418,617.62,0.322573,255.13,615.662,0.332993,241.521,613.679,0.306474,192.467,621.537,0.171566,0,0,0,194.429,615.668,0.247614,0
184.638,325.765,0.842962,196.343,347.246,0.880927,153.354,351.249,0.818372,147.326,433.438,0.777477,178.768,498.128,0.85273,237.519,337.479,0.832535,276.749,404.126,0.76356,270.831,482.478,0.808522,212.185,415.901,0.681744,186.584,421.707,0.657883,188.563,509.869,0.475362,192.471,603.89,0.366574,241.554,415.781,0.656506,247.32,502.026,0.385792,245.409,594.098,0.380532,178.689,319.737,0.887167,194.544,319.742,0.95757,164.977,306.069,0.482214,212.067,304.226,0.86464,245.361,615.666,0.323604,257.17,611.739,0.335756,243.4,603.934,0.284543,192.525,619.558,0.275411,180.747,617.627,0.270314,194.489,611.751,0.259268,0
184.687,335.51,0.89911,196.345,353.121,0.917058,153.306,359.005,0.782318,147.32,443.249,0.794532,178.693,509.786,0.888272,237.509,349.191,0.779385,280.661,415.932,0.779268,270.85,494.221,0.847893,212.119,425.599,0.656786,182.752,429.548,0.653042,182.753,509.855,0.447429,190.499,601.976,0.377372,241.531,419.747,0.602431,243.498,505.957,0.343685,245.373,601.899,0.358138,178.68,323.748,0.880798,196.323,321.906,0.94132,163.168,319.798,0.587033,212.078,317.806,0.82681,243.367,617.676,0.31151,257.096,617.558,0.308559,241.518,607.831,0.280489,190.536,619.538,0.312195,178.776,617.563,0.304344,194.456,611.725,0.275433,0
186.614,343.322,0.82715,194.532,359.054,0.856463,155.243,366.885,0.808503,145.419,449.18,0.771926,178.732,521.65,0.881684,235.562,353.083,0.814849,286.567,427.54,0.808245,272.741,503.989,0.822963,210.209,415.857,0.820203,182.752,421.719,0.719064,178.851,490.301,0.700842,190.541,582.336,0.374866,239.487,413.861,0.723659,257.086,480.499,0.429081,251.28,525.564,0.15637,178.763,335.449,0.922607,196.372,335.447,0.955987,165.028,325.69,0.515285,212.119,321.859,0.862828,249.289,537.259,0.103742,257.11,535.342,0.0736686,243.397,601.931,0.180729,190.546,609.789,0.29684,178.816,603.953,0.294583,196.371,586.296,0.270686,0
188.578,353.188,0.883479,196.354,366.862,0.896699,157.189,370.804,0.794226,141.568,449.147,0.784979,170.973,525.599,0.84009,235.569,360.963,0.743404,288.44,431.438,0.882407,272.848,511.883,0.840326,210.186,419.8,0.731608,180.824,427.582,0.706091,178.76,502.004,0.509953,192.496,574.543,0.409494,239.528,417.786,0.676292,249.286,498.129,0.412827,243.365,576.472,0.363188,178.835,347.219,0.88262,196.424,345.344,0.90069,165.068,337.553,0.683261,212.127,337.402,0.876082,241.435,611.712,0.259626,255.181,603.922,0.256134,237.525,588.269,0.232742,188.568,607.867,0.334104,178.771,603.916,0.338371,196.46,582.345,0.273815,0
188.6,362.923,0.839457,196.421,378.586,0.857835,157.192,382.516,0.801713,139.616,462.789,0.790583,169.023,539.281,0.841274,239.47,370.805,0.773011,288.433,437.409,0.827245,274.76,523.521,0.8578,210.177,435.4,0.66646,180.744,441.276,0.640585,180.768,521.586,0.538549,182.748,598.007,0.380851,241.403,433.437,0.617227,245.407,517.71,0.4733,243.47,601.978,0.513436,178.83,351.259,0.942261,196.454,351.253,0.972328,165.106,345.285,0.587402,212.172,341.4,0.833804,243.422,619.56,0.433552,255.202,617.635,0.449703,241.471,611.732,0.356953,186.621,617.552,0.348844,178.703,613.716,0.339921,188.576,603.876,0.265306,0
188.612,370.822,0.846149,196.42,382.487,0.883008,157.223,386.491,0.79216,135.74,466.757,0.780443,168.97,549.025,0.800483,237.548,372.743,0.758023,288.466,447.114,0.863055,274.713,537.285,0.843152,210.098,439.373,0.682913,180.707,445.214,0.695443,178.711,523.511,0.467894,180.826,588.219,0.361314,237.564,433.524,0.612799,255.151,458.941,0.256068,0,0,0,178.846,364.831,0.893094,196.507,364.834,0.91516,165.095,351.25,0.603107,212.196,351.178,0.830959,0,0,0,0,0,0,0,0,0,186.612,617.599,0.346218,176.796,613.714,0.330893,192.452,592.159,0.245953,0
192.443,382.513,0.894131,196.412,388.392,0.875201,157.261,398.153,0.807118,135.657,476.495,0.828626,166.987,556.839,0.886522,235.593,380.606,0.794183,288.406,451.1,0.814192,274.814,541.303,0.839382,208.151,449.146,0.611083,178.756,453.052,0.604489,157.251,494.205,0.114028,0,0,0,235.603,447.178,0.56653,253.216,462.809,0.179392,0,0,0,180.699,370.75,0.895482,198.359,368.906,0.929004,165.157,364.908,0.556427,212.206,358.991,0.816446,0,0,0,0,0,0,0,0,0,0,0,0,0,0,0,0,0,0,0
192.494,388.429,0.849784,196.454,396.225,0.866583,161.16,400.162,0.854049,133.83,478.54,0.831456,165.059,560.831,0.859919,235.604,384.586,0.781653,286.542,460.861,0.817401,274.797,554.953,0.826101,206.199,451.126,0.611413,178.708,456.937,0.619944,151.39,488.317,0.142062,174.872,562.79,0.102952,231.698,449.152,0.569131,257.063,462.798,0.251049,0,0,0,180.756,382.433,0.9101,198.429,380.575,0.899366,167.078,368.891,0.466662,214.13,366.821,0.805843,0,0,0,0,0,0,0,0,0,0,0,0,0,0,0,174.846,572.58,0.0833356,0
194.434,398.249,0.926812,196.514,402.115,0.873628,161.113,409.949,0.803435,135.676,488.317,0.781985,163.142,570.644,0.910404,239.465,398.13,0.811139,282.645,464.883,0.738483,276.793,558.887,0.787754,202.307,462.838,0.65032,176.829,464.858,0.645048,178.686,539.228,0.461199,180.776,615.643,0.261095,229.699,460.867,0.61386,255.151,468.745,0.218287,0,0,0,182.747,386.518,0.860379,202.308,386.496,0.855865,172.891,380.56,0.688451,216.054,378.607,0.782202,0,0,0,0,0,0,0,0,0,0,0,0,0,0,0,182.729,619.606,0.137655,0
194.436,406.073,0.867564,198.368,411.88,0.838416,163.013,415.759,0.86893,135.702,492.295,0.802467,159.223,572.598,0.853264,239.504,402.124,0.795603,282.577,476.514,0.775027,276.715,570.679,0.827831,210.047,470.706,0.551987,180.688,474.555,0.547947,157.208,484.405,0.146973,0,0,0,235.584,468.73,0.497958,247.391,476.517,0.200343,272.851,658.741,0.078021,182.714,398.169,0.903067,202.317,398.152,0.877778,172.924,384.451,0.477792,219.939,384.431,0.781248,262.996,682.234,0.0922292,272.832,682.236,0.08815,270.864,664.669,0.0808735,0,0,0,0,0,0,0,0,0,0
194.534,417.856,0.875417,202.288,417.825,0.796878,163.107,421.691,0.830365,135.737,503.964,0.74912,157.209,580.43,0.800442,241.475,415.877,0.765673,278.734,490.214,0.738459,274.852,576.525,0.805156,210.109,482.448,0.447985,178.829,484.398,0.426414,176.825,568.637,0.193266,167.037,662.676,0.0722434,239.544,480.526,0.384813,257.177,568.63,0.196772,270.806,678.377,0.0929955,184.693,411.913,0.844102,206.234,411.886,0.859037,176.752,400.123,0.535313,223.789,398.16,0.7991,259.115,696.002,0.126793,272.741,696.004,0.114944,270.847,682.314,0.079367,0,0,0,0,0,0,0,0,0,0
196.341,431.512,0.91639,206.158,431.533,0.821145,163.134,431.521,0.858222,139.602,509.825,0.779977,153.32,584.349,0.840869,243.436,431.454,0.786916,276.705,496.167,0.819498,274.805,586.276,0.862401,206.212,504.005,0.269543,178.766,507.909,0.289792,178.838,662.679,0.165722,0,0,0,231.709,500.109,0.235603,239.529,666.601,0.143785,0,0,0,186.623,419.777,0.821486,208.175,421.694,0.862265,176.838,409.927,0.462385,225.792,409.909,0.761408,0,0,0,0,0,0,0,0,0,0,0,0,0,0,0,0,0,0,0
196.46,443.25,0.883483,208.095,433.462,0.840686,165.086,433.461,0.85456,145.414,509.927,0.763891,149.479,586.35,0.895999,243.418,433.508,0.781965,274.788,507.877,0.837006,274.775,588.269,0.826223,208.146,492.207,0.545908,178.826,490.292,0.546617,172.9,574.515,0.151438,0,0,0,233.607,492.269,0.514977,261.064,594.115,0.202188,268.862,715.588,0.107972,190.551,431.462,0.871365,210.095,431.501,0.941699,178.781,417.774,0.533424,225.885,415.912,0.825381,0,0,0,0,0,0,0,0,0,0,0,0,0,0,0,0,0,0,0
198.388,455.01,0.81587,210.119,445.298,0.862983,167.08,443.279,0.798605,145.498,517.697,0.778718,151.351,590.166,0.845311,249.283,449.198,0.72374,274.751,523.526,0.845272,274.774,590.243,0.841564,212.027,515.768,0.26035,182.676,513.801,0.265706,178.712,650.924,0.158137,0,0,0,243.485,545.14,0.252103,259.182,619.574,0.167702,0,0,0,192.522,445.185,0.856178,211.998,445.184,0.905231,178.845,431.487,0.386965,227.791,431.514,0.700451,0,0,0,0,0,0,0,0,0,0,0,0,0,0,0,0,0,0,0
196.446,462.938,0.85112,210.072,454.98,0.838599,165.142,449.16,0.819861,147.389,523.646,0.847256,149.495,592.165,0.832257,251.265,460.862,0.768013,272.847,527.505,0.834599,272.822,596.106,0.814594,210.062,509.913,0.507201,180.68,509.864,0.549002,133.743,603.948,0.309908,145.442,715.606,0.228804,237.555,513.806,0.453849,263.037,617.609,0.399273,262.998,715.608,0.322375,192.422,455.011,0.765244,210.125,455.038,0.80957,178.808,445.133,0.350379,227.798,447.118,0.812619,0,0,0,0,0,0,259.109,715.619,0.191704,0,0,0,0,0,0,149.384,715.621,0.137699,0
202.309,480.537,0.738673,210.084,462.918,0.851303,165.059,462.819,0.823938,147.333,533.359,0.790299,151.335,601.853,0.86221,253.19,466.811,0.730257,272.791,537.253,0.81126,270.883,603.951,0.834083,212.079,519.677,0.458679,180.819,519.649,0.461215,133.785,603.922,0.373241,145.399,715.595,0.372285,241.456,523.566,0.429811,259.154,603.888,0.419291,259.098,715.609,0.355454,194.499,474.571,0.771233,212.155,474.609,0.750761,182.677,453.086,0.542772,229.732,458.957,0.667272,253.214,715.619,0.123187,264.991,715.643,0.14006,257.195,715.621,0.227909,0,0,0,0,0,0,149.343,715.616,0.265559,0
196.467,478.601,0.837244,210.158,468.728,0.840155,167.025,462.895,0.80744,147.456,531.399,0.817325,151.378,601.926,0.859462,249.324,476.491,0.747943,272.786,541.241,0.841553,268.918,615.636,0.79709,212.109,523.574,0.456058,184.661,521.612,0.460278,133.659,613.692,0.416567,147.42,715.617,0.35314,241.418,525.599,0.42373,257.202,613.707,0.370467,259.039,715.616,0.368188,192.458,472.618,0.743161,210.122,474.541,0.770981,180.675,460.852,0.261161,227.852,462.801,0.713809,245.404,715.608,0.161609,259.11,715.639,0.181613,0,0,0,0,0,0,0,0,0,151.416,715.638,0.195355,0
196.476,492.275,0.851435,212.025,478.609,0.834606,168.996,476.611,0.763996,147.5,539.239,0.851658,153.318,605.924,0.818307,255.134,484.438,0.694713,272.818,552.927,0.7824,263.036,619.686,0.799705,210.08,527.476,0.443343,180.769,525.529,0.45057,133.757,609.805,0.374357,147.517,715.603,0.40196,235.598,531.434,0.405108,245.381,605.895,0.342745,257.146,701.905,0.318352,192.5,480.487,0.763729,210.214,482.437,0.738131,182.705,466.816,0.226566,231.687,476.584,0.548795,243.468,715.592,0.190697,257.153,715.61,0.221273,257.158,715.594,0.229142,0,0,0,0,0,0,151.38,715.621,0.255249,0
204.26,494.251,0.835576,212.033,480.486,0.876993,169.015,478.553,0.803371,147.464,541.217,0.862838,157.26,615.62,0.815973,255.16,486.325,0.733617,272.727,554.875,0.792288,261.096,631.275,0.797527,210.075,529.442,0.342758,180.74,527.563,0.360398,141.565,613.712,0.168971,153.32,715.598,0.163615,237.553,533.401,0.290645,251.28,617.598,0.211691,255.186,715.604,0.201336,196.366,484.421,0.782983,214.07,486.385,0.762723,182.772,474.606,0.378555,237.565,476.488,0.629148,241.49,715.605,0.114009,257.108,715.622,0.118751,0,0,0,165.036,715.594,0.0861073,153.345,715.645,0.089264,0,0,0,0
210.026,494.11,0.495471,212.039,480.522,0.525639,167.09,480.561,0.540069,147.446,543.225,0.699748,161.158,617.642,0.862718,255.101,484.423,0.454493,272.781,554.987,0.743532,257.209,633.322,0.830513,211.991,541.203,0.0555818,178.745,537.282,0.1244,163.103,633.312,0.0700486,0,0,0,0,0,0,0,0,0,0,0,0,198.406,482.461,0.411892,216.025,484.38,0.327153,188.595,476.586,0.193249,239.444,474.538,0.27302,0,0,0,0,0,0,0,0,0,0,0,0,0,0,0,0,0,0,0
198.442,494.22,0.636963,212.097,480.473,0.697621,169.029,478.499,0.726092,147.483,541.261,0.830642,161.175,617.601,0.869452,255.146,486.381,0.581,272.788,556.867,0.79267,257.164,633.355,0.83608,210.144,531.454,0.197115,178.811,529.48,0.267736,133.803,615.634,0.231124,157.217,699.949,0.115461,241.488,539.2,0.157998,257.18,600.002,0.136125,251.245,635.296,0.0657962,194.43,480.558,0.531122,212.117,486.357,0.421181,184.65,468.735,0.170185,237.495,476.567,0.354172,227.788,670.545,0.142564,243.434,678.334,0.100683,0,0,0,170.918,701.875,0.0873528,163.08,715.628,0.0937314,163.042,715.594,0.0850081,0
208.103,494.128,0.873012,212.062,480.453,0.892341,172.869,476.642,0.806249,147.519,539.22,0.866309,161.141,613.689,0.831247,257.057,484.433,0.769941,272.782,554.898,0.839481,257.139,633.286,0.848156,210.078,523.583,0.541601,180.827,523.561,0.510946,143.543,596.085,0.191911,149.345,684.272,0.150077,233.602,525.506,0.482577,257.135,580.396,0.217938,255.143,635.242,0.121556,196.478,480.498,0.849924,217.952,482.466,0.814324,188.57,468.755,0.410266,239.547,472.68,0.760092,231.691,670.545,0.13418,0,0,0,255.199,645.067,0.0996999,167.022,697.933,0.122734,0,0,0,151.33,694.011,0.105698,0
200.355,492.266,0.785251,212.167,478.488,0.868843,172.896,474.619,0.761022,147.459,537.26,0.836337,163.005,607.847,0.831462,257.07,480.489,0.718528,272.741,552.971,0.801882,257.217,627.453,0.81513,212.133,523.625,0.266405,182.749,525.528,0.269466,137.639,601.985,0.206862,149.344,686.195,0.25551,241.515,527.485,0.249163,249.3,601.972,0.130575,243.422,627.408,0.0686181,194.515,478.597,0.76197,214.018,484.4,0.694986,188.591,462.925,0.253608,239.535,474.588,0.727249,229.721,664.629,0.129967,245.405,666.64,0.0778433,0,0,0,169.008,697.936,0.275528,155.304,699.942,0.227253,149.473,692.074,0.163905,0
210.061,486.335,0.847423,212.147,468.72,0.847002,170.954,462.795,0.805317,147.498,525.608,0.867486,157.23,599.94,0.80842,257.072,478.461,0.822701,272.842,547.076,0.802647,257.164,621.525,0.846925,210.167,525.526,0.531479,180.814,523.535,0.582329,133.787,611.732,0.318099,149.447,694.05,0.388404,239.479,529.461,0.45573,245.402,605.872,0.262038,0,0,0,198.412,476.503,0.879929,219.951,476.612,0.871143,188.598,460.89,0.48648,241.363,462.862,0.801514,0,0,0,0,0,0,0,0,0,167.034,698.029,0.289764,153.323,715.583,0.240246,155.289,697.926,0.264626,0
208.176,478.515,0.868061,214.107,472.607,0.808698,174.889,462.826,0.814058,147.484,525.486,0.855518,159.168,592.147,0.797192,257.07,476.632,0.797272,274.729,541.244,0.825737,259.028,615.698,0.846495,204.261,605.885,0.234476,176.801,603.93,0.229692,174.867,715.587,0.132207,0,0,0,229.729,611.735,0.242745,215.997,715.587,0.159034,0,0,0,198.39,464.839,0.824378,221.886,472.622,0.770942,192.463,449.139,0.446949,243.367,458.951,0.704201,0,0,0,0,0,0,0,0,0,0,0,0,0,0,0,0,0,0,0
210.148,476.473,0.872561,214.049,460.924,0.874654,174.821,453.092,0.754574,147.418,515.738,0.801572,159.194,586.295,0.846495,257.125,464.816,0.786383,272.874,531.42,0.790842,259.119,605.839,0.829129,212.112,523.563,0.263233,182.709,521.624,0.269098,161.121,601.958,0.0951831,147.389,686.187,0.0772199,241.461,525.548,0.263104,259.164,617.63,0.163725,251.288,697.968,0.160756,202.275,462.807,0.792894,223.798,464.804,0.790296,192.438,447.171,0.566568,241.488,454.981,0.782299,229.738,715.6,0.122643,243.416,715.619,0.121664,243.462,715.591,0.105866,163.132,698.005,0.0911158,0,0,0,0,0,0,0
210.111,462.839,0.94047,214.022,460.81,0.843908,174.892,451.092,0.769885,147.487,507.971,0.848997,157.248,574.583,0.808003,257.095,462.866,0.812298,274.767,525.523,0.850458,259.169,596.051,0.799032,212.109,523.586,0.297504,182.744,519.664,0.294941,133.663,607.84,0.185062,137.672,686.21,0.10617,241.454,527.486,0.308871,259.151,609.799,0.378592,253.213,699.905,0.336552,200.314,451.116,0.839538,221.888,456.94,0.830628,188.615,443.244,0.581575,241.492,445.216,0.805498,237.524,701.915,0.201797,247.357,715.618,0.219821,245.406,715.6,0.210154,157.237,701.908,0.0749299,0,0,0,147.435,697.987,0.0777537,0
210.157,453.064,0.864741,212.177,445.277,0.854318,174.881,443.227,0.773162,149.371,498.12,0.808794,159.208,570.635,0.852561,255.226,449.16,0.771413,274.759,511.84,0.824988,261.043,586.264,0.834367,212.155,503.996,0.385523,184.681,500.082,0.345959,161.127,578.431,0.0536112,0,0,0,241.477,507.896,0.41113,257.195,611.752,0.41606,247.331,705.801,0.405352,202.295,443.281,0.818559,221.897,445.28,0.848212,192.433,429.602,0.637852,241.395,435.42,0.613527,229.735,715.585,0.199405,243.461,715.632,0.231132,243.512,715.615,0.272723,0,0,0,0,0,0,0,0,0,0
210.195,445.246,0.927958,212.184,431.599,0.872163,176.813,429.518,0.783483,149.364,492.217,0.858624,159.179,556.964,0.830316,255.209,443.24,0.806282,274.79,505.974,0.831426,261.023,574.499,0.836689,212.119,492.224,0.454293,184.685,490.3,0.418852,151.353,574.547,0.0965815,139.597,692.06,0.104975,241.425,494.178,0.482698,257.221,592.168,0.513749,251.261,696.002,0.489346,202.282,433.438,0.847751,223.822,435.406,0.844688,192.418,419.749,0.6756,241.407,429.494,0.83846,235.587,699.979,0.271708,247.354,715.604,0.28843,253.199,698.013,0.289028,153.353,699.969,0.0789772,0,0,0,147.388,697.944,0.0705947,0
212.061,435.411,0.871674,214.075,425.619,0.830621,178.686,417.822,0.800337,149.41,480.495,0.845402,161.081,554.86,0.83924,257.061,431.493,0.832084,274.779,494.127,0.871997,259.208,568.659,0.824748,212.139,480.477,0.446953,186.602,478.565,0.427642,165.09,545.154,0.111064,137.656,684.235,0.107483,241.43,482.454,0.463849,257.138,601.925,0.410411,251.236,695.972,0.339628,204.24,427.542,0.82896,225.737,429.476,0.903363,192.462,413.876,0.667829,241.548,415.788,0.832457,233.633,699.96,0.218447,247.365,715.605,0.219968,249.286,697.989,0.190959,155.278,699.912,0.0865398,0,0,0,147.372,695.941,0.0728485,0
212.092,425.664,0.886519,212.171,413.956,0.868753,176.841,413.78,0.810719,149.445,474.637,0.851783,161.116,541.231,0.848577,255.167,417.771,0.793705,274.806,480.533,0.828003,259.154,556.987,0.835435,212.111,464.8,0.568392,188.603,464.81,0.539457,172.878,535.339,0.231979,168.96,603.9,0.13667,239.481,464.787,0.567885,255.204,496.147,0.255653,245.442,543.197,0.193723,204.235,413.892,0.885224,225.725,415.767,0.925154,192.424,402.105,0.689399,241.511,406.03,0.770192,243.379,599.969,0.0967154,0,0,0,0,0,0,178.857,609.8,0.150172,167.043,613.695,0.10859,0,0,0,0
210.209,415.749,0.949793,214.096,411.845,0.829752,178.724,402.115,0.815599,149.431,462.81,0.863166,161.135,529.507,0.814954,255.221,413.93,0.82343,274.863,478.476,0.834107,259.173,549.073,0.804199,212.06,462.912,0.548684,184.628,462.847,0.517743,172.908,515.746,0.16431,174.844,592.17,0.0834099,239.529,464.819,0.527415,251.292,480.506,0.149851,241.533,597.992,0.132531,202.317,402.155,0.855107,223.825,406.033,0.846388,192.432,394.268,0.67613,241.509,398.112,0.86363,241.453,603.899,0.107869,253.245,603.918,0.104416,239.491,601.912,0.094644,180.691,601.919,0.0710401,167.045,603.936,0.0513215,0,0,0,0
212.14,404.064,0.880945,214.026,398.282,0.869543,178.681,398.106,0.832869,151.346,458.922,0.8228,163.015,523.616,0.869955,255.173,400.253,0.825454,274.821,466.776,0.797252,261.088,539.318,0.844807,210.064,458.941,0.66798,180.798,458.919,0.607399,161.097,511.823,0.160769,172.923,598.05,0.0952954,233.611,458.96,0.626681,257.088,466.782,0.268699,241.428,586.323,0.136048,206.23,396.168,0.842792,225.824,398.112,0.92812,194.364,382.569,0.733173,243.46,384.561,0.810912,243.469,601.924,0.12075,0,0,0,233.629,592.169,0.102708,178.793,617.613,0.129052,176.752,617.576,0.111427,176.772,603.937,0.0867912,0
212.173,392.323,0.863024,215.983,394.25,0.793454,178.692,386.462,0.826463,155.25,447.251,0.807753,163.019,513.841,0.82993,257.057,398.135,0.824862,274.826,462.848,0.831798,259.215,533.342,0.802431,210.179,449.136,0.698723,182.731,447.265,0.632282,165.04,509.865,0.20159,174.849,601.993,0.150449,237.552,449.147,0.646849,251.294,462.876,0.254946,249.296,523.555,0.15387,208.109,382.475,0.88429,225.811,382.576,0.931069,194.36,370.791,0.72123,243.381,376.659,0.815877,0,0,0,0,0,0,0,0,0,178.777,617.567,0.151349,168.998,615.671,0.130108,176.826,607.836,0.121446,0
214.072,380.553,0.87433,216.028,384.52,0.828828,178.77,382.476,0.822202,155.313,443.249,0.754906,163.04,507.954,0.86422,257.076,390.372,0.786344,274.714,458.896,0.8377,261.044,525.625,0.849886,212.017,445.258,0.637199,184.674,445.204,0.588426,165.096,494.201,0.192413,176.782,601.918,0.126972,239.456,447.157,0.602741,243.434,511.869,0.305813,233.659,601.923,0.147272,210.035,368.737,0.918412,227.677,368.84,0.939473,194.429,364.913,0.775919,243.429,366.928,0.877321,237.54,615.665,0.0956747,0,0,0,229.7,613.674,0.113519,178.728,617.612,0.1642,167.05,615.616,0.138955,176.838,605.9,0.106042,0
214.06,366.776,0.905484,219.924,374.658,0.803763,180.678,366.921,0.87492,161.09,431.59,0.814985,163.13,507.895,0.871766,257.135,382.557,0.857965,272.896,453.041,0.83137,259.169,521.65,0.863325,212.021,431.502,0.863608,186.643,431.458,0.79357,157.257,492.263,0.488755,174.884,592.163,0.180189,235.625,431.588,0.781554,253.191,490.301,0.589432,241.46,578.432,0.292417,210.075,353.157,0.935806,227.671,355.114,0.9268,194.544,351.078,0.760858,243.395,353.236,0.862765,241.453,607.823,0.164779,253.198,601.997,0.180059,231.692,594.125,0.162023,178.72,615.677,0.206213,167.015,611.716,0.184407,174.894,601.973,0.147778,0
216.04,351.206,0.893756,219.916,366.822,0.849801,178.811,357.041,0.839593,161.16,429.615,0.818167,164.985,503.976,0.848661,257.211,370.828,0.852132,272.846,443.259,0.851686,259.131,513.797,0.832125,212.038,431.509,0.826023,188.562,431.441,0.762073,165.068,484.416,0.389703,176.793,598.014,0.188158,235.626,433.44,0.743565,255.163,496.187,0.588948,241.418,596.092,0.218596,210.119,339.402,0.918282,227.759,339.507,0.911944,196.332,337.447,0.817588,243.467,339.427,0.850279,239.528,609.821,0.111166,253.211,603.943,0.119389,235.576,609.764,0.149625,178.845,615.701,0.19811,168.994,613.668,0.181095,176.807,603.904,0.147115,0
217.934,337.377,0.896398,217.988,353.217,0.865222,178.846,351.175,0.883756,163.054,419.722,0.813754,165.005,494.282,0.870066,257.193,362.907,0.836844,272.872,431.474,0.8708,259.079,509.814,0.870856,212.04,431.562,0.804515,186.631,431.491,0.748694,163.152,494.194,0.43265,176.843,596.094,0.321145,237.546,433.528,0.728878,249.309,507.905,0.523871,237.545,594.138,0.255439,210.173,323.797,0.915207,227.799,327.71,0.881817,196.388,321.78,0.784798,243.483,327.654,0.775951,229.752,613.714,0.196739,243.491,607.828,0.182387,227.793,601.985,0.166293,178.803,617.589,0.345812,167.036,615.601,0.328298,180.7,601.987,0.23215,0
216.044,321.714,0.892494,219.95,341.424,0.822493,180.667,337.477,0.886939,163.145,411.909,0.827762,165.129,492.219,0.899272,259.069,351.152,0.862597,272.828,423.686,0.830576,257.233,502.021,0.842231,212.044,431.469,0.657719,186.59,429.522,0.594788,174.874,513.782,0.250484,176.79,603.868,0.204952,239.469,433.464,0.651602,243.373,519.666,0.447212,239.53,615.643,0.212054,210.179,308.116,0.906905,227.802,313.933,0.878128,196.42,306.189,0.749456,245.359,315.875,0.787688,227.778,621.575,0.0745908,241.464,619.547,0.0608953,239.501,627.42,0.116497,176.844,617.558,0.184618,167.05,615.64,0.190649,176.831,607.837,0.152735,0
218.003,306.068,0.891731,221.903,335.473,0.859828,180.722,331.555,0.818356,165.015,400.237,0.852382,167.013,484.422,0.840379,259.126,337.498,0.870025,272.845,413.943,0.853384,257.206,494.219,0.900265,212.091,435.409,0.662561,186.641,431.582,0.627006,180.79,527.485,0.387809,180.798,611.731,0.203682,239.52,437.415,0.66177,239.489,529.461,0.463662,239.457,623.514,0.231222,212.023,294.337,0.896701,227.835,298.292,0.877768,196.536,290.532,0.669561,243.536,300.263,0.809188,227.791,650.988,0.119498,241.509,650.97,0.121775,233.632,637.201,0.133936,178.805,619.531,0.118139,174.863,619.541,0.125546,182.688,615.659,0.142895,0
219.908,290.452,0.894234,221.871,323.799,0.82804,180.684,321.822,0.873171,165.07,400.147,0.853444,170.915,480.458,0.832233,259.137,331.584,0.831155,272.845,411.859,0.833432,257.11,488.348,0.856497,212.04,427.561,0.657094,184.657,423.669,0.608728,178.749,509.919,0.439109,178.747,607.821,0.218914,239.492,429.547,0.65684,239.549,511.863,0.447076,235.57,603.916,0.20936,212.045,278.717,0.891947,229.699,284.561,0.872591,198.359,276.782,0.681193,245.399,288.431,0.856032,227.738,633.282,0.111131,241.483,627.429,0.106319,237.551,617.646,0.143711,178.784,619.641,0.116179,172.901,619.579,0.122101,180.707,613.719,0.155076,0
221.858,276.71,0.871076,221.877,317.888,0.83004,180.695,315.916,0.815159,165.045,398.132,0.84868,172.934,476.62,0.8661,259.124,319.828,0.863313,272.822,400.176,0.846993,257.098,478.628,0.884475,210.086,429.565,0.69251,180.797,429.496,0.665211,178.794,511.841,0.54145,176.815,603.862,0.311874,235.568,431.477,0.662439,227.72,519.676,0.406982,225.72,603.903,0.270949,212.06,268.874,0.897648,229.771,270.869,0.891958,198.363,268.932,0.73871,245.365,272.871,0.89009,225.833,617.642,0.147256,235.589,615.648,0.158213,225.758,613.674,0.177892,176.84,617.661,0.193821,167.014,615.666,0.199395,178.788,605.886,0.226582,0
221.839,263.075,0.832546,223.784,306.138,0.871818,180.74,306.061,0.848026,165.072,390.355,0.810578,176.772,472.622,0.815778,261.032,308.059,0.821713,274.688,396.173,0.808284,257.145,474.577,0.863562,212.036,427.532,0.691632,182.696,425.598,0.639136,180.729,515.749,0.433415,178.723,607.831,0.237684,239.546,427.576,0.689865,239.525,517.699,0.41236,235.57,605.868,0.290884,212.074,255.226,0.929758,229.752,257.148,0.902399,198.367,257.147,0.722779,245.441,261.118,0.799125,227.819,625.465,0.26208,241.476,621.574,0.263332,233.637,617.657,0.196717,180.76,627.392,0.148941,170.948,623.488,0.141352,180.773,615.662,0.161738,0
223.787,253.224,0.85087,223.855,300.214,0.847147,180.738,296.304,0.812267,165.092,382.583,0.834843,178.728,464.794,0.870716,261.133,302.155,0.802531,274.714,384.544,0.837124,257.118,462.934,0.886496,212.151,421.695,0.677284,186.6,417.855,0.63216,180.765,509.895,0.500163,178.682,603.946,0.426,241.436,423.653,0.688103,239.486,511.841,0.41518,233.643,603.934,0.395155,212.102,241.53,0.958895,229.793,243.384,0.90516,198.417,245.39,0.762798,247.318,253.221,0.808474,229.734,619.572,0.26365,243.387,617.646,0.290919,229.748,617.555,0.274656,178.716,619.615,0.304336,165.076,617.628,0.306451,180.706,611.763,0.28441,0
223.859,241.46,0.912924,223.819,288.526,0.89017,180.724,288.456,0.840538,165.117,370.792,0.823718,178.73,451.121,0.851071,261.079,288.564,0.848564,274.702,372.776,0.803567,257.169,453.098,0.833235,216.035,417.799,0.695374,194.367,417.771,0.68412,194.411,513.77,0.449575,188.586,601.919,0.265766,243.377,417.814,0.714373,239.498,519.68,0.531254,233.607,601.935,0.453421,212.187,227.875,0.919121,233.631,229.756,0.850477,202.288,231.713,0.757131,245.438,239.545,0.836347,231.664,615.669,0.318584,241.488,613.738,0.372092,231.694,609.811,0.307499,188.595,615.628,0.131497,180.72,615.617,0.147479,192.499,603.91,0.186495,0
225.744,227.773,0.935937,223.877,276.805,0.856672,180.708,276.713,0.837475,165.152,362.955,0.813771,178.674,443.297,0.864129,264.968,280.623,0.784031,272.886,364.896,0.800127,259.087,443.194,0.821055,216.015,413.854,0.681266,192.521,413.83,0.655282,194.365,507.953,0.50076,192.437,598.042,0.261402,243.378,413.878,0.714321,239.468,513.825,0.559505,233.646,601.966,0.405445,214.038,217.954,0.866953,235.621,221.826,0.836154,202.327,223.859,0.750851,247.382,225.869,0.847944,231.683,617.57,0.241644,241.5,615.673,0.293781,237.513,613.719,0.269462,194.437,613.722,0.119504,182.687,615.627,0.135501,194.436,601.963,0.176538,0
225.748,214.104,0.890512,225.722,272.735,0.903366,180.721,270.85,0.82364,167.048,353.084,0.828376,178.763,431.613,0.8646,265.017,272.778,0.823346,272.91,351.237,0.816181,261.04,429.497,0.815489,214.121,407.999,0.67935,192.51,406.051,0.657318,194.429,507.861,0.505614,194.407,594.1,0.309667,241.525,409.937,0.720116,237.513,509.873,0.611026,231.714,590.209,0.481642,214.073,208.112,0.875362,237.508,210.045,0.878061,202.327,210.197,0.764878,247.392,214.056,0.818352,233.658,617.605,0.361531,243.4,613.698,0.416579,229.736,599.987,0.285403,196.41,607.846,0.127432,184.655,609.766,0.145502,196.439,599.996,0.202401,0
225.715,208.173,0.893344,225.727,261.084,0.887335,180.711,259.149,0.854485,167.069,341.382,0.796066,178.695,419.724,0.831534,266.941,263.029,0.799521,272.892,343.351,0.782601,263.021,415.898,0.814571,214.087,398.228,0.701212,192.482,398.19,0.667118,192.514,494.195,0.478449,194.415,586.24,0.226387,241.511,400.116,0.716842,237.516,498.152,0.620164,231.697,584.294,0.455539,214.015,196.397,0.918705,235.623,196.481,0.865199,204.223,204.262,0.700845,251.296,210.087,0.86307,237.516,613.692,0.27915,243.428,605.89,0.347835,227.819,590.224,0.292177,192.458,601.979,0.0929217,182.672,601.976,0.100935,196.455,590.191,0.159069,0
225.813,196.438,0.923725,225.734,257.107,0.901592,180.663,255.183,0.835811,165.146,337.42,0.845992,178.734,413.901,0.87264,268.895,257.197,0.842628,274.845,335.568,0.80422,264.98,411.88,0.792325,214.115,400.227,0.691363,192.495,400.192,0.666911,192.48,500.056,0.510546,194.395,582.366,0.261887,241.547,402.109,0.71413,239.473,500.074,0.681742,233.63,580.403,0.5441,214.128,186.614,0.848799,239.437,190.493,0.858137,206.171,194.414,0.806795,251.25,196.426,0.857358,235.57,613.705,0.433308,243.512,605.896,0.485957,227.802,586.316,0.368184,198.378,599.999,0.111493,190.506,599.97,0.11791,196.454,586.317,0.192388,0
225.824,188.607,0.873947,225.741,245.447,0.899199,178.819,243.48,0.856015,165.047,325.76,0.818288,178.667,402.127,0.856696,270.837,249.34,0.799221,276.762,333.49,0.759175,270.789,402.108,0.796024,216.034,396.213,0.672859,192.506,396.212,0.65528,192.472,492.263,0.554441,184.66,586.317,0.427653,243.409,396.249,0.69933,239.472,494.168,0.717135,237.542,582.367,0.565696,214.115,178.783,0.89752,237.573,178.866,0.896181,204.281,184.663,0.724217,251.283,190.515,0.803836,235.619,607.865,0.471601,245.43,603.944,0.521269,231.671,590.186,0.361101,178.83,613.724,0.239502,172.892,605.915,0.232834,192.471,596.096,0.286507,0
225.793,180.725,0.933293,225.728,241.488,0.916239,178.802,241.433,0.84712,165.022,321.839,0.856367,176.815,398.264,0.854602,270.838,241.538,0.84714,280.668,321.798,0.781339,270.9,396.267,0.819893,217.979,390.368,0.649141,192.526,390.351,0.643812,190.505,492.274,0.539697,182.667,588.262,0.409228,243.478,392.321,0.669631,239.524,492.247,0.699496,239.445,582.377,0.541334,214.119,169.03,0.849587,237.565,172.922,0.851622,208.096,178.701,0.760952,247.394,180.739,0.855336,239.482,607.824,0.399118,247.385,603.906,0.449217,231.7,592.167,0.334006,178.789,617.566,0.233914,167.083,611.727,0.227391,186.626,599.984,0.267867,0
225.801,176.856,0.905749,225.724,239.471,0.892677,178.747,235.561,0.817363,163.195,319.799,0.872858,174.872,394.295,0.821322,270.873,241.412,0.836519,284.539,317.908,0.768494,272.794,386.452,0.841393,215.985,384.51,0.693972,190.564,384.487,0.657432,188.579,490.278,0.59043,180.819,588.228,0.518382,243.428,384.527,0.722142,239.506,488.299,0.701241,235.574,580.402,0.559862,214.093,165.095,0.907551,237.534,165.18,0.866598,204.242,172.884,0.750311,247.401,178.733,0.842286,235.621,611.723,0.388383,245.435,603.925,0.442515,229.689,588.298,0.378897,178.791,615.693,0.348266,167.068,611.751,0.32578,186.634,599.951,0.357827,0
225.861,172.871,0.882528,225.707,231.692,0.882817,178.719,229.692,0.846488,163.167,317.838,0.838737,170.958,388.423,0.804057,272.721,235.601,0.80813,284.59,313.953,0.738409,272.864,384.489,0.871847,216.038,380.538,0.676106,190.563,380.553,0.648341,190.552,478.585,0.670337,184.647,578.434,0.55816,243.488,380.575,0.70938,239.493,480.554,0.733535,235.598,580.38,0.615854,215.992,163.055,0.88558,239.481,163.183,0.914897,204.252,167.035,0.733959,251.234,174.851,0.780655,237.522,611.718,0.499818,245.445,603.967,0.539421,227.806,588.252,0.476781,180.778,611.711,0.419998,170.958,603.94,0.410451,192.476,586.31,0.425511,0
225.825,167.009,0.927246,225.697,229.688,0.901037,178.685,227.772,0.860504,163.154,313.962,0.837314,169.008,384.505,0.850324,272.743,229.771,0.836773,286.489,310.065,0.759019,274.703,382.517,0.852612,216.043,382.576,0.692913,192.453,382.556,0.668764,190.538,484.38,0.660081,186.613,576.463,0.510079,243.494,384.444,0.701484,239.497,488.328,0.67644,239.479,576.492,0.524191,214.11,159.21,0.864344,237.579,161.159,0.875279,204.258,165.046,0.786485,247.381,167.049,0.812188,239.516,603.945,0.314733,247.387,601.926,0.361415,233.64,588.255,0.355654,182.748,603.932,0.335742,172.916,600.009,0.339345,192.513,586.259,0.358006,0
225.805,165.083,0.947616,223.845,227.84,0.897925,176.807,227.78,0.838422,163.054,308.134,0.80922,167.006,380.588,0.843375,270.879,229.684,0.832142,286.507,310.013,0.752474,274.756,382.58,0.827059,216.036,380.568,0.666545,190.53,380.574,0.645788,184.697,480.513,0.680355,180.834,578.435,0.595506,243.535,382.458,0.679769,237.517,484.439,0.680116,231.655,582.376,0.60117,214.086,155.305,0.862327,239.434,159.184,0.858601,204.211,163.173,0.805722,247.346,165.178,0.821678,235.607,611.735,0.487182,245.407,603.962,0.526108,225.828,590.21,0.451113,180.781,607.845,0.440566,167.072,603.905,0.423366,190.552,588.203,0.451315,0
225.73,165.121,0.942474,223.796,227.814,0.892608,176.763,227.744,0.838227,161.11,308.063,0.778906,163.194,378.614,0.839548,270.838,229.701,0.824453,286.48,308.055,0.758674,274.85,378.627,0.790067,214.08,376.632,0.66575,186.628,374.686,0.625443,186.586,478.569,0.684797,180.836,572.585,0.546351,243.466,376.676,0.679365,237.55,480.456,0.712715,231.71,574.503,0.552946,212.194,157.202,0.883623,235.617,159.188,0.84719,202.275,164.989,0.786498,247.354,165.153,0.820312,235.621,609.792,0.403536,245.389,603.914,0.460167,227.741,586.287,0.397408,182.7,603.92,0.341119,169.011,601.896,0.335618,190.505,582.381,0.361238,0
225.702,165.15,0.925736,223.787,227.805,0.895137,176.747,227.753,0.828235,157.262,308.068,0.764038,163.022,378.636,0.818766,270.806,227.844,0.829537,286.476,308.062,0.759251,274.868,376.645,0.773129,214.122,376.633,0.648796,186.653,374.712,0.615646,186.613,478.594,0.709812,180.817,572.537,0.588207,243.53,376.664,0.651982,237.529,478.61,0.701789,231.661,572.537,0.561403,212.179,157.258,0.88796,233.667,161.084,0.854791,202.284,165.031,0.792288,245.426,167.042,0.852944,237.553,607.818,0.336724,245.389,601.979,0.396468,225.847,586.222,0.382713,180.767,601.917,0.370928,168.966,597.994,0.35477,188.579,582.347,0.388014,0
223.79,167.029,0.885805,223.797,229.777,0.858887,176.765,229.707,0.819816,161.085,310.031,0.769217,159.175,382.465,0.827082,270.828,231.652,0.83091,286.547,308.094,0.769694,278.741,380.525,0.759917,216.007,382.471,0.675576,188.58,382.461,0.641989,186.597,482.451,0.666786,180.827,574.516,0.503589,245.368,382.509,0.666839,237.573,484.383,0.66671,233.641,572.605,0.475635,212.09,161.078,0.910772,231.712,162.993,0.869391,200.316,165.148,0.786475,245.389,172.914,0.849729,237.541,605.885,0.252696,245.372,601.932,0.300032,229.714,586.289,0.298709,180.797,600,0.297997,170.964,596.046,0.299485,188.565,584.32,0.322571,0
223.8,168.967,0.867918,223.816,233.663,0.847112,176.787,231.724,0.797175,159.204,310.043,0.769541,155.29,380.6,0.800586,270.784,233.676,0.795652,286.545,310.035,0.756706,284.541,382.513,0.786319,217.985,378.582,0.663117,190.551,376.665,0.647296,190.483,476.597,0.719435,182.735,566.676,0.543758,245.469,380.513,0.651487,239.517,478.53,0.743986,235.575,572.557,0.572326,212.065,163.029,0.939426,231.667,163.064,0.886227,198.451,169.018,0.713467,245.372,172.901,0.827308,237.521,603.953,0.369092,245.448,601.91,0.4248,229.727,584.317,0.409597,184.633,588.224,0.344402,172.911,584.338,0.330629,190.554,574.544,0.364222,0
223.759,170.944,0.848895,223.783,235.593,0.836949,176.778,233.645,0.787283,155.262,313.925,0.751049,149.49,382.567,0.864677,268.879,235.625,0.793048,286.516,310.057,0.741178,286.495,382.489,0.805311,215.974,378.619,0.673976,186.598,378.615,0.641671,186.607,476.626,0.748836,182.735,560.831,0.592743,245.379,380.533,0.672639,241.365,478.521,0.799195,235.576,570.62,0.611945,212.042,163.104,0.948354,229.776,163.156,0.899961,198.417,170.952,0.705063,243.523,176.774,0.855723,235.597,603.872,0.427703,247.322,600.007,0.468255,229.725,582.335,0.441118,182.709,586.245,0.391582,170.97,580.41,0.372835,190.56,570.631,0.401109,0
223.758,174.831,0.858752,223.836,237.583,0.861472,176.835,235.62,0.79915,151.433,315.904,0.779903,149.42,384.575,0.862672,268.929,239.455,0.803085,286.566,313.926,0.742766,288.38,384.541,0.810045,214.089,382.556,0.713124,184.639,382.549,0.6822,182.759,480.531,0.742089,180.841,574.558,0.667222,245.368,382.584,0.698158,239.546,480.508,0.788032,235.612,576.502,0.675112,212.045,163.197,0.94711,229.763,165.011,0.907026,198.437,172.924,0.710705,243.529,176.8,0.860618,239.474,609.764,0.584713,247.366,603.909,0.60751,229.712,586.315,0.56571,180.808,605.873,0.548594,169.024,601.997,0.521147,190.539,586.232,0.528259,0
221.907,174.845,0.860225,223.803,239.542,0.874852,176.817,239.479,0.810337,157.201,317.832,0.777547,149.353,384.524,0.8833,268.877,241.369,0.818486,286.529,315.945,0.764251,286.549,386.42,0.828845,214.042,382.535,0.713834,182.749,382.531,0.683421,182.767,482.444,0.729046,182.662,578.434,0.66795,243.51,382.566,0.709292,239.516,482.477,0.761919,237.514,578.432,0.674158,212.04,164.997,0.959432,229.769,165.036,0.910584,198.443,176.751,0.711817,243.538,178.691,0.887445,237.575,607.848,0.565398,247.371,603.895,0.584261,229.728,588.177,0.539327,182.691,607.839,0.587388,170.951,603.921,0.559979,190.56,586.302,0.539383,0
223.803,174.86,0.871544,223.819,239.539,0.879471,176.829,239.488,0.813897,157.253,317.904,0.785471,149.4,386.421,0.869131,268.883,239.548,0.814072,286.532,317.846,0.765115,286.565,384.582,0.83358,214.07,382.51,0.717478,182.742,382.499,0.687351,182.761,478.611,0.759259,182.669,576.482,0.640296,245.371,382.555,0.699281,239.535,480.495,0.788399,237.541,576.47,0.651304,212.082,165.021,0.956243,229.794,165.055,0.904408,198.426,174.874,0.759803,243.523,178.683,0.881542,241.421,609.809,0.49647,251.258,603.901,0.513372,231.658,588.189,0.498576,180.829,613.682,0.53536,174.835,605.904,0.490486,190.535,586.307,0.493183,0
223.854,174.855,0.872513,223.816,239.5,0.869051,176.824,239.448,0.803621,159.152,317.905,0.78313,149.393,386.517,0.84805,268.883,239.526,0.81133,286.474,317.859,0.758528,286.464,384.588,0.808619,215.972,382.501,0.705712,184.697,382.475,0.670618,182.764,478.499,0.76797,180.756,570.631,0.628195,245.381,382.554,0.697438,239.509,478.589,0.796531,235.624,572.556,0.65914,212.11,165.01,0.944088,231.701,165.048,0.888435,198.438,176.739,0.756657,245.364,178.677,0.853774,241.449,609.777,0.557189,253.208,603.881,0.58326,227.827,582.341,0.510211,182.736,609.772,0.416913,172.904,603.929,0.38844,184.682,582.339,0.457592,0
223.831,174.877,0.868392,223.802,239.504,0.865568,176.805,239.478,0.804139,157.213,319.799,0.789452,149.391,390.358,0.835297,268.889,239.511,0.805191,284.534,317.903,0.73889,282.576,390.341,0.759077,214.108,382.521,0.705154,184.655,382.51,0.670702,184.638,478.567,0.76399,180.778,572.538,0.635799,245.381,382.551,0.694194,239.501,480.458,0.783232,237.559,572.63,0.663437,212.091,165.017,0.94367,231.687,165.061,0.890669,198.409,176.755,0.761137,243.553,178.718,0.861368,241.44,609.784,0.608479,253.208,603.899,0.629237,229.708,584.296,0.517224,182.706,609.789,0.43504,172.917,603.948,0.406485,184.707,582.363,0.465332,0
