-0.038711699999999995,-0.7629374,0.861792,-0.038467699999999994,-0.5449914,0.824108,-0.3481655,-0.5287344,0.805987,-0.7541834999999999,-0.4358534,0.901815,-0.5128094999999999,-0.6376534,0.888423,0.2712865,-0.5667184,0.844652,0.6487155,-0.4195714,0.855687,0.48407550000000005,-0.6484054,0.895349,0.0,0.0,0.635608,-0.2029065,7.390000000000174e-05,0.660708,-0.2124725,0.3597706,0.827382,-0.2704415,0.7354646,0.782913,0.1839985,-3.9600000000000746e-05,0.645826,0.2516185,0.3597506,0.829083,0.3292115,0.7303296,0.800437,-0.11570889999999999,-0.7903654,0.89776,0.029045500000000002,-0.7904934,0.937312,-0.1933745,-0.7520274,0.876372,0.11614350000000001,-0.7682864,0.835523,0.43550950000000005,0.8609876,0.648594,0.49353549999999996,0.8337126,0.685634,0.2710215,0.7683126,0.698855,-0.31905649999999997,0.8555246,0.708209,-0.3770445,0.8285166,0.716196,-0.21271649999999998,0.7467956,0.721846,1
-0.04768220000000001,-0.7628883,0.863903,-0.038472900000000004,-0.5448653,0.829362,-0.3482111,-0.5286873,0.807089,-0.7541021,-0.4358763,0.908429,-0.5128501,-0.6376483,0.886578,0.2711889,-0.5665973,0.839255,0.6486388999999999,-0.4196653,0.855166,0.48391789999999996,-0.6484702999999999,0.897778,0.0,0.0,0.637688,-0.20289610000000002,9.180000000000299e-05,0.662238,-0.2126701,0.3759347,0.830254,-0.2611591,0.7354747,0.78071,0.1840079,-3.6599999999997745e-05,0.646675,0.25161490000000003,0.3650827,0.827402,0.3292049,0.7302247000000001,0.792213,-0.1157403,-0.7903273,0.900744,0.028956899999999994,-0.7904612999999999,0.935755,-0.19339630000000002,-0.7519572999999999,0.879486,0.1071749,-0.7629182999999999,0.842119,0.4356279,0.8610837,0.653574,0.49367089999999997,0.8338157,0.678987,0.27092890000000003,0.7629857,0.704016,-0.32859510000000003,0.8555527,0.716527,-0.3771751,0.8285307000000001,0.718358,-0.2124931,0.7468197000000001,0.7354,1
-0.047569700000000006,-0.7682799,0.858132,-0.038302300000000004,-0.5450429,0.82263,-0.34795539999999997,-0.5287919,0.806494,-0.7540034,-0.43579690000000004,0.89486,-0.5127254,-0.6376729,0.881615,0.2714586,-0.5667349,0.846594,0.6483426,-0.41413390000000005,0.87281,0.4840896,-0.6484589000000001,0.902383,0.0,0.0,0.634501,-0.2030074,9.479999999999905e-05,0.666527,-0.2126674,0.37598109999999996,0.828373,-0.2702654,0.7356731,0.791052,0.1840886,-8.09000000000018e-05,0.641544,0.2517086,0.3651871,0.827556,0.32938860000000003,0.7302911,0.80446,-0.11559620000000001,-0.7904619,0.882197,0.029177599999999998,-0.7956729,0.909705,-0.1930966,-0.7520199000000001,0.868472,0.11654259999999998,-0.7630069,0.822935,0.43581460000000005,0.8609901,0.647525,0.49388160000000003,0.8337351,0.681287,0.2711526,0.7630131,0.724296,-0.32875740000000003,0.8556950999999999,0.72338,-0.3772674,0.8337730999999999,0.717614,-0.2125454,0.7574981,0.720971,1
-0.029059699999999994,-0.762866,0.849904,-0.028848099999999995,-0.544954,0.817295,-0.3384183,-0.528733,0.791544,-0.7356602999999999,-0.435765,0.892479,-0.5033033,-0.642881,0.885578,0.29002269999999997,-0.566609,0.837068,0.6575587,-0.408667,0.878001,0.49335369999999995,-0.648427,0.907508,0.0,0.0,0.630813,-0.1937813,0.00010949999999999849,0.667878,-0.2034503,0.376125,0.829574,-0.2517993,0.73572,0.7925,0.1933837,-0.005241000000000003,0.63843,0.2611287,0.365217,0.827751,0.33869669999999996,0.730317,0.802964,-0.0968752,-0.790312,0.884339,0.0386557,-0.795436,0.924429,-0.1837353,-0.751943,0.868925,0.12563570000000002,-0.76824,0.832123,0.44499969999999994,0.861229,0.681419,0.5030997,0.833973,0.690491,0.2804687,0.762953,0.734762,-0.3194773,0.8609559999999999,0.71837,-0.3679883,0.833848,0.709664,-0.2030883,0.757554,0.728122,1
-0.0381297,-0.7575961,0.848869,-0.03831230000000001,-0.5396851,0.826176,-0.3479585,-0.5234311,0.802335,-0.7447735,-0.4305431,0.895678,-0.5124865,-0.6377200999999999,0.892063,0.2713915,-0.5613440999999999,0.845721,0.6482895000000001,-0.4086991,0.878822,0.48435049999999996,-0.6377330999999999,0.88481,0.0,0.0,0.627641,-0.2030285,6.910000000000249e-05,0.658017,-0.2126695,0.3813119,0.829546,-0.2704805,0.7411639000000001,0.794279,0.1841425,-5.710000000000437e-05,0.631703,0.2519145,0.3758769,0.827292,0.32937049999999995,0.7355749,0.806551,-0.09650772,-0.7849941,0.882922,0.0295155,-0.7849691000000001,0.937688,-0.1929666,-0.7467611000000001,0.864004,0.11635249999999998,-0.7521351000000001,0.834302,0.4354704999999999,0.8662738999999999,0.673226,0.4936335,0.8339019000000001,0.701763,0.2711285,0.7682328999999999,0.73925,-0.32852950000000003,0.8663399,0.723076,-0.37721550000000004,0.8392489000000001,0.715349,-0.2128235,0.7629368999999999,0.713845,1
-0.0380949,-0.7575978,0.841223,-0.0382806,-0.5396917999999999,0.820678,-0.34795790000000004,-0.5234188,0.799012,-0.7447018999999999,-0.43066879999999996,0.900261,-0.5125689,-0.6376788,0.884871,0.2713411,-0.5613228,0.842661,0.6483221,-0.40349880000000005,0.878814,0.4843961,-0.6377168,0.88647,0.0,0.0,0.635734,-0.2029039,0.005230600000000002,0.664921,-0.21248889999999998,0.3705522,0.822966,-0.2704019,0.7410382,0.78873,0.18405410000000003,-6.499999999999562e-05,0.64081,0.25178710000000004,0.37051219999999996,0.823378,0.32932110000000003,0.7356812,0.800163,-0.09645667399999999,-0.7849918,0.878888,0.029501100000000002,-0.7850458,0.930589,-0.18372329999999998,-0.7467768,0.866174,0.11638309999999999,-0.7521947999999999,0.817012,0.4454211,0.8716012000000001,0.67451,0.49378310000000003,0.8392542000000001,0.686443,0.27105809999999997,0.7683812,0.734317,-0.32883989999999996,0.8662302000000001,0.722839,-0.3772989,0.8391312000000001,0.71463,-0.2128239,0.7628922,0.716425,1
-0.0291893,-0.7628976000000001,0.844224,-0.0384542,-0.5503166,0.816744,-0.3479865,-0.5287816000000001,0.792473,-0.7447525,-0.4361336,0.901948,-0.5126585,-0.6429066,0.883122,0.2710395,-0.5666996000000001,0.848631,0.6483964999999999,-0.4141466,0.863051,0.49297349999999995,-0.6429676000000001,0.884595,0.0,0.0,0.637369,-0.2030095,7.769999999999999e-05,0.652731,-0.2127395,0.3651484,0.812718,-0.2707885,0.7356773999999999,0.791531,0.1840395,-5.739999999999912e-05,0.630922,0.2516805,0.3652264,0.820466,0.32914350000000003,0.7354944,0.80162,-0.096688672,-0.7902786,0.888456,0.029364499999999988,-0.7903566000000001,0.934575,-0.19313740000000001,-0.7468496,0.874868,0.1162985,-0.7521296000000001,0.836803,0.4451045,0.8663183999999999,0.65991,0.4935474999999999,0.8392704,0.659148,0.27107950000000003,0.7683513999999999,0.715997,-0.32887849999999996,0.8555754,0.722131,-0.37744049999999996,0.8285884,0.716002,-0.21317950000000002,0.7575883999999999,0.69579,1
-0.03843300000000001,-0.7575692,0.836474,-0.0384125,-0.5505392,0.81616,-0.347922,-0.5286822000000001,0.766444,-0.7539889999999999,-0.43585619999999997,0.892651,-0.521765,-0.6429042,0.882726,0.26195999999999997,-0.5615042,0.844686,0.638951,-0.41426419999999997,0.858687,0.48371899999999995,-0.6431042,0.896453,0.0,0.0,0.643018,-0.212005,1.4299999999994872e-05,0.647708,-0.22200799999999998,0.3813108,0.835771,-0.280243,0.7412378,0.801954,0.174765,-3.4000000000006247e-06,0.631856,0.242415,0.3704778,0.826883,0.319999,0.7356608,0.803571,-0.09657133,-0.7850032,0.875775,0.020064999999999986,-0.7850472000000001,0.929188,-0.1930984,-0.7466732,0.855237,0.10718699999999999,-0.7576422,0.804219,0.42595299999999997,0.8664227999999999,0.686735,0.484114,0.8391828,0.714174,0.261814,0.7682977999999999,0.71416,-0.338149,0.8609127999999999,0.724902,-0.38675200000000004,0.8339538,0.735332,-0.222444,0.7737168,0.663653,1
-0.029117000000000004,-0.7576936,0.834637,-0.02915999999999999,-0.5504516,0.808135,-0.32916460000000003,-0.5287456,0.760164,-0.7353316000000001,-0.4359946,0.866172,-0.5125086,-0.6430386,0.892757,0.2709194,-0.5614526,0.844549,0.6485424,-0.4142776,0.84373,0.49284639999999996,-0.6431526,0.880602,0.0,0.0,0.627518,-0.2028166,0.005209699999999998,0.640238,-0.2128256,0.3758124,0.825009,-0.2711656,0.7409084,0.792385,0.18371140000000002,-5.200000000001037e-05,0.627252,0.2516004,0.3651084,0.837234,0.3291784,0.7353964,0.790835,-0.08734718,-0.7850496,0.881688,0.029190400000000005,-0.7902206,0.913612,-0.193289,-0.7415726,0.873699,0.11619840000000001,-0.7738166,0.832044,0.42582040000000004,0.8607564,0.629797,0.49325139999999995,0.8336504,0.691719,0.2710264,0.7627804,0.714603,-0.31932859999999996,0.8554054,0.715627,-0.3774086,0.8336954,0.734201,-0.2226506,0.7574944,0.679987,1
-0.0384206,-0.762939,0.834197,-0.038347900000000004,-0.555778,0.807779,-0.338424,-0.534014,0.756224,-0.7444609999999999,-0.441279,0.850976,-0.5220899999999999,-0.64288,0.883638,0.271169,-0.566773,0.831475,0.6483410000000001,-0.419513,0.843937,0.47445699999999996,-0.653691,0.907913,0.0,0.0,0.643272,-0.2029048,3.639999999999893e-05,0.645791,-0.221958,0.370605,0.835584,-0.280516,0.73561,0.794307,0.174682,-0.005222300000000006,0.629992,0.242541,0.365207,0.834202,0.319675,0.73038,0.799557,-0.09641952000000001,-0.790321,0.882413,0.019914,-0.790394,0.914235,-0.19331,-0.75204,0.852141,0.106892,-0.779091,0.828159,0.42601700000000003,0.8503229999999999,0.602288,0.48393,0.828405,0.66714,0.261527,0.763031,0.719606,-0.318999,0.844864,0.721028,-0.37747,0.828422,0.741898,-0.231989,0.752131,0.662556,1
-0.02892299999999999,-0.76279,0.82019,-0.03830099999999999,-0.555755,0.803163,-0.328778,-0.533988,0.754021,-0.744699,-0.44127399999999994,0.854133,-0.522101,-0.637497,0.878268,0.26164600000000005,-0.566744,0.837345,0.648644,-0.42486599999999997,0.816066,0.47476000000000007,-0.653718,0.914507,0.0,0.0,0.632483,-0.2029038,-1.990000000000325e-05,0.629896,-0.22197499999999998,0.354418,0.824757,-0.280401,0.735703,0.791074,0.174715,2.2000000000008124e-06,0.621999,0.24235300000000004,0.354407,0.821175,0.319767,0.730322,0.792179,-0.09640191,-0.790322,0.875561,0.020036000000000012,-0.7954629999999999,0.906081,-0.1931741,-0.746729,0.868657,0.116465,-0.779234,0.823038,0.4259160000000001,0.844707,0.569235,0.483785,0.823084,0.633379,0.261851,0.76837,0.702198,-0.328525,0.850163,0.683319,-0.386596,0.8284320000000001,0.700275,-0.23184,0.7522610000000001,0.673444,1
-0.0385808,-0.7574820999999999,0.826931,-0.01959559999999999,-0.5556730999999999,0.80315,-0.329121,-0.5288290999999999,0.74985,-0.735222,-0.43603410000000004,0.838324,-0.522408,-0.6375811,0.876363,0.27105799999999997,-0.5614351,0.815481,0.648142,-0.4196741,0.833155,0.47415300000000005,-0.6484381,0.912038,0.0,0.0,0.628444,-0.2031507,1.0799999999991372e-05,0.610894,-0.22265,0.3544439,0.781894,-0.289762,0.7411839,0.793216,0.183666,-1.4399999999997748e-05,0.597128,0.24197799999999997,0.3596679,0.822128,0.319241,0.7302589,0.786088,-0.09671416,-0.7850091,0.873068,0.019815000000000013,-0.7850741,0.90569,-0.1934127,-0.7468201,0.834477,0.116214,-0.7684770999999999,0.796994,0.40629099999999996,0.8336779000000001,0.518168,0.473696,0.8173769000000001,0.583732,0.27075899999999997,0.7629789,0.6887,-0.33859,0.8610069,0.710591,-0.38710300000000003,0.8391719000000001,0.69612,-0.222943,0.7629789,0.691846,1
-0.028940499999999994,-0.757536,0.824023,-0.028755299999999998,-0.555861,0.816037,-0.32869899999999996,-0.5342020000000001,0.747406,-0.725271,-0.436081,0.836107,-0.522131,-0.6375620000000001,0.879912,0.27109400000000006,-0.5615330000000001,0.823762,0.639286,-0.424991,0.84423,0.4744630000000001,-0.648413,0.903278,0.0,0.0,0.620901,-0.20296039999999999,3.250000000000475e-05,0.616599,-0.221868,0.354288,0.809051,-0.289508,0.741026,0.791058,0.17467600000000003,-5.3499999999997994e-05,0.609032,0.24225,0.35952300000000004,0.825673,0.31966300000000003,0.735587,0.784002,-0.0870716,-0.785101,0.870411,0.020154000000000005,-0.7851440000000001,0.907094,-0.1837323,-0.7468130000000001,0.843012,0.116505,-0.768553,0.805274,0.43563700000000005,0.8445509999999999,0.476578,0.474488,0.8281499999999999,0.571016,0.271281,0.7736609999999999,0.669034,-0.3288,0.860829,0.705786,-0.386787,0.833901,0.695268,-0.23192,0.762886,0.68074,1
-0.03834320000000001,-0.7575253999999999,0.826953,-0.019288300000000008,-0.5557563999999999,0.82,-0.319253,-0.5340724,0.753245,-0.72544,-0.43590239999999997,0.845118,-0.522098,-0.6375204,0.876637,0.271129,-0.5614323999999999,0.82309,0.648341,-0.4196824,0.839912,0.474465,-0.6431714,0.888233,0.0,0.0,0.631648,-0.20288620000000002,5.100000000007876e-06,0.62409,-0.222074,0.35427359999999997,0.824084,-0.289697,0.7411186000000001,0.79491,0.174651,-2.8799999999995496e-05,0.615006,0.242091,0.3543306,0.839025,0.319656,0.7354996,0.777996,-0.09647324,-0.7850014,0.871075,0.020041000000000003,-0.7850414,0.90419,-0.1836374,-0.7467604,0.839529,0.116313,-0.7682734,0.804644,0.435457,0.8554706000000001,0.5611,0.48380100000000004,0.8336376000000001,0.65476,0.271001,0.7630266,0.686873,-0.328681,0.8609186000000001,0.701961,-0.386681,0.8339776000000001,0.703812,-0.232084,0.7628876,0.62528,1
-0.03855310000000001,-0.7520435,0.830927,-0.0196592,-0.5504465000000001,0.824121,-0.319469,-0.5287995,0.74922,-0.725819,-0.43051150000000005,0.845778,-0.522473,-0.6321575,0.880238,0.27085,-0.5560935,0.822288,0.648198,-0.4195065,0.832758,0.474258,-0.6377715,0.884784,0.0,0.0,0.620007,-0.1937582,-1.7500000000003624e-05,0.598682,-0.222281,0.3649965,0.81819,-0.289844,0.7465105,0.790604,0.183691,-1.3700000000005375e-05,0.592103,0.242043,0.3597415,0.839191,0.31934799999999997,0.7356505,0.769654,-0.09671343,-0.7795235,0.883052,0.028725999999999988,-0.7796195,0.905224,-0.18398029999999999,-0.7413375,0.837603,0.116222,-0.7630155000000001,0.797799,0.425629,0.8610355,0.592476,0.47423199999999993,0.8391554999999999,0.671564,0.27071,0.7683085,0.688972,-0.319563,0.8609935,0.696335,-0.377905,0.8392785,0.70895,-0.23229699999999998,0.7682495,0.623946,1
-0.04772,-0.7466579,0.830037,-0.028583499999999998,-0.5502469000000001,0.819048,-0.328355,-0.5285858999999999,0.753747,-0.734577,-0.43045190000000005,0.837831,-0.5312060000000001,-0.6321169,0.877561,0.26177900000000004,-0.5558999,0.817902,0.639131,-0.4193959,0.837126,0.46511700000000006,-0.6427738999999999,0.907218,0.0,0.0,0.618286,-0.2026057,1.6900000000000248e-05,0.593914,-0.23136400000000001,0.3599891,0.81437,-0.298959,0.7465660999999999,0.791384,0.17467500000000002,-3.3800000000000496e-05,0.585264,0.233064,0.3597611,0.842771,0.310454,0.7357761,0.765598,-0.0964876,-0.7793928999999999,0.880547,0.010707000000000008,-0.7794418999999999,0.909552,-0.1930094,-0.7464419,0.827009,0.10715200000000001,-0.7628389,0.798182,0.41653500000000004,0.8611180999999999,0.607718,0.47457200000000005,0.8392651,0.680384,0.261737,0.7684371000000001,0.691744,-0.328406,0.8664961,0.713869,-0.386823,0.8395520999999999,0.714575,-0.24145100000000003,0.7629461,0.62837,1
-0.03882039999999999,-0.7574816,0.834464,-0.0193845,-0.5558255999999999,0.817105,-0.309981,-0.5342226000000001,0.761601,-0.716189,-0.4362196,0.828712,-0.522316,-0.6377265999999999,0.884727,0.27078399999999997,-0.5614986,0.815856,0.648033,-0.4197476,0.833308,0.483197,-0.6482935999999999,0.894425,0.0,0.0,0.633762,-0.19353789999999998,2.5999999999998247e-05,0.60662,-0.222385,0.3596614,0.807141,-0.290187,0.7410724,0.800057,0.17442199999999997,-0.00010029999999999761,0.615758,0.241906,0.3542254,0.84432,0.319447,0.7300764,0.768589,-0.09680309999999999,-0.7849915999999999,0.88143,0.019637,-0.7850336,0.909204,-0.1840444,-0.7520586,0.833727,0.12544900000000003,-0.7685426,0.80284,0.40637199999999996,0.8446663999999999,0.608145,0.47401499999999996,0.8283824,0.703198,0.280364,0.7574974000000001,0.658308,-0.31968599999999997,0.8609283999999999,0.722725,-0.377993,0.8391264,0.727649,-0.23249199999999998,0.7575424,0.595153,1
-0.047777,-0.7574593,0.832929,-0.028539899999999993,-0.5558183,0.819651,-0.319097,-0.5395203,0.760645,-0.7347889999999999,-0.4361373,0.833956,-0.531527,-0.6374983,0.885849,0.26187099999999996,-0.5614842999999999,0.816078,0.639055,-0.4250163,0.844509,0.474234,-0.6430332999999999,0.8706,0.0,0.0,0.625867,-0.2025261,-1.3999999999986246e-06,0.600989,-0.23129,0.3595777,0.809583,-0.29923,0.7410677,0.798159,0.17457499999999998,-5.479999999999374e-05,0.600668,0.23296899999999998,0.3542627,0.844293,0.310478,0.7301627,0.765316,-0.0965338,-0.7849573,0.883107,0.010569000000000009,-0.7850473,0.909572,-0.19296819999999998,-0.7468233,0.833826,0.116637,-0.7736702999999999,0.819026,0.40699199999999996,0.8501307,0.579886,0.46516399999999997,0.8336497,0.680789,0.2809,0.7628397,0.63815,-0.338082,0.8556207,0.720295,-0.396034,0.8391137000000001,0.722501,-0.241496,0.7575997,0.588197,1
-0.047790700000000005,-0.7522006,0.833582,-0.028458300000000006,-0.5558166,0.820706,-0.31913800000000003,-0.5395086,0.758759,-0.7348169999999999,-0.43610460000000006,0.8361,-0.531704,-0.6322366,0.887184,0.27133399999999996,-0.5615436,0.815681,0.6485080000000001,-0.4249386,0.83241,0.47457199999999994,-0.6376796,0.846192,0.0,0.0,0.630972,-0.2026312,1.0899999999994248e-05,0.60282,-0.22241300000000003,0.3544424,0.813837,-0.299119,0.7409844,0.800949,0.17477399999999998,-6.839999999999624e-05,0.598872,0.23278499999999996,0.35427939999999997,0.846709,0.310322,0.7301524,0.77264,-0.09654130000000001,-0.7849536,0.879927,0.010544999999999985,-0.7850406,0.914123,-0.19294670000000003,-0.7520406000000001,0.828864,0.11662199999999999,-0.7736676,0.819646,0.406734,0.8500544,0.586972,0.464952,0.8284484,0.688826,0.271345,0.7575613999999999,0.642996,-0.338034,0.8554854,0.711695,-0.396062,0.8338554,0.731285,-0.24148799999999998,0.7574834,0.608221,1
-0.047854499999999994,-0.7575204,0.829563,-0.0286796,-0.5558034,0.809187,-0.328672,-0.5341844,0.753597,-0.734834,-0.43616540000000004,0.835315,-0.5317000000000001,-0.6323434,0.885686,0.27139,-0.5615974,0.814186,0.648489,-0.4250084,0.83268,0.4745,-0.6429604,0.854461,0.0,0.0,0.628698,-0.2026014,6.899999999990247e-06,0.598631,-0.222436,0.3595356,0.817122,-0.289957,0.7408766,0.780309,0.17474700000000004,-5.8700000000008745e-05,0.597036,0.232755,0.3542936,0.842916,0.310315,0.7301856,0.778814,-0.10582739,-0.7850544,0.878453,0.010445999999999997,-0.7851384,0.911593,-0.1930006,-0.7521834000000001,0.825958,0.116468,-0.7738514,0.825929,0.406746,0.8446486,0.59111,0.464991,0.8282916,0.692069,0.27126700000000004,0.7628306,0.655038,-0.328637,0.8555536,0.702143,-0.386984,0.8338406,0.72059,-0.232096,0.7573346,0.642359,1
-0.047840900000000006,-0.7575308000000001,0.831444,-0.02863890000000001,-0.5610078000000001,0.806069,-0.338039,-0.5341308,0.757701,-0.734907,-0.44135880000000005,0.844155,-0.531424,-0.6428458,0.892241,0.271467,-0.5668288,0.816175,0.6392720000000001,-0.42504580000000003,0.829443,0.474609,-0.6482298,0.854249,0.0,0.0,0.630792,-0.202556,2.2299999999995934e-05,0.601305,-0.222308,0.35431419999999997,0.821553,-0.289833,0.7355732,0.771985,0.17475400000000002,-0.005260899999999999,0.599027,0.232804,0.3489502,0.846004,0.310339,0.7302611999999999,0.784998,-0.10583917000000001,-0.7902598000000001,0.881666,0.010436,-0.7903648,0.915359,-0.1930569,-0.7574038000000001,0.828679,0.11641199999999999,-0.7791068,0.825613,0.40689000000000003,0.8501772,0.600801,0.474227,0.8283792,0.678996,0.261745,0.7629752,0.669213,-0.32857000000000003,0.8502932,0.702763,-0.38693,0.8285781999999999,0.718814,-0.232055,0.7469042,0.623256,1
-0.0478078,-0.7575235,0.830704,-0.028779100000000002,-0.5558195,0.802218,-0.338036,-0.5340235,0.761018,-0.7348060000000001,-0.4412385,0.849139,-0.531551,-0.6374785000000001,0.890731,0.271198,-0.5668315,0.822871,0.6391479999999999,-0.42499950000000003,0.834125,0.474581,-0.6482335,0.854433,0.0,0.0,0.6354,-0.2025146,-9.499999999995623e-06,0.601282,-0.222389,0.34894949999999997,0.822427,-0.289901,0.7303864999999999,0.76363,0.174672,-0.005244999999999993,0.603439,0.232806,0.3490105,0.841415,0.310359,0.7301865,0.775842,-0.10590643,-0.7902275,0.883912,0.010428000000000007,-0.7903825,0.911733,-0.1931098,-0.7520705,0.834762,0.116387,-0.7791565,0.830689,0.406839,0.8501495,0.581434,0.464983,0.8283705,0.671152,0.27137500000000003,0.7576415,0.632521,-0.338304,0.8502985,0.70287,-0.39614299999999997,0.8286025,0.706263,-0.232017,0.7468585,0.627123,1
-0.03864139999999999,-0.7520374,0.843661,-0.029034099999999993,-0.5559714,0.829127,-0.31936,-0.5395814,0.752982,-0.725687,-0.43601139999999994,0.840941,-0.513003,-0.6429174,0.879937,0.270721,-0.5666844,0.833043,0.6479779999999999,-0.4250174,0.850569,0.48346799999999995,-0.6430163999999999,0.873374,0.0,0.0,0.651664,-0.1936235,6.119999999999737e-05,0.632271,-0.222352,0.36495960000000005,0.810523,-0.29010199999999997,0.7410576,0.779034,0.18353599999999998,-6.490000000000662e-05,0.620742,0.241981,0.3542816,0.842945,0.319376,0.7355416,0.774937,-0.0873591,-0.7849314,0.891596,0.019681000000000004,-0.7850784,0.913759,-0.1838459,-0.7576494,0.790495,0.125527,-0.7738374,0.833414,0.42539699999999997,0.8608826,0.636633,0.483458,0.8337336000000001,0.698249,0.261241,0.7683206,0.68061,-0.329051,0.8555566,0.695566,-0.387134,0.8338706,0.709703,-0.22296,0.7573886000000001,0.597626,1
-0.03874409999999999,-0.7522538,0.836423,-0.029122999999999996,-0.5560018,0.832416,-0.319447,-0.5396558,0.753178,-0.7256199999999999,-0.43600079999999997,0.841374,-0.522014,-0.6377418,0.87799,0.270616,-0.5666788,0.832499,0.647991,-0.4250178,0.851201,0.483397,-0.6430288,0.875067,0.0,0.0,0.651718,-0.19362069999999998,6.640000000000812e-05,0.632886,-0.22230699999999998,0.35977519999999996,0.810862,-0.289984,0.7410312,0.78147,0.183529,-7.290000000000074e-05,0.621806,0.242014,0.35428319999999996,0.843174,0.319405,0.7355462,0.775257,-0.0873751,-0.7850138,0.886362,0.01954900000000001,-0.7851258,0.918112,-0.1838454,-0.7629758,0.799676,0.125484,-0.7738368,0.837416,0.425418,0.8608782,0.636293,0.48348399999999997,0.8337332,0.698403,0.261274,0.7683212,0.680928,-0.328907,0.8554512,0.699607,-0.386993,0.8337872,0.720026,-0.232197,0.7574282,0.588882,1
-0.03884989999999999,-0.7521848,0.836189,-0.02904699999999999,-0.5559008,0.828058,-0.31949099999999997,-0.5394738,0.754068,-0.725674,-0.43593879999999996,0.841249,-0.5220899999999999,-0.6376818,0.878493,0.270741,-0.5666278,0.832081,0.647977,-0.41974179999999994,0.846497,0.48341999999999996,-0.6429467999999999,0.873019,0.0,0.0,0.651782,-0.1935832,6.079999999999974e-05,0.629931,-0.22236699999999998,0.3598142,0.811441,-0.290034,0.7410522,0.779632,0.18349400000000002,-6.710000000000049e-05,0.621205,0.241957,0.3543212,0.843042,0.319395,0.7355452,0.776823,-0.0875233,-0.7849368,0.883279,0.019450999999999996,-0.7850688,0.920429,-0.18401279999999998,-0.7576208,0.798717,0.125551,-0.7738028,0.835132,0.42545,0.8662492,0.647305,0.483475,0.8338692000000001,0.697018,0.26121099999999997,0.7629562000000001,0.685655,-0.32905799999999996,0.8555952,0.695808,-0.387161,0.8339132,0.71028,-0.22287099999999999,0.7574052,0.618921,1
-0.038664699999999996,-0.7520451,0.835909,-0.019559499999999994,-0.5558331,0.826946,-0.319405,-0.5394461,0.755294,-0.725637,-0.43588610000000005,0.840775,-0.513057,-0.6428401,0.877247,0.270878,-0.5665581000000001,0.827392,0.648103,-0.42485910000000005,0.840043,0.483548,-0.6376911000000001,0.85952,0.0,0.0,0.651605,-0.1935577,5.739999999999912e-05,0.630331,-0.22234700000000002,0.3598239,0.811114,-0.290048,0.7410969,0.780108,0.17443799999999998,-7.329999999999837e-05,0.623551,0.24196999999999996,0.35436290000000004,0.844416,0.319328,0.7302548999999999,0.779192,-0.0873248,-0.7848801,0.891276,0.01961800000000001,-0.7849961,0.91165,-0.174461,-0.7574771,0.795386,0.125701,-0.7737501,0.829684,0.425389,0.8662919,0.661354,0.48351299999999997,0.8338968999999999,0.699803,0.261079,0.7575569,0.713655,-0.329015,0.8556269,0.696193,-0.387123,0.8339468999999999,0.711342,-0.22289,0.7574339,0.615186,1
-0.0386271,-0.7521483999999999,0.831095,-0.019377500000000006,-0.5558194,0.828649,-0.310013,-0.5395144,0.757677,-0.716066,-0.43588839999999995,0.846388,-0.513085,-0.6376514,0.876503,0.270847,-0.5615384,0.828214,0.648119,-0.4248824,0.83814,0.48348800000000003,-0.6429043999999999,0.871084,0.0,0.0,0.650171,-0.1936033,4.4900000000000495e-05,0.630563,-0.222337,0.3597986,0.81139,-0.289989,0.7410446,0.774018,0.17448399999999997,-6.429999999998937e-05,0.622268,0.24197999999999997,0.35436660000000003,0.844563,0.319347,0.7302696000000001,0.779588,-0.087271,-0.7848954,0.891008,0.019688999999999998,-0.7849744,0.912135,-0.174266,-0.7575573999999999,0.801475,0.12554700000000002,-0.7684224,0.812687,0.42545599999999995,0.8662946,0.662399,0.48355499999999996,0.8339036,0.69875,0.261073,0.7575806,0.715951,-0.329019,0.8556266,0.692829,-0.38710900000000004,0.8339506,0.705933,-0.22281299999999998,0.7522576,0.613548,1
-0.038158,-0.7575202000000001,0.828617,-0.028387300000000004,-0.5611582,0.825015,-0.328298,-0.5395302000000001,0.756867,-0.725067,-0.4412002,0.84418,-0.531098,-0.6429892,0.879338,0.261913,-0.5668922000000001,0.8286,0.638952,-0.4248452,0.84362,0.4748,-0.6429522000000001,0.86017,0.0,0.0,0.65859,-0.2025122,6.110000000000143e-05,0.634441,-0.231292,0.3544798,0.811395,-0.298974,0.7356807999999999,0.775452,0.17469199999999996,-5.440000000000306e-05,0.630749,0.23305399999999998,0.34903480000000003,0.843947,0.31039,0.7249568,0.780249,-0.09612380000000001,-0.7902442000000001,0.891417,0.010783000000000001,-0.7903742,0.908265,-0.1832003,-0.7627712,0.811001,0.116606,-0.7790292000000001,0.820626,0.41663799999999995,0.8557338,0.668809,0.47480500000000003,0.8285087999999999,0.700554,0.25203899999999996,0.7522538,0.720384,-0.337951,0.8502208,0.700177,-0.396067,0.8285338,0.716088,-0.23181800000000002,0.7468378,0.621737,1
-0.02918749999999999,-0.7575995,0.829221,-0.019557999999999992,-0.5611725000000001,0.818276,-0.31949,-0.5395455,0.754434,-0.716052,-0.44128249999999997,0.838869,-0.513056,-0.6430805,0.872761,0.27087300000000003,-0.5669295000000001,0.83144,0.647889,-0.42501049999999996,0.843264,0.483762,-0.6428985,0.858977,0.0,0.0,0.653457,-0.1936621,5.809999999999843e-05,0.633163,-0.22236499999999998,0.3596245,0.81115,-0.29003599999999996,0.7356435,0.777045,0.183616,-8.779999999999899e-05,0.624876,0.242002,0.34902350000000004,0.841888,0.319343,0.7248485,0.777809,-0.0873654,-0.7903055,0.887792,0.019684000000000007,-0.7955125000000001,0.905126,-0.174453,-0.7574665,0.81645,0.125703,-0.7791745,0.836407,0.425546,0.8556735,0.670428,0.483703,0.8284585,0.70687,0.261122,0.7521635,0.709935,-0.329073,0.8501964999999999,0.701256,-0.387168,0.8284994999999999,0.717699,-0.222885,0.7467955,0.618611,1
-0.0381358,-0.7575154000000001,0.83025,-0.02849,-0.5558394,0.815511,-0.328469,-0.5342354,0.753323,-0.7441829999999999,-0.4307764,0.840755,-0.522056,-0.6376274000000001,0.865061,0.261972,-0.5615624,0.828254,0.629936,-0.41435140000000004,0.842479,0.47482900000000006,-0.6322574,0.858832,0.0,0.0,0.650697,-0.20268350000000002,0.005222399999999995,0.628564,-0.231348,0.3597486,0.810932,-0.298983,0.7409646,0.777252,0.17470900000000003,-8.990000000000387e-05,0.619188,0.23304,0.3543036,0.84212,0.31038,0.7301626,0.777819,-0.0962567,-0.7849914,0.891432,0.010719000000000006,-0.7902084,0.907912,-0.1833302,-0.7520804,0.823636,0.116761,-0.7738644,0.840629,0.41658300000000004,0.8609905999999999,0.67061,0.4747370000000001,0.8337756,0.7071,0.25216000000000005,0.7574765999999999,0.709566,-0.338052,0.8555126,0.70191,-0.396146,0.8338156,0.71832,-0.231823,0.7521126,0.623023,1
0.0004834999999999978,-0.5077883000000001,0.93336,-6.640000000000118e-05,-0.3548943,0.895069,-0.2326964,-0.3494763,0.855698,-0.3107414,-0.1856603,0.893751,-0.37853040000000004,-0.0490197,0.849626,0.22362460000000003,-0.3658213,0.87857,0.33001359999999996,-0.2019503,0.887094,0.37812959999999995,-0.05454780000000001,0.865713,0.0,0.0,0.790622,-0.1261951,-0.005283200000000002,0.72315,-0.0974236,0.2240887,0.837962,-0.1165416,0.4152367,0.809903,0.1450776,3.539999999999793e-05,0.759678,0.1068606,0.2294047,0.850511,0.13557160000000001,0.4260527,0.818093,-0.0290461,-0.5242823000000001,0.861944,0.0675906,-0.5242563,0.906196,-0.0972445,-0.5080332999999999,0.892743,0.12605860000000002,-0.5131182999999999,0.871834,0.15577660000000002,0.4972557,0.838569,0.2227816,0.4914967,0.849813,0.0874306,0.4477457,0.778042,-0.1652094,0.4918017,0.85402,-0.2324644,0.4860067,0.801299,-0.0873824,0.4423577,0.824679,1
0.0004973999999999951,-0.5078324000000001,0.932969,-7.549999999999918e-05,-0.3549984,0.895609,-0.23271589999999998,-0.3495894,0.856029,-0.3106999,-0.18567840000000002,0.888175,-0.3784229,-0.0491114,0.845066,0.22368910000000003,-0.3658944,0.879243,0.32998710000000003,-0.2020634,0.892676,0.3781601,-0.05458060000000001,0.862758,0.0,0.0,0.790713,-0.1261785,-3.950000000000481e-05,0.721825,-0.0974185,0.22404259999999998,0.837284,-0.1165707,0.4152926,0.80309,0.1361371,2.5299999999998934e-05,0.757811,0.1069771,0.2293286,0.850635,0.12642910000000002,0.4206726,0.818857,-0.029018600000000002,-0.5243454000000001,0.861134,0.0676341,-0.5242914000000001,0.907644,-0.0972221,-0.5081274,0.894747,0.12602809999999998,-0.5131344,0.871912,0.15570610000000001,0.49721960000000004,0.843935,0.21377610000000002,0.4914466,0.846192,0.08747210000000001,0.4476116,0.777135,-0.1654349,0.4970076,0.841941,-0.2326449,0.4861596,0.816884,-0.0873892,0.4424106,0.839796,1
0.0005118999999999957,-0.507902,0.911561,-0.00012109999999999899,-0.349561,0.921527,-0.2325429,-0.349462,0.875291,-0.3105329,-0.191027,0.88781,-0.38807189999999997,-0.0491603,0.877293,0.2233981,-0.355099,0.856928,0.3208051,-0.201988,0.866421,0.37905110000000003,-0.054560500000000005,0.884454,0.0,0.0,0.815663,-0.13557750000000002,-1.5299999999999342e-05,0.740157,-0.1162759,0.223872,0.843848,-0.1259835,0.409792,0.812925,0.13614710000000002,4.0599999999998276e-05,0.773599,0.09736009999999999,0.224026,0.859433,0.11658310000000001,0.4152,0.816406,-0.0290146,-0.524267,0.882168,0.0676051,-0.52424,0.923838,-0.1065107,-0.513211,0.866321,0.11659209999999999,-0.513256,0.857477,0.1553371,0.49180799999999997,0.866433,0.21359709999999998,0.486046,0.84648,0.07795809999999999,0.442201,0.812995,-0.17450890000000002,0.491425,0.831138,-0.2327029,0.480527,0.804915,-0.0873816,0.436907,0.834771,1
0.0006585999999999953,-0.5078155999999999,0.925206,-0.008832100000000002,-0.34415860000000004,0.939671,-0.2323067,-0.3439956,0.890465,-0.3101317,-0.1854586,0.889569,-0.3878087,-0.0544007,0.879267,0.22341329999999998,-0.34937860000000004,0.865199,0.3207243,-0.18560459999999998,0.861865,0.3888213,-0.0435842,0.913256,0.0,0.0,0.810925,-0.1448089,-0.005287,0.742357,-0.1352785,0.2238944,0.84846,-0.1353481,0.40998039999999997,0.827031,0.13597030000000002,8.930000000000049e-05,0.75032,0.0974343,0.22411240000000002,0.866969,0.1072313,0.4098964,0.829462,-0.0382344,-0.5241736,0.872237,0.0678473,-0.5241466,0.915854,-0.10640250000000001,-0.5130606,0.852072,0.1168823,-0.5130866,0.85229,0.1553753,0.4917544,0.84542,0.20429930000000002,0.48601239999999996,0.790435,0.0782003,0.43700439999999996,0.79105,-0.18388369999999998,0.4916424,0.812082,-0.2327187,0.48076339999999995,0.82312,-0.08743100000000001,0.43701239999999997,0.841316,1
0.009566600000000001,-0.5132404,0.915793,-0.00028639999999999916,-0.3496854,0.939171,-0.2236166,-0.3495544,0.893299,-0.3011916,-0.1855514,0.8823,-0.37878059999999997,-0.0599475,0.869412,0.22294239999999999,-0.3549034,0.848186,0.3195524,-0.1911084,0.889099,0.39786940000000004,-0.0490419,0.913725,0.0,0.0,0.840349,-0.136185,-7.550000000000265e-05,0.776368,-0.12678630000000002,0.2187296,0.877744,-0.1264521,0.4097526,0.823133,0.1448294,5.819999999999784e-05,0.773305,0.1062094,0.2239286,0.868456,0.1256194,0.4097166,0.821565,-0.0201178,-0.5296124,0.874924,0.0676834,-0.5296584,0.912173,-0.1070845,-0.5186404,0.858554,0.12562040000000002,-0.5187654,0.857413,0.1645454,0.4862886,0.868882,0.2226974,0.4805236,0.838232,0.08711039999999999,0.4315556,0.757369,-0.1562926,0.4808366,0.825544,-0.22364660000000003,0.4751166,0.823571,-0.0785306,0.43167859999999997,0.839857,1
0.009457599999999997,-0.5077103000000001,0.931909,-0.0003948000000000007,-0.34410630000000003,0.928646,-0.2237047,-0.3440243,0.882505,-0.3011557,-0.1747993,0.883163,-0.3693477,-0.043679,0.858198,0.22278530000000002,-0.3496573,0.828115,0.3101123,-0.1857173,0.887935,0.3972923,-0.0381872,0.925011,0.0,0.0,0.800591,-0.13611220000000002,-9.529999999999955e-05,0.741487,-0.1268176,0.2292737,0.868287,-0.126533,0.4205137,0.825263,0.1448023,-5.999999999964367e-07,0.740296,0.09702430000000001,0.2295837,0.862372,0.10654430000000001,0.41505569999999997,0.842858,-0.029501900000000005,-0.5190483,0.862492,0.0676223,-0.5190313,0.906204,-0.1071563,-0.5078943,0.85926,0.1159223,-0.5079173,0.838614,0.1643103,0.4970267,0.835464,0.21318530000000002,0.4912817,0.799792,0.0867133,0.43697569999999997,0.77187,-0.1563037,0.4916577,0.815693,-0.2236707,0.48591969999999995,0.808625,-0.07857330000000001,0.44239069999999997,0.840419,1
0.0096235,-0.5076073999999999,0.929049,-0.0003433000000000047,-0.3440784,0.921208,-0.22374280000000002,-0.3440204,0.889268,-0.3010698,-0.16949940000000002,0.894094,-0.3689038,-0.0383946,0.856514,0.22289720000000002,-0.34964639999999997,0.81779,0.3104962,-0.1801894,0.894953,0.3882492,-0.038203799999999996,0.915974,0.0,0.0,0.803979,-0.1360728,-0.005342100000000002,0.748819,-0.1262742,0.2293596,0.85965,-0.1262216,0.42055960000000003,0.819196,0.1354762,4.7199999999997244e-05,0.730866,0.09723119999999999,0.22957860000000002,0.866142,0.11637819999999999,0.42052860000000003,0.819557,-0.029251000000000003,-0.5189924,0.85859,0.0677942,-0.5188884,0.905012,-0.09752330000000001,-0.5078054,0.872512,0.10663019999999998,-0.5077773999999999,0.860463,0.16460319999999998,0.5024586,0.846874,0.22279719999999997,0.4915816,0.827334,0.0871682,0.4424216,0.782333,-0.1651048,0.4968686,0.834885,-0.2233678,0.4860396,0.826822,-0.0782265,0.44239660000000003,0.828907,1
0.009456399999999997,-0.49706400000000006,0.933292,-0.0004003000000000062,-0.338629,0.916619,-0.232802,-0.338565,0.886482,-0.301311,-0.163949,0.914106,-0.368964,-0.0328435,0.87813,0.22289699999999996,-0.34944000000000003,0.817631,0.31027099999999996,-0.18553399999999998,0.879484,0.38788,-0.032699099999999995,0.910552,0.0,0.0,0.800778,-0.1361042,-5.660000000000387e-05,0.751475,-0.1261392,0.23470200000000002,0.842844,-0.126199,0.426018,0.818889,0.12619999999999998,-4.780000000000062e-05,0.728496,0.097199,0.23500300000000002,0.866547,0.12608999999999998,0.436949,0.810904,-0.029489900000000003,-0.513428,0.865437,0.067549,-0.5133610000000001,0.896083,-0.10696130000000001,-0.5021490000000001,0.863342,0.09724100000000001,-0.502221,0.871545,0.164472,0.502784,0.884788,0.222864,0.497041,0.854601,0.087602,0.45336099999999996,0.786227,-0.16534700000000002,0.502329,0.828831,-0.223464,0.491518,0.829846,-0.07826,0.44782299999999997,0.833916,1
0.009566100000000001,-0.5025357,0.936309,-0.0003118999999999969,-0.3440667,0.92727,-0.2237343,-0.3440247,0.886601,-0.3011363,-0.17492169999999999,0.883307,-0.3692603,-0.0383654,0.878143,0.22287069999999998,-0.3495607,0.825467,0.3104637,-0.1693017,0.924898,0.3877547,-0.0329494,0.925451,0.0,0.0,0.808678,-0.1360205,-8.149999999999824e-05,0.754159,-0.1264287,0.2293843,0.871849,-0.12653730000000002,0.4313763,0.830451,0.1261137,-4.900000000002125e-06,0.733182,0.09724070000000001,0.2346243,0.865951,0.1259367,0.4314843,0.808758,-0.029289299999999997,-0.5188927000000001,0.869409,0.0676967,-0.5187827,0.907868,-0.1068644,-0.5077997000000001,0.867725,0.09732569999999999,-0.5077407,0.831212,0.1647427,0.5078952999999999,0.836679,0.2230337,0.4967943,0.832018,0.0873777,0.4478203,0.80014,-0.1653343,0.4972653,0.830751,-0.2236413,0.49147630000000003,0.869773,-0.087391,0.4475933,0.831211,1
0.009241299999999994,-0.5025833,0.948697,-0.0004415000000000044,-0.3389353,0.931766,-0.22377980000000003,-0.3388073,0.892265,-0.3013278,-0.1693503,0.909935,-0.3786168,-0.0328059,0.931471,0.2134412,-0.3442493,0.821985,0.3101122,-0.1693523,0.907381,0.3876492,-0.0275383,0.926815,0.0,0.0,0.8126,-0.13599250000000002,-9.05000000000003e-05,0.751321,-0.13577460000000002,0.22957670000000002,0.879593,-0.13586140000000002,0.4314287,0.83797,0.1261642,-5.000000000005e-07,0.733037,0.0970122,0.23480669999999998,0.874143,0.1355692,0.4421867,0.818143,-0.03910508,-0.5188473,0.875134,0.058101799999999995,-0.5188273,0.884805,-0.1071054,-0.5025913,0.857424,0.09705219999999999,-0.5077193,0.865671,0.1643902,0.5025167,0.866364,0.2227252,0.4917077,0.844194,0.09671819999999999,0.4480507,0.765408,-0.17503580000000002,0.5025657,0.82378,-0.23285280000000003,0.4916357,0.883558,-0.0874853,0.4476367,0.839543,1
0.0093658,-0.5078478,0.935112,-0.0003979999999999956,-0.34424180000000004,0.934617,-0.2235817,-0.3440918,0.896683,-0.3014447,-0.1693218,0.943308,-0.37891569999999997,-0.0327936,0.943901,0.2133923,-0.34950780000000004,0.82893,0.30097929999999995,-0.1747878,0.878717,0.37861029999999996,-0.0324887,0.90368,0.0,0.0,0.829936,-0.1359606,-3.2600000000000684e-05,0.773392,-0.1356923,0.22924920000000001,0.875553,-0.1359158,0.4261162,0.846011,0.1166683,5.130000000000065e-05,0.745803,0.0971773,0.2295792,0.870532,0.1357453,0.4370052,0.833674,-0.04836698,-0.5191258,0.884571,0.058117100000000005,-0.5241678,0.879493,-0.1164295,-0.5078598,0.856139,0.0971883,-0.5130427999999999,0.880279,0.1647953,0.5025692,0.850475,0.22311830000000002,0.4915462,0.860863,0.0877973,0.4478542,0.778056,-0.1748027,0.4972332,0.831712,-0.2326767,0.48630019999999996,0.905396,-0.0876739,0.44236119999999995,0.830143,1
3.24250000000001e-05,-0.45291,0.835826,-0.006146372,-0.34893159999999995,0.923698,-0.101127672,-0.34364269999999997,0.798496,-0.128938672,-0.04916899999999996,0.936035,-0.055249772,-0.18551599999999996,0.827854,0.088853828,-0.3490174,0.849627,0.101205328,-0.06554099999999999,0.811516,0.021480128,-0.21278529999999996,0.838149,0.0,0.0,0.783869,-0.058380172,9.40000000000385e-05,0.772342,-0.156488672,0.24550200000000005,0.811526,-0.153246672,0.529175,0.837806,0.064351928,-4.199999999998649e-05,0.765513,0.122717328,0.25093000000000004,0.785532,0.150291328,0.529298,0.764888,-0.012347971999999999,-0.485542,0.906429,0.015500528,-0.48572099999999996,0.927426,-0.046009372,-0.518126,0.670145,0.039863828,-0.523695,0.577921,0.162474328,0.611251,0.75494,0.187024328,0.605518,0.802525,0.141127328,0.567294,0.647981,-0.196313672,0.6110800000000001,0.745555,-0.202526672,0.594687,0.735522,-0.131933672,0.5619210000000001,0.80732,1
-0.00011587000000000012,-0.47463500000000003,0.906222,-0.0033004299999999996,-0.3601822,0.877674,-0.09830524,-0.3547116,0.789596,-0.12587524,-0.07633200000000001,0.904503,-0.052250239999999996,-0.2018203,0.857666,0.08887196,-0.3655968,0.799586,0.10730276,-0.08188700000000002,0.868355,0.02132236,-0.2345769,0.830933,0.0,0.0,0.743333,-0.05835704,0.00519799999999998,0.739317,-0.15363523999999998,0.25639300000000004,0.807118,-0.15029424,0.5399879999999999,0.838794,0.06731685999999999,-1.6999999999989246e-05,0.738957,0.12571876,0.261628,0.76869,0.15021576,0.540168,0.768903,-0.01542354,-0.512616,0.878356,0.01832886,-0.512696,0.920813,-0.04604154,-0.523855,0.70049,0.04276826,-0.529193,0.710109,0.16549676000000002,0.627245,0.764026,0.19000576000000002,0.616358,0.812,0.14397576,0.5782229999999999,0.665114,-0.19632724,0.6219140000000001,0.745519,-0.19959923999999998,0.605529,0.732886,-0.12899323999999998,0.5727789999999999,0.808505,1
-6.842000000000003e-05,-0.48014,0.887813,-0.0032701500000000003,-0.354953,0.918365,-0.09831836000000001,-0.349642,0.821433,-0.12578636,-0.060224,0.869572,-0.04918166,-0.1858711,0.789932,0.08881564,-0.355062,0.821718,0.11336964,-0.082118,0.869101,0.021421739999999998,-0.21845900000000001,0.880224,0.0,0.0,0.747994,-0.05836686,0.005351999999999996,0.721005,-0.15652936,0.294343,0.809754,-0.15030036,0.572496,0.839983,0.06731394,-0.00014800000000000924,0.751616,0.12564664,0.283346,0.76392,0.15023864,0.5726209999999999,0.770279,-0.012439660000000002,-0.507597,0.835517,0.01833824,-0.507552,0.886116,-0.04605956,-0.529306,0.733091,0.042764039999999996,-0.529482,0.777281,0.16549964,0.659795,0.752052,0.19002164,0.648938,0.804875,0.14398464,0.6107009999999999,0.661525,-0.19631736,0.6544519999999999,0.7538,-0.19958736,0.638075,0.73733,-0.12901036,0.605262,0.805261,1
-0.003011766,-0.50187,0.841798,-0.0062538360000000005,-0.38714499999999996,0.916169,-0.101257296,-0.38181299999999996,0.802385,-0.128778296,-0.087061,0.912042,-0.055148095999999994,-0.20721119999999998,0.837229,0.085831904,-0.38727999999999996,0.836705,0.113431704,-0.09831699999999999,0.879064,0.021411504,-0.2235648,0.854217,0.0,0.0,0.742075,-0.05845299599999999,9.800000000001474e-05,0.753288,-0.15660429599999998,0.294604,0.799827,-0.153291296,0.578287,0.838478,0.06444950399999999,-9.599999999998499e-05,0.752255,0.119734704,0.272861,0.783513,0.147241704,0.57828,0.7729,-0.015387696,-0.52402,0.877606,0.015387204000000002,-0.529118,0.914573,-0.049040895999999994,-0.556458,0.70254,0.039748704,-0.561965,0.615309,0.16249870400000002,0.665486,0.746173,0.18703070400000002,0.654615,0.799776,0.14098570400000002,0.616352,0.664531,-0.196361296,0.6602009999999999,0.744757,-0.202546296,0.643822,0.7349,-0.132011296,0.61103,0.810736,1
-0.00015604000000000008,-0.507421,0.875377,-0.00323355,-0.38726700000000003,0.878669,-0.09825790000000001,-0.376559,0.790527,-0.1257699,-0.09816399999999999,0.862397,-0.052183099999999996,-0.1964612,0.856664,0.0888471,-0.39287099999999997,0.799484,0.1165741,-0.10920899999999999,0.914141,0.024420999999999998,-0.22913689999999998,0.843417,0.0,0.0,0.714966,-0.0584363,0.005488000000000021,0.701657,-0.1534759,0.31105400000000005,0.799524,-0.1502819,0.6000690000000001,0.83686,0.0673751,-0.005389999999999978,0.724715,0.1226131,0.28925600000000007,0.810647,0.1502511,0.5948990000000001,0.776799,-0.015484600000000001,-0.540331,0.891192,0.0182886,-0.545519,0.928528,-0.046123399999999995,-0.561838,0.635251,0.0427921,-0.578321,0.692294,0.1654161,0.682135,0.761116,0.1899661,0.6763830000000001,0.807382,0.1440331,0.632985,0.653908,-0.1963799,0.6819200000000001,0.775421,-0.1996019,0.665544,0.749336,-0.12897589999999998,0.632874,0.814234,1
-0.0059580250000000005,-0.5238160000000001,0.904003,-0.006161515,-0.398231,0.911989,-0.104092585,-0.392886,0.816771,-0.12870558499999998,-0.09808900000000001,0.889521,-0.055126585,-0.20716956,0.851574,0.085905415,-0.398332,0.823385,0.11655241499999999,-0.12529260000000003,0.897409,0.021631215000000002,-0.2234246,0.860774,0.0,0.0,0.752051,-0.061238484999999995,5.6000000000000494e-05,0.746345,-0.153451585,0.32193,0.792735,-0.15321158499999998,0.6114090000000001,0.845295,0.06446941499999999,-5.7000000000001494e-05,0.751862,0.119638415,0.30036999999999997,0.829923,0.14733141500000002,0.611348,0.776288,-0.021389685,-0.561829,0.852997,0.015350715,-0.561839,0.901245,-0.048988185,-0.578165,0.70437,0.039840915000000005,-0.578152,0.754814,0.16250641500000002,0.703846,0.731084,0.18707041500000002,0.692992,0.784003,0.14108041500000001,0.6494610000000001,0.655711,-0.19922658499999998,0.698415,0.765795,-0.20249958499999998,0.682031,0.745353,-0.131935585,0.649268,0.80957,1
-0.005979836,-0.550682,0.875297,-0.006259736,-0.419948,0.910302,-0.10122815600000001,-0.414496,0.797351,-0.12875815599999998,-0.1200261,0.897542,-0.055220456,-0.2070256,0.882484,0.085849844,-0.425236,0.82851,0.116655844,-0.1363455,0.85627,0.030616444,-0.218019,0.817543,0.0,0.0,0.723698,-0.058443656,7.199999999998874e-05,0.722986,-0.15334815599999999,0.316759,0.808532,-0.153269156,0.622326,0.852597,0.06444154399999999,-0.005346999999999991,0.724624,0.119586844,0.311134,0.832885,0.147290844,0.627468,0.767852,-0.021417856,-0.572755,0.828601,0.015314744000000002,-0.572675,0.889898,-0.049077656,-0.599661,0.729019,0.036853344,-0.599967,0.648984,0.162474844,0.714787,0.738326,0.187039844,0.703915,0.793858,0.141048844,0.665527,0.658258,-0.196331156,0.709225,0.775056,-0.20252515599999998,0.687625,0.749603,-0.132015156,0.660195,0.807539,1
-0.00305491,-0.5455209999999999,0.869134,-0.0032393299999999995,-0.414469,0.88584,-0.09826912,-0.40902700000000003,0.793849,-0.12587411999999998,-0.1199701,0.870692,-0.052332119999999996,-0.1801625,0.915848,0.08885108,-0.420023,0.791968,0.12259088,-0.14159729999999998,0.898071,0.03370998,-0.1963865,0.787233,0.0,0.0,0.73809,-0.058327420000000005,0.00018999999999999573,0.720323,-0.15031712,0.34374000000000005,0.81224,-0.15026911999999998,0.649529,0.848147,0.06731558,-0.005269999999999997,0.729983,0.11963388,0.32732100000000003,0.805483,0.15022288,0.654668,0.765154,-0.01852392,-0.5783050000000001,0.887123,0.01825618,-0.5784400000000001,0.919153,-0.04908002,-0.600022,0.716891,0.04276808,-0.61088,0.673866,0.16549588,0.742115,0.730623,0.19004988,0.731211,0.778955,0.14399188000000002,0.6927530000000001,0.669598,-0.19327512,0.731302,0.77045,-0.19951412,0.714739,0.754462,-0.12899112,0.687424,0.815347,1
-0.00296962,-0.556699,0.910112,-0.00299358,-0.42577699999999996,0.909652,-0.09803426,-0.425516,0.800274,-0.12577426000000003,-0.12560090000000002,0.918702,-0.05517686,-0.16901170000000001,0.911476,0.09192874,-0.43087,0.842806,0.12273974,-0.15270874,0.82912,0.03996714,-0.1855311,0.819235,0.0,0.0,0.754137,-0.05824636,0.005297999999999997,0.748713,-0.14716626,0.343618,0.722067,-0.15015726000000001,0.665728,0.855074,0.06450324,-0.00013399999999999523,0.714908,0.11976374,0.34366399999999997,0.80493,0.14741674,0.66578,0.775274,-0.01840996,-0.594762,0.865642,0.01835764,-0.594765,0.897167,-0.04595016,-0.605691,0.71129,0.04287284,-0.605732,0.748205,0.16568474,0.7583300000000001,0.724066,0.19020273999999998,0.7473960000000001,0.784057,0.14121573999999998,0.703939,0.686506,-0.19324626,0.752703,0.774386,-0.19942926,0.7310650000000001,0.750544,-0.12888825999999998,0.7036140000000001,0.809917,1
-0.0029237200000000003,-0.567306,0.886568,-0.0031699500000000004,-0.43094699999999997,0.884156,-0.09510094,-0.42548199999999997,0.767552,-0.12579753999999999,-0.136176,0.888387,-0.05833414,-0.1418621,0.863211,0.08892456,-0.43626499999999996,0.80628,0.11979246,-0.1420169,0.882543,0.03981706,-0.1690511,0.808902,0.0,0.0,0.753622,-0.05827154,0.005435999999999996,0.734247,-0.14714054,0.365483,0.701353,-0.15019854,0.693061,0.852977,0.06733016,-0.005361999999999992,0.746885,0.11964346000000001,0.343814,0.829556,0.15028346,0.693115,0.771242,-0.01539474,-0.594628,0.82789,0.01837596,-0.594546,0.888783,-0.045980639999999996,-0.616186,0.728787,0.04279066,-0.616216,0.707546,0.16261946,0.785672,0.727706,0.19010346,0.774777,0.778743,0.14408246,0.731181,0.661537,-0.19326354,0.780008,0.769728,-0.19945954,0.758418,0.749657,-0.12894254,0.730932,0.810572,1
-0.0030448999999999997,-0.578497,0.881166,-0.0031532599999999997,-0.44217,0.89464,-0.09503905,-0.442027,0.764372,-0.12590355,-0.1583006,0.821613,-0.055352349999999995,-0.1362239,0.844068,0.08885505,-0.442147,0.796191,0.12265845,-0.1689971,0.833865,0.04295505,-0.1473432,0.830322,0.0,0.0,0.751389,-0.05537995,7.299999999998974e-05,0.741614,-0.13806155,0.354632,0.701107,-0.15019654999999998,0.698431,0.850965,0.06734915,-0.00014400000000000523,0.72651,0.11959345,0.34929899999999997,0.824072,0.15026645,0.698421,0.781318,-0.01841435,-0.616486,0.894145,0.018289049999999998,-0.616511,0.936977,-0.048958049999999996,-0.638231,0.714716,0.04282955,-0.638236,0.758355,0.16257745,0.791102,0.713368,0.19006445,0.780159,0.767486,0.14406845000000001,0.736408,0.668088,-0.19021955,0.785406,0.760213,-0.19941355,0.763812,0.745217,-0.12896255,0.73632,0.809859,1
-0.00293177,-0.6054360000000001,0.903605,-0.005965710000000001,-0.469157,0.898261,-0.09802602,-0.463743,0.77271,-0.12583102000000002,-0.17992239999999998,0.810307,-0.05529562,-0.1252396,0.765626,0.08591928,-0.474371,0.806001,0.11974198,-0.17995270000000002,0.849075,0.03379958,-0.1307904,0.672762,0.0,0.0,0.755228,-0.05531622,1.0999999999997123e-05,0.737595,-0.13193402,0.354745,0.711417,-0.15013502,0.703881,0.847494,0.06447798,-0.00010300000000000586,0.714084,0.11667997999999999,0.354669,0.816932,0.15040498,0.7039519999999999,0.772906,-0.01835962,-0.6383160000000001,0.843393,0.018353179999999997,-0.6383019999999999,0.889323,-0.04595642,-0.6544209999999999,0.792247,0.03992038,-0.649346,0.78896,0.15955397999999998,0.7966610000000001,0.69779,0.18716198,0.7857890000000001,0.754836,0.14425298,0.7420329999999999,0.617045,-0.19014102,0.7856920000000001,0.73697,-0.19928202,0.7638929999999999,0.722036,-0.12890002,0.741805,0.79587,1
-7.93899999999995e-05,-0.6109564000000001,0.868786,-0.0031579700000000004,-0.46905339999999995,0.885631,-0.09516508,-0.4637734,0.783264,-0.12291508,-0.1964724,0.843272,-0.06768068000000001,-0.10896070000000001,0.781501,0.08876751999999999,-0.46921840000000004,0.770537,0.12254092,-0.19073410000000002,0.856329,0.04582582,-0.1092283,0.756585,0.0,0.0,0.722715,-0.05245898,-0.005327000000000012,0.696569,-0.12604907999999998,0.3709386,0.726544,-0.14727508,0.7202335999999999,0.844503,0.06732032,2.9000000000001247e-05,0.679985,0.11961292,0.37127259999999995,0.813505,0.15320092000000002,0.7203885999999999,0.775861,-0.01546148,-0.6384324,0.88296,0.021206720000000002,-0.6385084000000001,0.917702,-0.04609488,-0.6599744000000001,0.778244,0.04283302,-0.6546654000000001,0.786212,0.16239292,0.8130746,0.692279,0.18998092,0.8021756,0.746992,0.14709692000000002,0.7584645999999999,0.6214,-0.19033007999999998,0.8022275999999999,0.754802,-0.19653908,0.7856556,0.730112,-0.12601408,0.7581996,0.797025,1
-0.00298548,-0.6112281,0.913613,-0.006046119999999999,-0.4745851,0.887242,-0.09807303,-0.46392809999999995,0.772686,-0.12581703000000002,-0.1856961,0.84328,-0.07655303,-0.07650865999999999,0.751404,0.08277617,-0.47996209999999995,0.796037,0.11655397,-0.19112210000000002,0.817541,0.09213127,-0.011069499999999996,0.677628,0.0,0.0,0.720665,-0.05227003,5.9200000000009245e-05,0.707374,-0.12588703,0.39281790000000005,0.739783,-0.15017303,0.7417049,0.840021,0.05828997,-0.00013799999999999923,0.677511,0.11659997,0.3873529,0.803482,0.15032297,0.7418549,0.77435,-0.018449629999999998,-0.6491531,0.841834,0.01829557,-0.6493021,0.907558,-0.04598663,-0.6600541,0.776674,0.03990897,-0.6601301,0.821434,0.15951896999999998,0.8399549,0.686734,0.18708197,0.8289259,0.742129,0.14424796999999998,0.7798208999999999,0.601133,-0.19325303000000002,0.8238329,0.742078,-0.19942103000000003,0.8072859,0.717467,-0.12892603000000002,0.7797469,0.787424,1
-3.737000000000011e-05,-0.6384478,0.85424,-0.0030822700000000007,-0.4859228,0.880065,-0.08907322000000001,-0.4857048,0.766066,-0.12279882,-0.2184258,0.827911,-0.07384422,-0.05475200000000001,0.759408,0.08266617999999999,-0.4912258,0.765848,0.11932717999999999,-0.2184218,0.818712,0.09509128,-0.02199600000000001,0.789866,0.0,0.0,0.711387,-0.05233982,-8.30000000000275e-06,0.669034,-0.12270882,0.3873192,0.775535,-0.14727882,0.7416142,0.838376,0.061224179999999996,-8.760000000000712e-05,0.654115,0.11939918,0.3873822,0.790451,0.15329218,0.7417282,0.769032,-0.015514819999999999,-0.6604268,0.854335,0.02117198,-0.6656798,0.877544,-0.043051320000000004,-0.6712418,0.672948,0.04278778,-0.6929428,0.681106,0.16244518,0.8399542,0.675306,0.19002818,0.8289252,0.733836,0.14721818,0.7745962,0.563202,-0.18727682,0.8289462,0.731484,-0.19646482,0.8073362,0.706722,-0.12895882,0.7746522,0.754159,1
-0.00300836,-0.6491589999999999,0.85048,-0.00616443,-0.5074069999999999,0.868844,-0.09814209,-0.507442,0.761852,-0.12575108999999998,-0.229096,0.781566,-0.08289798999999999,-0.043732499999999994,0.80707,0.07970211,-0.512723,0.76159,0.11639691,-0.229207,0.794737,0.08882891000000001,-0.038269,0.799746,0.0,0.0,0.708143,-0.05512919,-8.599999999997499e-06,0.689165,-0.12577109,0.392624,0.753214,-0.15027209,0.747256,0.841045,0.06128541,3.310000000000812e-05,0.649672,0.11343291000000001,0.37648000000000004,0.728326,0.15027691,0.7472530000000001,0.772451,-0.01543809,-0.671061,0.673483,0.018186710000000002,-0.6872729999999999,0.714299,-0.05212749,-0.736583,0.651125,0.03981091,-0.725673,0.692914,0.15947191,0.840211,0.678279,0.18707591,0.8293010000000001,0.722763,0.14418391,0.7801450000000001,0.590322,-0.19026609,0.834545,0.731618,-0.19947209,0.818188,0.71498,-0.13191408999999998,0.785359,0.761844,1
-0.01231729,-0.7582509,0.78274,-0.0032151899999999997,-0.5127389,0.886002,-0.09810499,-0.5126729,0.788875,-0.12271599000000001,-0.2237009,0.772514,-0.09213749,-0.021645700000000004,0.791943,0.08576721,-0.5128459000000001,0.789196,0.11347101,-0.2453199,0.77115,0.09805681000000001,-0.0218012,0.850208,0.0,0.0,0.69507,-0.055296689999999996,-1.4899999999998248e-05,0.627132,-0.11962199,0.3928271,0.71071,-0.14724999000000003,0.7581591000000001,0.840923,0.061294810000000005,3.0799999999997496e-05,0.62776,0.11346901,0.3982801,0.778672,0.15329000999999998,0.7583491,0.771012,-0.02778149,-0.7855379,0.861431,0.006106797000000001,-0.7803059000000001,0.834715,-0.04914239,-0.7420028999999999,0.681221,0.03983421,-0.7527379000000001,0.773204,0.16252601,0.8566611,0.664944,0.19007401,0.8456140999999999,0.71016,0.14729301,0.7964271,0.569675,-0.18713999,0.8454421000000001,0.741794,-0.19643099,0.8238241,0.72489,-0.12894999000000001,0.7911961000000001,0.747838,1
-0.01530763,-0.7528083999999999,0.846101,-0.0032562600000000004,-0.5074064,0.865755,-0.09821553,-0.5128174,0.78499,-0.12265353000000001,-0.2344714,0.799619,-0.09802253,0.0054288000000000045,0.790928,0.08590576999999999,-0.5073064,0.779713,0.10427737000000001,-0.2346474,0.779101,0.09829757,0.005437700000000004,0.829176,0.0,0.0,0.697844,-0.05525363,0.005381900000000002,0.634678,-0.11953953,0.4091226,0.73488,-0.14717453,0.7689836,0.840001,0.06136977,-3.840000000000093e-05,0.632232,0.11035547000000001,0.3982546,0.737857,0.15332747,0.7692076,0.770317,-0.02776233,-0.7748574,0.873186,0.006086586000000001,-0.7694744,0.857399,-0.04920913,-0.7474444,0.775612,0.033755770000000004,-0.7472953999999999,0.793829,0.16259647,0.8674266,0.665046,0.19015947,0.8563926000000001,0.708806,0.14727447,0.8073136,0.581652,-0.18708853,0.8563366,0.740599,-0.19636853,0.8347076,0.722551,-0.12889453,0.8072066,0.734526,1
-0.01525231,-0.7634190999999999,0.858565,-0.0031277500000000003,-0.5129601,0.864822,-0.09808180999999999,-0.5182981,0.786327,-0.12255681,-0.2563261,0.762508,-0.11960781,-0.016128700000000003,0.800393,0.08597099000000001,-0.5129521,0.772323,0.10436629,-0.24007509999999999,0.767904,0.10738919000000001,-1.4300000000001811e-05,0.777031,0.0,0.0,0.698381,-0.05828651000000001,6.799999999999862e-05,0.614073,-0.11039381,0.39822789999999997,0.708216,-0.14714481000000001,0.7636719000000001,0.846047,0.058341989999999996,2.239999999999881e-05,0.628717,0.10433959000000001,0.3982169,0.751126,0.15339318999999998,0.7638919000000001,0.771521,-0.02773191,-0.7854981,0.861197,0.006140709,-0.7854300999999999,0.842501,-0.04912611,-0.7526670999999999,0.793704,0.03684269,-0.7473071,0.80779,0.16571518999999998,0.8620319000000001,0.691379,0.19318618999999998,0.8509719,0.730452,0.14730818999999998,0.8020119,0.612543,-0.18705781000000002,0.8510339,0.732843,-0.19633381,0.8294009,0.711442,-0.12887281,0.8019249,0.733171,1
-0.01525458,-0.747202,0.849062,-0.0031160700000000003,-0.507353,0.858828,-0.09811948000000001,-0.512762,0.784951,-0.12260848,-0.229335,0.828217,-0.12258048,0.0271591,0.85959,0.08893422,-0.507407,0.756837,0.10437381999999999,-0.234523,0.743917,0.11652251999999999,-0.005631300000000002,0.819922,0.0,0.0,0.680516,-0.058187180000000005,4.759999999999487e-05,0.600787,-0.10727948000000001,0.414555,0.732899,-0.14713848,0.7799780000000001,0.848018,0.05836692,0.0001076999999999953,0.613611,0.10135112,0.40361600000000003,0.761757,0.15046052000000001,0.780114,0.772654,-0.030609380000000002,-0.77473,0.842508,0.0061572779999999995,-0.774703,0.833055,-0.049158480000000004,-0.741889,0.806472,0.03987602,-0.741825,0.825871,0.16266152,0.8782800000000001,0.654417,0.19021652,0.867256,0.686501,0.14729652000000001,0.81827,0.594873,-0.18709147999999998,0.867376,0.730283,-0.19634147999999998,0.850984,0.707223,-0.13180148,0.818216,0.726975,1
-0.00933878,-0.7418777000000001,0.838582,-0.0001745199999999992,-0.5126997,0.858587,-0.09527808,-0.5127797000000001,0.785324,-0.11961507999999998,-0.2346027,0.777271,-0.11670507999999999,0.021803199999999995,0.820607,0.09195792000000001,-0.5128187000000001,0.766332,0.11027392000000001,-0.2346317,0.732884,0.12247592,-0.005235100000000003,0.826453,0.0,0.0,0.669131,-0.05538578,2.539999999999487e-05,0.587932,-0.09843408,0.3929673,0.763061,-0.14421508,0.7799923,0.843068,0.05822342,1.3199999999997936e-05,0.620672,0.10419192000000001,0.4036473,0.764718,0.15334692,0.7800712999999999,0.776518,-0.02772338,-0.7693277000000001,0.840073,0.009169881000000001,-0.7693067,0.817788,-0.04908088,-0.7420137,0.83049,0.04278772,-0.7419797,0.830384,0.16551792,0.8782932999999999,0.648384,0.19312492,0.8621413,0.682049,0.15014192,0.8181982999999999,0.59157,-0.18114708,0.8674293,0.726699,-0.19342408,0.8510232999999999,0.707311,-0.12596208,0.8182442999999999,0.729684,1
-0.00925276,-0.747151,0.835212,-0.0001500200000000007,-0.523647,0.857705,-0.09811406,-0.523634,0.795283,-0.11960606,-0.234759,0.843389,-0.11965506,0.021824299999999998,0.880496,0.09195624,-0.523755,0.770524,0.10726693999999999,-0.240035,0.747755,0.11953293999999999,0.005569299999999999,0.796221,0.0,0.0,0.667864,-0.061362759999999995,2.970000000000056e-05,0.599818,-0.09827106000000001,0.392927,0.766388,-0.14415206,0.774542,0.843813,0.05824764,0.00011400000000000299,0.611834,0.10132914,0.392938,0.789419,0.15338794,0.769481,0.776864,-0.02760606,-0.774734,0.850906,0.009239735,-0.774652,0.824124,-0.04902986,-0.7526320000000001,0.833378,0.04287584,-0.7474580000000001,0.846715,0.16560794,0.8728849999999999,0.658504,0.19320194000000002,0.856744,0.693401,0.15021994,0.807543,0.587877,-0.18104106,0.8619129999999999,0.724536,-0.19334205999999998,0.8402379999999999,0.70462,-0.12591106,0.8128029999999999,0.728668,1
-0.00923573,-0.7419181,0.838557,-0.00022523999999999982,-0.5184200999999999,0.856193,-0.09820953,-0.5183551,0.80277,-0.11960653,-0.2294611,0.839018,-0.11975853000000002,0.03276249999999999,0.887891,0.09195336999999999,-0.5236841,0.779131,0.10427776999999999,-0.2345841,0.767395,0.12248847,-1.0500000000003562e-05,0.810046,0.0,0.0,0.673159,-0.05838443,1.3999999999986246e-06,0.595524,-0.09813753,0.3928529,0.784747,-0.14418053,0.7748058999999999,0.84163,0.05822077,4.1399999999996995e-05,0.615873,0.10116747,0.3927169,0.829295,0.15339947,0.7747849,0.779155,-0.024751330000000002,-0.7747031,0.864589,0.009207848,-0.7693371,0.824768,-0.04904203,-0.7473831,0.899691,0.04280837,-0.7472631000000001,0.860588,0.16557147,0.8783809,0.654107,0.19316147,0.8672679,0.697386,0.15028947,0.8127149,0.558286,-0.18107753,0.8672019,0.718506,-0.19336452999999998,0.8455129,0.698363,-0.12889452999999998,0.8180898999999999,0.709426,1
-0.009339029999999998,-0.7473122999999999,0.845046,-0.00025354999999999996,-0.5290233,0.868558,-0.09822273000000001,-0.5289403,0.811505,-0.11965673,-0.2453853,0.820643,-0.11985973000000001,0.027218600000000003,0.88804,0.09189457,-0.5291113,0.779907,0.11029527,-0.25081929999999997,0.736218,0.12250627,-0.0054926,0.831595,0.0,0.0,0.662411,-0.05843463,8.829999999999949e-05,0.589715,-0.09534273,0.39289270000000004,0.779479,-0.14422873,0.7694367,0.839833,0.061181570000000005,5.589999999999762e-05,0.601623,0.10113047,0.3928727,0.810314,0.15337127,0.7745627,0.776395,-0.02482083,-0.7800372999999999,0.861341,0.009121958,-0.7746833,0.822945,-0.04911253,-0.7527773,0.903786,0.03974407,-0.7525273,0.850666,0.16853227,0.8729507,0.664091,0.19315427000000002,0.8618907,0.70921,0.15018727,0.8074637,0.581246,-0.18416473,0.8619577,0.715521,-0.19345073,0.8402797000000001,0.691272,-0.12892072999999998,0.8127907,0.713497,1
-0.0121961,-0.7474582000000001,0.849929,-0.00012338000000000106,-0.5290172,0.865349,-0.0980908,-0.5289842,0.813782,-0.11948679999999999,-0.2401802,0.832845,-0.1226008,0.021907000000000003,0.878242,0.0920446,-0.5290412,0.770884,0.1043475,-0.2400562,0.772896,0.1135302,0.00012100000000000305,0.776298,0.0,0.0,0.655408,-0.0644261,2.8500000000000747e-05,0.605681,-0.0951898,0.3928898,0.76081,-0.1441388,0.7694508,0.839752,0.0582751,5.4200000000004245e-05,0.612312,0.1012933,0.3982338,0.799518,0.1534892,0.7694447999999999,0.780754,-0.0275383,-0.7800592000000001,0.856024,0.009222747,-0.7799942000000001,0.820472,-0.0489852,-0.7527302,0.885041,0.0368859,-0.7473902,0.829873,0.1686772,0.8729598,0.660131,0.1932942,0.8618648,0.705866,0.1503242,0.8073528,0.579359,-0.18094880000000002,0.8617958,0.722766,-0.19329780000000002,0.8401168,0.706155,-0.12885680000000002,0.8127348,0.715557,1
-0.0092554,-0.74212,0.859968,-0.0032207999999999994,-0.5236350000000001,0.829262,-0.0982645,-0.523639,0.812162,-0.1195675,-0.234548,0.839811,-0.12266650000000001,0.027295899999999998,0.868159,0.085898,-0.5236620000000001,0.757948,0.1013484,-0.234554,0.779072,0.1073893,0.01622,0.776412,0.0,0.0,0.673036,-0.0614187,6.209999999999549e-05,0.607706,-0.0980685,0.409086,0.768097,-0.1441695,0.774814,0.840916,0.058264,-4.020000000000412e-05,0.61855,0.1011358,0.403555,0.805511,0.1534065,0.774803,0.780901,-0.0246843,-0.774672,0.883256,0.009180664,-0.769245,0.825992,-0.0490153,-0.747371,0.939545,0.0367204,-0.741977,0.839069,0.1685765,0.883805,0.653921,0.19321549999999998,0.867405,0.694276,0.15024949999999998,0.8127,0.578572,-0.1780015,0.861934,0.7224,-0.1932925,0.840012,0.710523,-0.12891650000000002,0.818083,0.716088,1
-0.00916401,-0.7526725,0.882311,-0.0030392100000000005,-0.5291895,0.854323,-0.09806701000000001,-0.5292345,0.833372,-0.11945801,-0.2399935,0.81042,-0.12256101,0.0217047,0.850389,0.08900638999999999,-0.5292175,0.775009,0.10432599000000001,-0.2400765,0.796076,0.11050599,0.005385000000000001,0.779584,0.0,0.0,0.661796,-0.06440571,-1.630000000000381e-05,0.610344,-0.09797901,0.40358350000000004,0.764257,-0.14407701,0.7693815,0.840647,0.05536649,-4.700000000003313e-06,0.613173,0.10118368999999999,0.3927545,0.811918,0.15352399,0.7744535,0.776905,-0.02459891,-0.7747404999999999,0.894702,0.009209569,-0.7747725,0.837206,-0.04890081,-0.7526645,0.913034,0.03683129,-0.7474945,0.842851,0.16571099,0.8729365,0.646366,0.19327898999999998,0.8618405,0.6862,0.15036099,0.8073655000000001,0.575109,-0.17790801,0.8565445,0.72486,-0.19321101000000002,0.8346325,0.712953,-0.12881601,0.8126535,0.719029,1
-0.00910923,-0.7526075,0.879792,-0.006005730000000001,-0.5290945,0.829845,-0.09803963,-0.5290975,0.82935,-0.11943363,-0.2348085,0.845643,-0.11963363,0.027130300000000003,0.878942,0.08302746999999999,-0.5291575,0.771212,0.10437286999999999,-0.24020550000000002,0.786852,0.11363737,1.3400000000003687e-05,0.778794,0.0,0.0,0.644082,-0.06728103,1.7400000000000748e-05,0.607703,-0.09791463,0.4036645,0.768569,-0.14398463,0.7745245000000001,0.841849,0.05534686999999999,4.699999999999843e-05,0.620851,0.10129927,0.4037255,0.799993,0.15353037,0.7693905000000001,0.789065,-0.024496630000000002,-0.7746434999999999,0.897052,0.006373819999999999,-0.7746744999999999,0.846668,-0.048807329999999996,-0.7525664999999999,0.91824,0.03394987,-0.7473365,0.844288,0.16875737000000002,0.8728945,0.645524,0.19339837000000001,0.8567125000000001,0.686625,0.14746937000000002,0.8073675,0.61427,-0.18081962999999998,0.8565765000000001,0.716802,-0.19315063,0.8346545000000001,0.707852,-0.12868863,0.8127925,0.723825,1
-0.009090290000000001,-0.7526346,0.881109,-0.00601229,-0.5291586,0.835419,-0.09805759,-0.5291596,0.829877,-0.11942459000000001,-0.2347166,0.850418,-0.11949159,0.0270749,0.875317,0.08597641,-0.5292096,0.773071,0.10152491,-0.2401486,0.773817,0.10751401000000001,1.6000000000002124e-05,0.790529,0.0,0.0,0.648456,-0.06725739,1.2900000000003187e-05,0.609409,-0.09508559,0.40914439999999996,0.80274,-0.14400959000000002,0.7744994,0.840873,0.05539781,5.499999999998562e-06,0.625247,0.09842001,0.3982674,0.820305,0.15351541000000002,0.7693914,0.790481,-0.024506889999999996,-0.7746526,0.898687,0.006385030000000001,-0.7747516,0.842445,-0.04880799,-0.7474976,0.912326,0.03391511,-0.7473846000000001,0.850802,0.16875541,0.8728324,0.6715,0.19339341,0.8566924,0.715953,0.15034841,0.8073384,0.609256,-0.17781759000000003,0.8565614,0.717046,-0.19312058999999998,0.8346494,0.708274,-0.12873658999999998,0.8127814,0.712089,1
-0.0090541,-0.7527061,0.890376,-0.005984700000000001,-0.5291721,0.833867,-0.09802530000000001,-0.5292371,0.831188,-0.1193923,-0.2347441,0.862906,-0.1194433,0.0218012,0.870556,0.0830282,-0.5292181,0.778696,0.101419,-0.2401141,0.808365,0.10760049999999999,7.939999999999336e-05,0.787326,0.0,0.0,0.654526,-0.06721410000000001,1.0599999999999499e-05,0.616626,-0.09500330000000001,0.39817389999999997,0.785909,-0.1439203,0.7744589,0.840203,0.052472,3.1299999999997996e-05,0.644162,0.09839769999999999,0.3982489,0.818163,0.1535827,0.7693589,0.787307,-0.024474700000000002,-0.7747681,0.897888,0.006414059999999999,-0.7748101000000001,0.840478,-0.0488274,-0.7525981,0.924208,0.033921,-0.7475251,0.865613,0.1688047,0.8728169,0.671277,0.1934427,0.8566719,0.716146,0.15041169999999998,0.8072809,0.598784,-0.1778023,0.8565448999999999,0.713733,-0.1930773,0.8346279,0.703568,-0.1256983,0.8126999,0.729103,1
-0.12618117,-0.7414903,0.881086,-0.08752950000000001,-0.5342093,0.878857,-0.396687,-0.4960503,0.794495,-0.7066250000000001,-0.35449030000000004,0.854,-0.570966,-0.5724343000000001,0.880302,0.21275199999999997,-0.5777353000000001,0.815824,0.667418,-0.4796593,0.903295,0.376718,-0.6922853,0.921261,0.0,0.0,0.678868,-0.1746492,0.005346699999999999,0.672637,-0.22251690000000002,0.3432517,0.802224,-0.30998400000000004,0.6756887,0.801064,0.212655,-0.00023370000000000335,0.663859,0.27047699999999997,0.36506869999999997,0.783063,0.27069600000000005,0.6811767,0.745565,-0.19382280000000002,-0.7796433,0.914085,-0.07781160000000001,-0.7846483,0.948093,-0.309561,-0.7412793,0.915243,-0.00018500000000001848,-0.7468823,0.782977,0.38667299999999993,0.8009447,0.68165,0.4448,0.7844557,0.700624,0.212608,0.7082507,0.724453,-0.38688200000000006,0.7902747,0.7714,-0.426164,0.7791197,0.729089,-0.271127,0.6975607,0.695043,0
-0.1355223,-0.7414028,0.885761,-0.0875371,-0.5341508,0.878898,-0.39659900000000003,-0.5012938,0.796343,-0.706708,-0.3544208,0.861703,-0.571117,-0.5723618,0.88012,0.21269999999999997,-0.5776698,0.812898,0.6673399999999999,-0.47968079999999996,0.899986,0.37671,-0.6922298,0.9219,0.0,0.0,0.681675,-0.17463640000000002,0.005340399999999999,0.678646,-0.2131347,0.3432732,0.796245,-0.31899500000000003,0.6811012,0.805558,0.21260699999999996,-0.005446899999999999,0.666213,0.27048700000000003,0.3650682,0.77896,0.270726,0.6756952,0.742505,-0.19390680000000002,-0.7795297999999999,0.916744,-0.07782140000000001,-0.7845768,0.947532,-0.309604,-0.7412108,0.920266,-0.0002489999999999992,-0.7468228,0.772944,0.3867999999999999,0.8010722,0.673845,0.44488099999999997,0.7845442,0.703635,0.21257600000000001,0.7031302,0.733292,-0.377506,0.7902182,0.777094,-0.42610899999999996,0.7790912,0.736377,-0.271261,0.6976932,0.700362,0
-0.09675609999999998,-0.7682771,0.928467,-0.08688299999999999,-0.5556281000000001,0.895718,-0.396536,-0.5175341,0.820485,-0.706682,-0.38678510000000005,0.883775,-0.561146,-0.6045611000000001,0.948804,0.222577,-0.5936871,0.785683,0.677018,-0.4794351,0.87969,0.39655699999999994,-0.6919871000000001,0.8984,0.0,0.0,0.656315,-0.17477489999999998,8.820000000000008e-05,0.64886,-0.232171,0.3488129,0.806603,-0.318982,0.6868189,0.807452,0.212703,-0.005349909999999999,0.65466,0.260888,0.38167189999999995,0.775581,0.27048099999999997,0.6920819,0.751602,-0.1650939,-0.7956091000000001,0.908961,-0.029416999999999985,-0.8010091,0.859462,-0.261509,-0.7627401,0.878368,0.048279000000000016,-0.7735021,0.840918,0.386641,0.8066698999999999,0.675092,0.444794,0.7901559,0.690395,0.21249700000000002,0.7140548999999999,0.778638,-0.386872,0.8011868999999999,0.762044,-0.435503,0.7849469,0.73638,-0.270982,0.7084039,0.711087,0
-0.0772503,-0.76325302,0.904898,-0.0771406,-0.54519902,0.862296,-0.37727,-0.52319902,0.757444,-0.715957,-0.40341502,0.866614,-0.5518000000000001,-0.6211020199999999,0.89247,0.25135,-0.58332502,0.818367,0.686819,-0.46883002,0.872149,0.43548600000000004,-0.68141802,0.873678,0.0,0.0,0.645003,-0.18380259999999998,-3.63999999999985e-06,0.625735,-0.2323929,0.36486098,0.819056,-0.319082,0.7083089800000001,0.811494,0.21284599999999998,-5.60999999999986e-06,0.647573,0.241967,0.38160798,0.797615,0.270842,0.70839498,0.754758,-0.1449802,-0.8064830199999999,0.908418,-0.009872000000000006,-0.8064090199999999,0.973431,-0.242093,-0.76301402,0.953934,0.067578,-0.76834602,0.812425,0.38680400000000004,0.8336989800000001,0.673081,0.445006,0.8066139800000001,0.700669,0.21265499999999998,0.7303269800000001,0.739032,-0.387003,0.82284298,0.7448,-0.445064,0.8065069800000001,0.731148,-0.270929,0.72470298,0.653431,0
-0.020182999999999993,-0.7685097,0.849649,-0.029604999999999992,-0.5560027,0.801444,-0.339098,-0.5288596999999999,0.793788,-0.706346,-0.41423869999999996,0.854552,-0.541912,-0.6214166999999999,0.941343,0.270281,-0.5778447,0.80978,0.696634,-0.46334569999999997,0.82944,0.46367,-0.6812617,0.877771,0.0,0.0,0.664428,-0.1748678,0.00527652,0.61973,-0.23229099999999997,0.3705043,0.831294,-0.309963,0.7193063000000001,0.831731,0.22172800000000004,1.66999999999997e-05,0.637299,0.24130800000000002,0.3923763,0.818274,0.289545,0.7247013,0.782076,-0.09706889999999999,-0.8012167,0.891198,0.02849600000000002,-0.8011127,0.87148,-0.21328719999999998,-0.7577877,0.870034,0.105966,-0.7685607,0.686378,0.396467,0.8554913000000001,0.667943,0.45460200000000006,0.8281773,0.679454,0.22225900000000004,0.7518573000000001,0.737992,-0.37760499999999997,0.8336313000000001,0.749598,-0.435648,0.8173393,0.735192,-0.26182399999999995,0.7356593,0.677702,0
-0.009427000000000005,-0.779172,0.929313,-0.019795999999999994,-0.561438,0.852685,-0.338887,-0.534092,0.771178,-0.706208,-0.436025,0.901064,-0.532023,-0.637544,0.855834,0.289696,-0.572484,0.804724,0.706163,-0.452446,0.834644,0.46468600000000004,-0.670434,0.871441,0.0,0.0,0.667164,-0.1839735,7.920000000000149e-05,0.612703,-0.2228731,0.370492,0.809645,-0.309645,0.7246600000000001,0.815479,0.212771,-6.199999999999956e-05,0.636484,0.23204999999999998,0.387082,0.864626,0.280491,0.730252,0.774506,-0.0775752,-0.8065009999999999,0.904485,0.066974,-0.7958569999999999,0.890622,-0.1747361,-0.773829,0.86416,0.13511099999999998,-0.7630239999999999,0.694504,0.406273,0.866467,0.68223,0.46396099999999996,0.83921,0.667591,0.222221,0.7573850000000001,0.734127,-0.367745,0.8285140000000001,0.749068,-0.41634,0.8174130000000001,0.720366,-0.270924,0.741179,0.670933,0
0.01018999999999999,-0.7789928,0.905264,-0.009387999999999994,-0.5611448,0.895904,-0.319307,-0.5450248,0.775128,-0.6967019999999999,-0.4468158,0.843887,-0.48380799999999996,-0.6486898,0.905169,0.299792,-0.5668138,0.829301,0.716211,-0.4416088,0.832845,0.48402500000000004,-0.6647538000000001,0.852632,0.0,0.0,0.664529,-0.1933638,5.490000000000009e-05,0.600265,-0.231674,0.3650962,0.814574,-0.309179,0.7248042,0.812124,0.21290000000000003,-3.399999999999931e-05,0.620786,0.232097,0.3814522,0.835927,0.290113,0.7357592,0.772661,-0.04824579999999999,-0.8065668,0.837889,0.07754500000000002,-0.8010598,0.896577,-0.1641386,-0.7738498,0.930461,0.145596,-0.7684208,0.623871,0.40660700000000005,0.8718222,0.646151,0.455271,0.8446362,0.651322,0.222908,0.7630492,0.727889,-0.37695999999999996,0.8446102,0.730132,-0.43498,0.8282892,0.709904,-0.261124,0.7465261999999999,0.667282,0
0.048479999999999995,-0.779157,0.888007,-0.00032999999999999696,-0.561296,0.90116,-0.319201,-0.555765,0.786007,-0.7059500000000001,-0.46865199999999996,0.852749,-0.47417699999999996,-0.654318,0.925903,0.300098,-0.5668529999999999,0.838454,0.7255079999999999,-0.44150900000000004,0.841332,0.49360099999999996,-0.664879,0.840345,0.0,0.0,0.672987,-0.1839688,0.005205100000000001,0.613837,-0.23223100000000002,0.370428,0.820322,-0.309623,0.730008,0.806566,0.21264599999999997,0.005186300000000001,0.626506,0.22291799999999998,0.365093,0.810592,0.28073000000000004,0.7356170000000001,0.761491,-0.010161000000000003,-0.8120999999999999,0.876307,0.096803,-0.795902,0.838826,-0.1544814,-0.773907,0.925991,0.155288,-0.773806,0.573183,0.40634899999999996,0.871884,0.679433,0.46411,0.849936,0.666002,0.222496,0.7627470000000001,0.722175,-0.36773,0.8500570000000001,0.714233,-0.42569999999999997,0.8335210000000001,0.697317,-0.270888,0.746525,0.617133,0
0.06774500000000001,-0.7791454,0.913166,0.00038699999999999846,-0.5614144,0.892887,-0.3091,-0.5611653999999999,0.788595,-0.7057990000000001,-0.48484239999999995,0.896571,-0.47363900000000003,-0.6649423999999999,0.910515,0.31005,-0.5667793999999999,0.842758,0.716334,-0.4413404,0.877559,0.5128159999999999,-0.6648523999999999,0.858733,0.0,0.0,0.686484,-0.1837881,-1.0199999999998405e-05,0.618053,-0.23195300000000002,0.3542326,0.816068,-0.309527,0.7303356000000001,0.823297,0.203227,6.370000000000334e-05,0.619815,0.22287599999999996,0.3650816,0.808179,0.29020599999999996,0.7357806,0.770996,-0.00013199999999999323,-0.8119004,0.900578,0.13527099999999997,-0.7957744,0.8708,-0.1157942,-0.7793534,0.875263,0.193596,-0.7683584,0.724404,0.397069,0.8663496,0.663155,0.45508799999999994,0.8392016000000001,0.662929,0.222974,0.7737536,0.710658,-0.37702,0.8446536,0.716764,-0.425637,0.8230486,0.710869,-0.280347,0.7467336,0.619256,0
0.077194,-0.7686518999999999,0.896832,0.0006290000000000046,-0.5614899,0.878747,-0.309135,-0.5612749,0.773757,-0.7057880000000001,-0.48539489999999996,0.872867,-0.454526,-0.6652389,0.877491,0.319739,-0.5667829,0.811134,0.735498,-0.4358999,0.855472,0.531947,-0.6542949,0.922919,0.0,0.0,0.664805,-0.1838433,0.005242000000000002,0.611227,-0.232187,0.3539781,0.83135,-0.309544,0.7299331,0.78383,0.203353,-7.699999999999374e-06,0.594462,0.222771,0.3595821,0.797883,0.29008,0.7354361,0.747915,0.0006439999999999918,-0.7960199,0.886634,0.14489200000000002,-0.7906409,0.915648,-0.09663769999999999,-0.7738759,0.86258,0.21323600000000004,-0.7576109,0.788491,0.40643999999999997,0.8663061,0.618541,0.454745,0.8445761,0.622588,0.223097,0.7735781,0.680395,-0.38653899999999997,0.8446071,0.687239,-0.43500099999999997,0.8280971,0.636707,-0.270822,0.7518091,0.597794,0
0.07789399999999999,-0.7576241,0.889963,0.01946500000000001,-0.5557441000000001,0.797117,-0.289984,-0.5558781,0.730286,-0.705636,-0.4905841,0.863317,-0.46363600000000005,-0.6650011,0.908904,0.32909599999999994,-0.5557371,0.751265,0.735561,-0.41950709999999997,0.8095,0.532121,-0.6538451000000001,0.886167,0.0,0.0,0.675063,-0.183526,-0.005280999999999999,0.622869,-0.232253,0.34344790000000003,0.84129,-0.309452,0.7194319,0.78663,0.19380699999999998,0.00017849999999999984,0.595995,0.222494,0.3489039,0.795363,0.28073499999999996,0.7303609,0.731113,0.010292999999999997,-0.7958041,0.890574,0.14574,-0.7953821000000001,0.958986,-0.0871671,-0.7682801,0.878483,0.22261,-0.7521831,0.826213,0.397104,0.8609848999999999,0.578337,0.445404,0.8339149,0.588345,0.22304700000000002,0.7736628999999999,0.666942,-0.386632,0.8447049,0.704789,-0.425573,0.8229879,0.659599,-0.27052,0.7413169,0.602957,0
0.087681,-0.7629753,0.854334,0.019628999999999994,-0.5505793,0.782798,-0.290116,-0.5614173,0.740891,-0.705782,-0.49066730000000003,0.882125,-0.444647,-0.6703603,0.868554,0.33898,-0.5449513,0.752027,0.716391,-0.4035493,0.85191,0.542411,-0.6268663,0.876095,0.0,0.0,0.645133,-0.1837996,-7.610000000000082e-05,0.594366,-0.241218,0.3488017,0.796817,-0.318874,0.7301267,0.817075,0.20332299999999998,0.00535059,0.577588,0.222748,0.3650717,0.801958,0.28073899999999996,0.7303037,0.758058,0.038862999999999995,-0.7960253,0.859136,0.155134,-0.7956873,0.938839,-0.0863699,-0.7683893,0.881383,0.232111,-0.7521963,0.803466,0.387547,0.8609967,0.649637,0.454557,0.8391487,0.641255,0.22292499999999998,0.7683627,0.676471,-0.38689300000000004,0.8555447,0.729831,-0.444915,0.8284307,0.66796,-0.289896,0.7466727,0.599813,0
0.09703399999999998,-0.76830743,0.845173,0.03873499999999999,-0.5559684300000001,0.770028,-0.28021300000000005,-0.5720604300000001,0.743793,-0.696581,-0.49043743,0.869445,-0.43520499999999995,-0.67059943,0.869996,0.357916,-0.54508743,0.767269,0.70649,-0.40301143,0.854207,0.55204,-0.6214414300000001,0.873006,0.0,0.0,0.648968,-0.1931488,-0.005431930000000001,0.599124,-0.241488,0.35427957,0.776393,-0.318998,0.72497057,0.817293,0.20342999999999997,0.00545758,0.592856,0.22271899999999997,0.35970257,0.791285,0.280714,0.72470857,0.744542,0.04842099999999999,-0.80137143,0.869523,0.155539,-0.8009104300000001,0.924628,-0.07697760000000001,-0.76835743,0.886958,0.232453,-0.75213243,0.853558,0.3874059999999999,0.85556257,0.615507,0.454484,0.8283905699999999,0.610607,0.22273099999999998,0.76283057,0.645219,-0.39660399999999996,0.85550757,0.699314,-0.46392,0.82837457,0.656587,-0.289957,0.75204257,0.606954,0
0.106217,-0.7682930099999999,0.874625,0.04816500000000001,-0.55576501,0.783636,-0.261509,-0.5667390099999999,0.739882,-0.687582,-0.47952801,0.823543,-0.435799,-0.67576801,0.885383,0.367046,-0.5503030099999999,0.783515,0.705764,-0.37612901,0.854537,0.570334,-0.62653001,0.850671,0.0,0.0,0.663182,-0.18427559999999998,-0.01074431,0.609635,-0.232573,0.34339099,0.78129,-0.310157,0.72491699,0.808237,0.19324999999999998,0.01084054,0.600221,0.22218300000000002,0.36518699000000004,0.791034,0.289852,0.72481499,0.743296,0.057839,-0.80653901,0.893692,0.17369600000000002,-0.80118401,0.921535,-0.06760479999999999,-0.77381301,0.875028,0.242,-0.7576480099999999,0.853995,0.38693599999999995,0.85566799,0.676816,0.45433100000000004,0.83387899,0.645557,0.231856,0.76284699,0.692478,-0.387206,0.8501669900000001,0.701914,-0.454791,0.82304999,0.672741,-0.29049400000000003,0.75744099,0.660796,0
0.10609999999999999,-0.76869001,0.892071,0.04823100000000001,-0.5560150100000001,0.788129,-0.251837,-0.56680001,0.732506,-0.6870580000000001,-0.47413601,0.8286,-0.43546399999999996,-0.68106001,0.874048,0.36712100000000003,-0.55067801,0.785991,0.70577,-0.38146001,0.87217,0.561217,-0.6321120100000001,0.858994,0.0,0.0,0.658795,-0.18427359999999998,-0.01086169,0.606974,-0.23253400000000002,0.34324799,0.785685,-0.310166,0.71918799,0.793672,0.19323200000000001,0.01079509,0.599925,0.22237200000000001,0.35962699,0.778152,0.289893,0.71922099,0.736843,0.04825800000000001,-0.81197101,0.882723,0.16477200000000003,-0.8066680100000001,0.921105,-0.067938,-0.77384501,0.897847,0.242031,-0.7630860100000001,0.832523,0.38661399999999996,0.8501509899999999,0.69877,0.44490500000000005,0.83368199,0.650508,0.23186800000000002,0.7520329899999999,0.641338,-0.387579,0.84453499,0.651467,-0.454994,0.8173759899999999,0.633224,-0.290411,0.7466469899999999,0.631136,0
0.09670799999999999,-0.7685326,0.906873,0.038192000000000004,-0.5558826,0.804455,-0.280688,-0.5612855999999999,0.732375,-0.677535,-0.4687126,0.821131,-0.445001,-0.6754146,0.866334,0.34789899999999996,-0.5557736,0.777925,0.705959,-0.37621859999999996,0.887032,0.5514760000000001,-0.6266376,0.862358,0.0,0.0,0.666962,-0.1842146,-0.01083875,0.612085,-0.23249,0.3326364,0.793238,-0.31026600000000004,0.7193754,0.785072,0.19321399999999997,0.0108098,0.609717,0.222123,0.3543004,0.772349,0.28017899999999996,0.7137924,0.72657,0.04811199999999999,-0.8118966,0.880924,0.16454499999999997,-0.8065046,0.93184,-0.06781690000000001,-0.7737776,0.890448,0.24203100000000002,-0.7629846,0.856457,0.386714,0.8447964,0.67015,0.444777,0.8228674,0.619399,0.23164300000000002,0.7466994,0.657178,-0.38731800000000005,0.8392994,0.676132,-0.45476099999999997,0.8121674,0.673873,-0.29049400000000003,0.7467154,0.606348,0
0.096652,-0.7630919700000001,0.915749,0.028844999999999996,-0.55048397,0.805823,-0.280848,-0.55577997,0.73792,-0.677309,-0.46323797000000005,0.813263,-0.435561,-0.66474497,0.837091,0.348066,-0.55053697,0.767312,0.696724,-0.37614397000000005,0.869935,0.5517599999999999,-0.62130697,0.858832,0.0,0.0,0.662775,-0.1842255,-0.01075117,0.608916,-0.232501,0.34330502999999996,0.778179,-0.319396,0.72481103,0.759077,0.19310500000000003,0.01086205,0.60195,0.222192,0.36505702999999995,0.783777,0.27079400000000003,0.71400403,0.728245,0.04810099999999999,-0.8063999700000001,0.883812,0.16446100000000002,-0.80099597,0.938663,-0.0679624,-0.7632309700000001,0.897291,0.242062,-0.75749997,0.863638,0.38677100000000003,0.85004603,0.641219,0.444691,0.8175770299999999,0.627925,0.231622,0.75198003,0.687747,-0.38742499999999996,0.84999803,0.678084,-0.454766,0.82828003,0.635758,-0.290437,0.7573900299999999,0.627653,0
0.096257,-0.75760226,0.920911,0.028837000000000015,-0.54510726,0.792053,-0.28083,-0.5504642599999999,0.732921,-0.6773440000000001,-0.45781025999999997,0.809859,-0.445275,-0.6592992599999999,0.856566,0.357559,-0.54493726,0.769385,0.705859,-0.38148926,0.845969,0.551412,-0.62100926,0.873386,0.0,0.0,0.662291,-0.184112,-0.00549956,0.606044,-0.232515,0.34331074,0.803994,-0.310428,0.73020874,0.781403,0.193087,0.00554204,0.595577,0.22175300000000003,0.37036974,0.76256,0.27051600000000003,0.72472474,0.739245,0.03822199999999999,-0.80088426,0.88331,0.164115,-0.79557426,0.938788,-0.0680866,-0.7575742599999999,0.913954,0.24146800000000002,-0.75176926,0.855642,0.386508,0.85015874,0.649178,0.444528,0.82288074,0.649103,0.231412,0.7575687400000001,0.706511,-0.38742299999999996,0.85009674,0.673814,-0.454783,0.8229947400000001,0.653783,-0.290485,0.75759374,0.641814,0
0.086788,-0.75763624,0.930284,0.02870500000000001,-0.55036424,0.798979,-0.271387,-0.55586724,0.733358,-0.677714,-0.45788924,0.813366,-0.445202,-0.66455024,0.869597,0.338374,-0.54509924,0.771045,0.705748,-0.39220724,0.861634,0.551614,-0.62142524,0.877998,0.0,0.0,0.661759,-0.1841403,-0.005476139999999999,0.611244,-0.232353,0.33814376,0.819529,-0.31020800000000004,0.73035976,0.786784,0.19313799999999998,0.005500430000000001,0.588639,0.22200799999999998,0.36512576,0.766634,0.270538,0.71946576,0.743548,0.019345,-0.80096224,0.887689,0.163719,-0.79548024,0.940116,-0.0685071,-0.76295224,0.897006,0.24106299999999997,-0.74639924,0.867925,0.39601200000000003,0.85552276,0.692114,0.45418000000000003,0.82829176,0.656302,0.231319,0.75205276,0.729436,-0.387431,0.85538676,0.696502,-0.454779,0.82836076,0.66357,-0.29034499999999996,0.76294976,0.623763,0
-0.05750689999999999,-0.4968189,0.879929,-0.0477121,-0.3279409,0.896789,-0.2324438,-0.3273949,0.892402,-0.28076179999999995,-0.1310579,0.829161,-0.2999638,0.02164209999999999,0.948457,0.1652722,-0.3385169,0.880365,0.2428932,-0.1582999,0.947788,0.3116492,-0.016259100000000012,0.919178,0.0,0.0,0.793078,-0.1450828,0.005368399999999995,0.797709,-0.1643418,0.2239101,0.86456,-0.1550078,0.4041221,0.889663,0.1072775,-0.005406100000000011,0.748332,0.1752282,0.20751809999999998,0.835779,0.1659822,0.3769381,0.879022,-0.0868778,-0.5078799,0.932087,0.0003875000000000059,-0.5080429000000001,0.956661,-0.1547678,-0.47519890000000004,0.870801,0.0683632,-0.4861699,0.835201,0.2529862,0.4588301,0.854022,0.3014432,0.4477811,0.848953,0.1460042,0.3987731,0.811068,-0.23273780000000002,0.4585801,0.828805,-0.2808428,0.4477191,0.812568,-0.1354818,0.4151091,0.881257,0
-0.039021,-0.491672,0.912213,-0.029326000000000005,-0.327748,0.863869,-0.22373939999999998,-0.322475,0.890148,-0.2624534,-0.13675199999999998,0.866609,-0.2818904,0.026908,0.914141,0.1746256,-0.333409,0.855811,0.2520496,-0.147747,0.928781,0.3198586,-0.010985999999999996,0.932714,0.0,0.0,0.782612,-0.13612239999999998,0.005315800000000009,0.787392,-0.14600439999999998,0.213071,0.888465,-0.14630339999999997,0.420216,0.912518,0.1069442,-6.209999999999549e-05,0.749268,0.1650076,0.21293499999999999,0.880608,0.17476560000000002,0.404012,0.870279,-0.0686744,-0.50282,0.892704,0.009711299999999999,-0.50811,0.909085,-0.1457044,-0.48628400000000005,0.909839,0.0776345,-0.49161699999999997,0.894116,0.2526956,0.469753,0.844515,0.3103076,0.458747,0.84082,0.15533760000000002,0.42043200000000003,0.869831,-0.2622774,0.4699,0.781989,-0.2914064,0.46389600000000003,0.82971,-0.1357124,0.431307,0.894505,0
-0.009861999999999996,-0.4915423,0.956074,-0.009741,-0.3333923,0.897433,-0.223417,-0.3278323,0.822203,-0.233841,-0.1420433,0.943005,-0.24344600000000002,0.016155600000000006,0.878646,0.20345980000000002,-0.3494933,0.847565,0.281185,-0.1530573,0.845708,0.31982,-0.005735299999999999,0.927169,0.0,0.0,0.803513,-0.10733399999999998,2.290000000000625e-05,0.754844,-0.117148,0.2131597,0.857638,-0.15523299999999998,0.4203147,0.87362,0.1451073,-6.799999999999862e-05,0.820082,0.15508470000000002,0.2131287,0.889965,0.213156,0.4150027,0.84454,-0.058848999999999985,-0.5136333,0.854883,0.04784480000000001,-0.5189073,0.842771,-0.126533,-0.49147430000000003,0.876257,0.0868881,-0.4915343,0.915292,0.28129400000000004,0.4751307,0.842771,0.310121,0.4640327,0.857231,0.1647786,0.4259207,0.809534,-0.24324300000000001,0.47503070000000003,0.784292,-0.26267799999999997,0.4639387,0.742913,-0.09787099999999999,0.4312717,0.842312,0
-0.009670999999999999,-0.48633360000000003,0.947294,-0.00965400000000001,-0.3332426,0.876142,-0.223534,-0.3277776,0.85857,-0.23338800000000004,-0.14213959999999998,0.933151,-0.243278,0.010975300000000007,0.824113,0.18429679999999998,-0.3493506,0.847908,0.25234,-0.15286660000000002,0.867622,0.310151,-0.00556559999999999,0.94114,0.0,0.0,0.830222,-0.13591000000000003,0.00010120000000000962,0.772509,-0.135851,0.2131374,0.909454,-0.15503700000000004,0.4040904,0.881977,0.1261438,-5.459999999998799e-05,0.752871,0.145612,0.2128904,0.905176,0.1748233,0.4042184,0.842843,-0.06802500000000002,-0.5026446,0.905353,0.019336999999999993,-0.5133606000000001,0.859544,-0.13569400000000004,-0.4859386,0.896101,0.0871778,-0.48632759999999997,0.972797,0.252122,0.4750424,0.876424,0.300925,0.46409639999999996,0.857901,0.15561239999999998,0.4259444,0.897387,-0.223702,0.4643074,0.772392,-0.243191,0.4370894,0.773191,-0.126336,0.4260814,0.840526,0
-0.00027499999999999747,-0.4861186,0.957403,-0.009295999999999999,-0.3331496,0.876235,-0.223022,-0.3277566,0.861621,-0.233087,-0.14204860000000002,0.939424,-0.252484,0.016353599999999996,0.813058,0.175377,-0.3441106,0.848113,0.252446,-0.15297260000000001,0.870479,0.301124,-0.0054106000000000015,0.9233,0.0,0.0,0.826088,-0.13571299999999997,4.8699999999998744e-05,0.780819,-0.14513199999999998,0.2130424,0.927588,-0.15552299999999997,0.40423139999999996,0.866468,0.10698666,3.1799999999998496e-05,0.75962,0.1360342,0.2129404,0.861567,0.165368,0.39871239999999997,0.867998,-0.06750199999999999,-0.5024676,0.914663,0.0198324,-0.5026126,0.868588,-0.13532899999999998,-0.48596560000000005,0.898941,0.08757029999999999,-0.48623960000000005,0.952586,0.242967,0.47511139999999996,0.876754,0.291428,0.4640524,0.812638,0.1551016,0.4257064,0.824841,-0.242576,0.4643634,0.744367,-0.281356,0.4424704,0.756509,-0.14525499999999997,0.42624839999999997,0.893658,0
-4.200000000000037e-05,-0.48612900000000003,0.959199,-0.0002520000000000022,-0.33338500000000004,0.895281,-0.22280799999999998,-0.327983,0.854072,-0.23303100000000002,-0.13685000000000003,0.932113,-0.25236899999999995,0.016183000000000003,0.815723,0.1846697,-0.344111,0.853171,0.25255,-0.14232699999999998,0.889136,0.301044,-3.799999999999637e-05,0.919925,0.0,0.0,0.837834,-0.135794,0.0051795000000000035,0.792816,-0.144825,0.212835,0.91802,-0.15561,0.403995,0.863917,0.10711866,2.6999999999999247e-05,0.766724,0.1359842,0.218121,0.85929,0.1652179,0.40388399999999997,0.87618,-0.067219,-0.508182,0.884974,0.029524400000000006,-0.513501,0.835041,-0.125856,-0.486117,0.880872,0.0878417,-0.486232,0.947717,0.24279,0.48042399999999996,0.865908,0.281863,0.469308,0.803946,0.1457254,0.42574,0.791371,-0.232882,0.464034,0.718619,-0.26206700000000005,0.437025,0.757621,-0.145427,0.431322,0.85378,0
-0.00012099999999999611,-0.486029,0.958519,-0.0005269999999999997,-0.327912,0.900971,-0.213995,-0.322488,0.843153,-0.23315000000000002,-0.142148,0.926793,-0.243033,0.005264099999999994,0.884864,0.1938049,-0.338814,0.838135,0.252081,-0.14210899999999999,0.900645,0.300655,0.0053258999999999945,0.906216,0.0,0.0,0.847368,-0.12660499999999997,0.005234799999999998,0.773309,-0.136021,0.21307500000000001,0.918484,-0.155632,0.398503,0.906321,0.1259257,-3.100000000000325e-05,0.763979,0.1450214,0.213007,0.877696,0.1647398,0.398744,0.881173,-0.05819100000000001,-0.508054,0.860321,0.048223100000000005,-0.5080560000000001,0.835302,-0.10709299999999998,-0.481007,0.87493,0.09661840000000001,-0.48096199999999995,0.940778,0.24249199999999999,0.475221,0.837976,0.281262,0.458687,0.777638,0.1454216,0.425813,0.819628,-0.233454,0.46406200000000003,0.76605,-0.262615,0.437006,0.790728,-0.145428,0.431093,0.815391,0
0.00016800000000000148,-0.48091300000000003,0.973207,-0.009138000000000007,-0.32793900000000004,0.907621,-0.213289,-0.322485,0.82911,-0.241898,-0.136922,0.958111,-0.24278899999999998,0.005231299999999994,0.907509,0.1946937,-0.338851,0.832989,0.243122,-0.14760700000000004,0.873256,0.291731,0.005214200000000002,0.906679,0.0,0.0,0.83617,-0.12587199999999998,0.005161199999999991,0.770315,-0.13549,0.21279900000000002,0.896479,-0.164468,0.39852099999999996,0.901834,0.1265323,-3.0000000000002247e-05,0.762131,0.145517,0.212913,0.895032,0.1559575,0.398586,0.884143,-0.048103999999999994,-0.502632,0.848407,0.0490305,-0.49739,0.859325,-0.10637700000000001,-0.481039,0.877159,0.0878529,-0.48101800000000006,0.898629,0.233834,0.47514,0.840876,0.282003,0.463899,0.796667,0.1365161,0.42563199999999995,0.804403,-0.251874,0.46934899999999996,0.771418,-0.281239,0.442071,0.768352,-0.145256,0.43102799999999997,0.82751,0
0.0002309999999999951,-0.48588499999999996,0.952789,-0.009064000000000003,-0.333255,0.906265,-0.21325099999999997,-0.32778,0.812525,-0.233248,-0.141938,0.94434,-0.242821,0.0002600000000000102,0.936606,0.20424769999999998,-0.343924,0.847522,0.243145,-0.14211200000000002,0.885615,0.29145899999999997,0.00021600000000000785,0.92598,0.0,0.0,0.841835,-0.11645500000000002,3.600000000000825e-05,0.776397,-0.13546400000000003,0.212789,0.865186,-0.164495,0.398846,0.887491,0.1357691,1.000000000001e-06,0.779223,0.1456643,0.21827000000000002,0.911444,0.1559692,0.398796,0.876645,-0.038500999999999994,-0.507907,0.849314,0.0583562,-0.502609,0.871827,-0.09710400000000001,-0.485945,0.896418,0.08797949999999999,-0.480872,0.877297,0.242774,0.480559,0.848499,0.291429,0.469515,0.838832,0.1455309,0.42580999999999997,0.81559,-0.24280399999999996,0.469564,0.761698,-0.271746,0.442315,0.765764,-0.14516999999999997,0.431324,0.821747,0
9.199999999999486e-05,-0.48085199999999995,0.969634,-0.009135000000000004,-0.33330499999999996,0.910663,-0.222666,-0.333264,0.827582,-0.24205000000000002,-0.152952,0.895804,-0.24295999999999998,-8.999999999995123e-06,0.923913,0.2042139,-0.338693,0.83298,0.243028,-0.142268,0.886221,0.282012,5.6000000000000494e-05,0.906885,0.0,0.0,0.837604,-0.12604200000000002,3.499999999999337e-05,0.770488,-0.135572,0.218245,0.878966,-0.1646,0.414998,0.875336,0.1358837,-6.0000000000060005e-06,0.777166,0.1459358,0.218543,0.909537,0.1562299,0.40944499999999995,0.850546,-0.04814399999999999,-0.5025879999999999,0.848475,0.0490323,-0.502598,0.858792,-0.10631299999999999,-0.48597499999999993,0.879015,0.0879964,-0.48597999999999997,0.897374,0.243245,0.48075599999999996,0.832582,0.30092399999999997,0.47477499999999995,0.864042,0.1457582,0.42601,0.844636,-0.26188999999999996,0.475268,0.788977,-0.300674,0.464098,0.772913,-0.145176,0.43159899999999995,0.840167,0
4.909999999999984e-05,-0.4699237,0.894711,0.00014089999999999936,-0.3171297,0.935209,-0.184463,-0.3171767,0.855378,-0.24331099999999997,-0.1693827,0.880633,-0.291302,-0.0109752,0.884212,0.213371,-0.3170287,0.870828,0.25262599999999996,-0.1365467,0.87996,0.26223199999999997,0.032364,0.88394,0.0,0.0,0.812772,-0.116457,-6.749999999999985e-05,0.752299,-0.14579899999999998,0.2130533,0.892299,-0.164972,0.4202613,0.904642,0.135876,0.00535138,0.75882,0.145782,0.2238403,0.880829,0.155456,0.4203483,0.88816,-0.038739499999999996,-0.4916117,0.908673,0.058143600000000004,-0.49159070000000005,0.935135,-0.08794199999999999,-0.4752127,0.855811,0.1165173,-0.4753187,0.831695,0.174795,0.4860653,0.833687,0.233315,0.4750883,0.870049,0.136036,0.4260723,0.796877,-0.213606,0.4752543,0.853335,-0.25234300000000004,0.4694553,0.92072,-0.15492999999999998,0.4312773,0.806678,0
8.310000000000262e-05,-0.4698965,0.895802,0.00017570000000000086,-0.3170905,0.93509,-0.1844031,-0.3171235,0.856281,-0.2432521,-0.1693175,0.881706,-0.2912621,-0.0108527,0.886345,0.21338590000000002,-0.3170185,0.865949,0.2527009,-0.1365205,0.878827,0.2623259,0.0323767,0.879819,0.0,0.0,0.81789,-0.11651210000000001,-6.819999999999916e-05,0.756187,-0.14576709999999998,0.2130685,0.896996,-0.1649091,0.4203575,0.911236,0.1358709,0.00533355,0.760518,0.1459149,0.2238885,0.878889,0.1555919,0.4204725,0.889301,-0.0387174,-0.49157049999999997,0.908729,0.0581742,-0.49156249999999996,0.931137,-0.0878631,-0.4751455,0.852999,0.1166129,-0.4753035,0.836064,0.17486290000000002,0.4860965,0.844609,0.2333999,0.4751465,0.883852,0.1452999,0.4312135,0.790399,-0.2135591,0.47531450000000003,0.851877,-0.2522471,0.4695175,0.917007,-0.1548951,0.4313265,0.81055,0
0.00011099999999999999,-0.4751444,0.910391,0.00022789999999999963,-0.3222564,0.899614,-0.18461999999999998,-0.3277314,0.821896,-0.252447,-0.16946440000000002,0.902896,-0.29140499999999997,-0.011044099999999998,0.866623,0.222773,-0.3222964,0.850424,0.281465,-0.13680240000000002,0.896234,0.290947,0.01089868,0.852339,0.0,0.0,0.830839,-0.11671899999999999,-9.399999999999686e-06,0.764911,-0.12628799999999998,0.2183066,0.85765,-0.164885,0.4203376,0.881175,0.136074,8.510000000000115e-05,0.79184,0.145656,0.2240636,0.88347,0.155533,0.4258876,0.88444,-0.0294108,-0.48630439999999997,0.900427,0.0582277,-0.48640439999999996,0.91808,-0.087805,-0.4697984,0.87954,0.1259054,-0.4752284,0.860618,0.16534400000000002,0.49146059999999997,0.840331,0.233094,0.4805576,0.880314,0.14542,0.4366286,0.779745,-0.21359899999999998,0.4806826,0.861524,-0.24329800000000001,0.4748196,0.906224,-0.145858,0.43151459999999997,0.795379,0
-0.00028050000000000297,-0.4754026,0.934203,-0.00010180000000000258,-0.3278076,0.888792,-0.1850751,-0.3279046,0.814831,-0.2721961,-0.1745736,0.878119,-0.30113009999999996,-0.0273987,0.842508,0.2225359,-0.3332676,0.853737,0.2905219,-0.1475406,0.857519,0.30002690000000004,0.005306999999999999,0.911512,0.0,0.0,0.818468,-0.1072911,1.0900000000001187e-05,0.778092,-0.11674410000000002,0.2131184,0.875575,-0.1652871,0.4150204,0.880213,0.1449609,9.850000000000136e-05,0.806759,0.1448819,0.2184254,0.905989,0.1550389,0.4205104,0.876306,-0.0296838,-0.49157159999999994,0.884123,0.0579297,-0.49164460000000004,0.913383,-0.08812310000000001,-0.4753426,0.899266,0.1256798,-0.4805276,0.87709,0.1647619,0.4914754,0.832379,0.2325759,0.4805204,0.860512,0.1448979,0.4314574,0.775473,-0.2044391,0.4804584,0.853599,-0.2434781,0.46960240000000003,0.896556,-0.1553991,0.4315054,0.7868,0
0.00012140000000000067,-0.480651,0.910464,5.4700000000001275e-05,-0.327859,0.895486,-0.19446200000000002,-0.333196,0.812781,-0.29126799999999997,-0.18006899999999998,0.888743,-0.30124799999999996,-0.0381648,0.866491,0.222835,-0.333283,0.852429,0.29119100000000003,-0.153028,0.866452,0.30041100000000004,-0.0052662,0.925971,0.0,0.0,0.808808,-0.116551,-6.250000000000006e-05,0.760934,-0.11669800000000001,0.21288300000000002,0.873995,-0.16503600000000002,0.409533,0.877131,0.144887,0.00010139999999999975,0.779748,0.14505,0.213096,0.897609,0.15513500000000002,0.415049,0.869583,-0.029388900000000003,-0.49180100000000004,0.901821,0.0582243,-0.49189800000000006,0.919988,-0.087945,-0.480478,0.884153,0.1258515,-0.48077200000000003,0.858645,0.164989,0.48605299999999996,0.819352,0.232748,0.475083,0.863364,0.144997,0.42601999999999995,0.750122,-0.20416,0.474997,0.848689,-0.243201,0.46415399999999996,0.893734,-0.155086,0.42604699999999995,0.779648,0
0.00014049999999999827,-0.4752513,0.910746,7.559999999999858e-05,-0.3169753,0.916404,-0.2038928,-0.3169823,0.833142,-0.30095679999999997,-0.1693283,0.891378,-0.3103338,-0.027394300000000003,0.87488,0.2228052,-0.3223163,0.861601,0.30050720000000003,-0.1423013,0.894776,0.31016920000000003,0.0001571000000000003,0.945499,0.0,0.0,0.82894,-0.11663380000000001,1.2399999999999217e-05,0.776933,-0.11688880000000001,0.2129207,0.864236,-0.16501280000000002,0.4148827,0.880513,0.1448702,9.559999999999777e-05,0.79582,0.1449382,0.2130897,0.885209,0.1552972,0.4205287,0.86732,-0.0293457,-0.48634429999999995,0.901538,0.0582666,-0.48642430000000003,0.930687,-0.08797680000000001,-0.4696803,0.880974,0.1163081,-0.4698833,0.831638,0.1647532,0.4861707,0.828623,0.2326762,0.4804677,0.866466,0.1453892,0.4366147,0.76076,-0.2040488,0.4752537,0.832548,-0.2431978,0.4694037,0.879712,-0.1551098,0.4314227,0.779101,0
0.00042490000000000236,-0.4753533,0.89644,0.0003831000000000008,-0.3172003,0.929326,-0.1939359,-0.3170543,0.851347,-0.30067889999999997,-0.1694733,0.881008,-0.3102909,-0.016716300000000003,0.907708,0.2229111,-0.3223433,0.869111,0.3008781,-0.1475023,0.922798,0.3113201,-4.2999999999999636e-05,0.902225,0.0,0.0,0.814558,-0.1260629,-3.189999999999964e-05,0.750884,-0.1452319,0.2127937,0.892197,-0.1648919,0.4095807,0.879414,0.1358321,0.00530542,0.763506,0.1451941,0.2128017,0.891522,0.1557421,0.4202897,0.863245,-0.029063799999999997,-0.49167429999999995,0.909683,0.0585116,-0.49171329999999996,0.93846,-0.0877239,-0.4698763,0.876327,0.1166084,-0.4752713,0.826987,0.1651831,0.4859207,0.818081,0.2331371,0.4750477,0.855008,0.14585209999999998,0.4311517,0.76985,-0.2039029,0.4749277,0.827479,-0.24300090000000002,0.4640757,0.87285,-0.1550459,0.4260337,0.784784,0
0.0002015999999999997,-0.4752632,0.892233,0.00021769999999999776,-0.31712320000000005,0.926895,-0.1845067,-0.31700720000000004,0.862006,-0.2817557,-0.1746382,0.861249,-0.3111067,-0.0163787,0.948412,0.21351130000000001,-0.32229620000000003,0.865848,0.3003263,-0.1475022,0.900252,0.3205773,-0.00014429999999999998,0.880445,0.0,0.0,0.821081,-0.11652769999999998,-8.33999999999991e-05,0.767801,-0.1455157,0.2129868,0.891813,-0.1652847,0.42039879999999996,0.897493,0.1359183,0.00534305,0.782263,0.1452203,0.2131888,0.883881,0.1554203,0.42037979999999997,0.86728,-0.029231999999999998,-0.4916182,0.912256,0.058214,-0.49163919999999994,0.937927,-0.0879377,-0.47513819999999996,0.880232,0.1161687,-0.4804942,0.831892,0.1649283,0.48077479999999995,0.798663,0.2327143,0.4750658,0.847596,0.1455713,0.43121679999999996,0.748109,-0.2040737,0.47518479999999996,0.819888,-0.2433627,0.4694068,0.884086,-0.1554717,0.43139479999999997,0.786361,0
0.00034370000000000234,-0.48599808,0.922968,0.0005524000000000015,-0.32760308,0.923205,-0.18422429999999998,-0.32253908,0.847101,-0.26185230000000004,-0.16935508,0.853181,-0.3198053,-0.01641148,0.951537,0.2139107,-0.32776108,0.858899,0.2911447,-0.14768908,0.886408,0.33039369999999996,-0.0054748800000000005,0.869521,0.0,0.0,0.810915,-0.12608529999999998,-0.00536838,0.754967,-0.1452833,0.20767892,0.886142,-0.1648893,0.41502092,0.896449,0.1266511,0.0054789140000000005,0.747395,0.1455697,0.20787192,0.889296,0.1556877,0.41495892,0.871137,-0.0384677,-0.49718007999999997,0.89453,0.0584522,-0.49721708000000003,0.915218,-0.09666530000000001,-0.48586208000000003,0.876113,0.1071481,-0.48602108,0.847173,0.1654117,0.48058692,0.822249,0.2332757,0.46963492,0.864559,0.1456087,0.42077591999999997,0.756693,-0.2131793,0.46987192,0.804775,-0.25206130000000004,0.46404291999999997,0.855262,-0.1549873,0.42604592,0.798679,0
