7.5037,0.878,0.854,2.6885,0.878,0.863,0.4847,0.878,0.883,-0.0196,0.854,0.815,-0.0901,0.854,0.789,-45195.6429,0.854,0.763,-2.6185,0.854,0.901,-0.4326,0.815,0.827,-0.9102,0.827,0.857,0.5205,0.789,0.884,1.1268,0.884,0.802,-0.0000,0.763,0.758,-1.4569,0.758,0.851,-0.7832,0.901,0.766,0.8561,0.766,0.845,3.6145,0.863,0.892,-0.0641,0.883,0.852,1
6.7275,0.922,0.878,2.6366,0.922,0.865,0.6409,0.922,0.906,-0.0384,0.878,0.802,-0.0380,0.878,0.795,-5025.3938,0.878,0.742,-2.5269,0.878,0.906,-0.4607,0.802,0.812,-0.9396,0.812,0.845,0.4792,0.795,0.917,1.1003,0.917,0.807,-0.0000,0.742,0.740,-1.3044,0.740,0.847,-0.7559,0.906,0.747,0.8332,0.747,0.846,3.5939,0.865,0.934,-0.0624,0.906,0.842,1
13.1327,0.941,0.872,2.6202,0.941,0.864,0.6391,0.941,0.901,-0.0773,0.872,0.777,-0.0193,0.872,0.824,35.6716,0.872,0.744,-2.6945,0.872,0.907,-0.4918,0.777,0.841,-1.0773,0.841,0.821,0.4661,0.824,0.880,1.0755,0.880,0.839,0.0000,0.744,0.745,-1.2684,0.745,0.836,-0.7464,0.907,0.725,0.7802,0.725,0.855,3.5735,0.864,0.939,-0.1238,0.901,0.833,1
7.1612,0.924,0.838,2.6197,0.924,0.866,0.5638,0.924,0.873,-0.0932,0.838,0.796,-0.0366,0.838,0.846,1117.2520,0.838,0.759,-2.4875,0.838,0.900,-0.4770,0.796,0.854,-1.0750,0.854,0.818,0.5191,0.846,0.854,1.1258,0.854,0.855,-0.0009,0.759,0.772,-1.3112,0.772,0.824,-0.6941,0.900,0.734,0.7945,0.734,0.861,3.5521,0.866,0.915,-0.1865,0.873,0.816,1
15.2823,0.903,0.833,2.6017,0.903,0.855,0.4056,0.903,0.852,-0.0558,0.833,0.804,-0.0723,0.833,0.837,33.9045,0.833,0.766,-2.5167,0.833,0.896,-0.4892,0.804,0.842,-0.9866,0.842,0.829,0.5203,0.837,0.841,1.2045,0.841,0.843,-0.0004,0.766,0.776,-1.3132,0.776,0.821,-0.6967,0.896,0.735,0.7210,0.735,0.852,3.5284,0.855,0.890,-0.1862,0.852,0.837,1
14.6401,0.877,0.834,2.5654,0.877,0.863,0.4811,0.877,0.852,-0.0388,0.834,0.802,-0.0708,0.834,0.814,34.6748,0.834,0.778,-2.4943,0.834,0.909,-0.4670,0.802,0.815,-0.9473,0.815,0.843,0.5207,0.814,0.850,1.1268,0.850,0.837,-0.0007,0.778,0.783,-1.3906,0.783,0.821,-0.6849,0.909,0.750,0.6989,0.750,0.841,3.4544,0.863,0.887,-0.1227,0.852,0.854,1
14.2913,0.871,0.837,2.5300,0.871,0.865,0.4833,0.871,0.864,-0.0377,0.837,0.805,-0.0706,0.837,0.798,33.3765,0.837,0.769,-2.4944,0.837,0.887,-0.4671,0.805,0.816,-0.9466,0.816,0.847,0.5336,0.798,0.858,1.1508,0.858,0.817,-0.0283,0.769,0.779,-1.3171,0.779,0.808,-0.6962,0.887,0.741,0.7428,0.741,0.861,3.4115,0.865,0.895,-0.0628,0.864,0.882,1
14.3014,0.872,0.839,2.5300,0.872,0.866,0.4822,0.872,0.871,-0.0384,0.839,0.805,-0.0871,0.839,0.813,994.2619,0.839,0.768,-2.4948,0.839,0.887,-0.4557,0.805,0.828,-0.9464,0.828,0.862,0.5342,0.813,0.843,1.1037,0.843,0.822,-0.0300,0.768,0.780,-1.4877,0.780,0.796,-0.6961,0.887,0.731,0.7435,0.731,0.862,3.4328,0.866,0.885,-0.0622,0.871,0.881,1
14.6039,0.877,0.837,2.5481,0.877,0.844,0.4060,0.877,0.864,-0.0382,0.837,0.800,-0.0896,0.837,0.820,1047.3070,0.837,0.781,-2.4927,0.837,0.862,-0.4531,0.800,0.837,-0.9641,0.837,0.849,0.5215,0.820,0.845,1.1253,0.845,0.834,-0.0298,0.781,0.781,-1.4472,0.781,0.785,-0.6839,0.862,0.748,0.7425,0.748,0.865,3.4346,0.844,0.885,-0.0640,0.864,0.875,1
14.3265,0.902,0.842,2.5819,0.902,0.820,0.4969,0.902,0.875,-0.0766,0.842,0.803,-0.0543,0.842,0.828,-10541.0884,0.842,0.789,-2.4430,0.842,0.829,-0.4206,0.803,0.865,-0.9258,0.865,0.846,0.5219,0.828,0.827,1.1272,0.827,0.840,-0.0007,0.789,0.782,-1.3959,0.782,0.775,-0.6813,0.829,0.734,0.7652,0.734,0.839,3.5021,0.820,0.882,-0.2754,0.875,0.839,1
237.3000,0.921,0.886,2.7015,0.921,0.839,0.5638,0.921,0.885,-0.0962,0.886,0.788,-0.0350,0.886,0.847,163492.4000,0.886,0.775,-2.5951,0.886,0.785,-0.4424,0.788,0.859,-0.9900,0.859,0.816,0.5058,0.847,0.786,1.1001,0.786,0.854,-0.0326,0.775,0.751,-1.6019,0.751,0.754,-0.7432,0.785,0.705,0.7801,0.705,0.824,3.6952,0.839,0.895,-0.2490,0.885,0.831,1
13.6009,0.919,0.892,2.7000,0.919,0.848,0.5659,0.919,0.913,-0.0404,0.892,0.775,-0.0190,0.892,0.809,-2994.0495,0.892,0.768,-2.3872,0.892,0.749,-0.4511,0.775,0.853,-1.0363,0.853,0.866,0.4678,0.809,0.847,1.0297,0.847,0.842,-0.0002,0.768,0.750,-1.4059,0.750,0.806,-0.7353,0.749,0.717,0.7813,0.717,0.824,3.6912,0.848,0.918,-0.0633,0.913,0.866,1
13.1357,0.899,0.871,2.8118,0.899,0.814,0.5002,0.899,0.915,-0.0204,0.871,0.817,-0.0527,0.871,0.772,-1243.6129,0.871,0.760,-2.5205,0.871,0.798,-0.4256,0.817,0.841,-0.9467,0.841,0.887,0.5188,0.772,0.899,1.0515,0.899,0.820,-0.0308,0.760,0.739,-1.3508,0.739,0.849,-0.7549,0.798,0.741,0.8229,0.741,0.806,3.8844,0.814,0.899,-0.0703,0.915,0.884,1
15.0738,0.903,0.830,2.8324,0.903,0.826,0.4281,0.903,0.871,-0.0374,0.830,0.797,-0.0721,0.830,0.802,-3087.1255,0.830,0.779,-2.3886,0.830,0.760,-0.4200,0.797,0.881,-0.9261,0.881,0.858,0.5207,0.802,0.851,1.1240,0.851,0.801,-0.0309,0.779,0.745,-1.3920,0.745,0.752,-0.7354,0.760,0.752,0.8341,0.752,0.762,3.8446,0.826,0.877,-0.2735,0.871,0.875,1
7.3625,0.884,0.900,2.7831,0.884,0.825,0.5658,0.884,0.921,-0.0197,0.900,0.791,-0.0358,0.900,0.796,-37.4369,0.900,0.794,-2.5968,0.900,0.773,-0.4225,0.791,0.828,-0.9449,0.828,0.889,0.4680,0.796,0.847,1.0299,0.847,0.846,-0.0305,0.794,0.758,-1.4895,0.758,0.795,-0.7709,0.773,0.739,1.0017,0.739,0.800,3.7587,0.825,0.882,-0.0744,0.921,0.883,1
16.0687,0.896,0.880,2.8925,0.896,0.831,0.4061,0.896,0.884,-0.0191,0.880,0.812,-0.0870,0.880,0.804,-962.3246,0.880,0.790,-2.4941,0.880,0.766,-0.4291,0.812,0.877,-0.9248,0.877,0.877,0.5342,0.804,0.869,1.1500,0.869,0.793,-0.0313,0.790,0.743,-1.3049,0.743,0.742,-0.8109,0.766,0.717,0.9682,0.717,0.773,4.0358,0.831,0.862,-0.1416,0.884,0.867,1
14.6824,0.920,0.899,2.9291,0.920,0.814,0.5659,0.920,0.920,-0.0700,0.899,0.787,-0.0179,0.899,0.828,-9461.8789,0.899,0.778,-2.6294,0.899,0.783,-0.4285,0.787,0.795,-0.9532,0.795,0.857,0.5065,0.828,0.827,1.0771,0.827,0.862,-0.0310,0.778,0.710,-1.4260,0.710,0.815,-0.8397,0.783,0.730,1.0996,0.730,0.764,3.9487,0.814,0.887,-0.1870,0.920,0.852,1
14.1419,0.887,0.925,2.9447,0.887,0.802,0.5670,0.887,0.935,-0.0182,0.925,0.799,-0.0184,0.925,0.824,-1035.7923,0.925,0.807,-2.6081,0.925,0.776,-0.4251,0.799,0.856,-0.9589,0.856,0.901,0.4675,0.824,0.824,1.0524,0.824,0.849,0.0001,0.807,0.719,-1.4688,0.719,0.788,-0.8615,0.776,0.762,1.0764,0.762,0.762,3.8167,0.802,0.879,-0.0623,0.935,0.890,1
249.7199,0.892,0.899,3.1480,0.892,0.813,0.4838,0.892,0.892,-0.0186,0.899,0.841,-0.0699,0.899,0.795,-11995.4667,0.899,0.819,-2.6635,0.899,0.792,-0.4286,0.841,0.850,-0.9891,0.850,0.838,0.5085,0.795,0.878,1.0556,0.878,0.810,-0.0008,0.819,0.730,-1.6109,0.730,0.738,-0.8845,0.792,0.767,0.9861,0.767,0.791,4.1052,0.813,0.839,-0.1880,0.892,0.866,1
196.9043,0.903,0.905,3.2434,0.903,0.788,0.4997,0.903,0.948,-0.0525,0.905,0.800,-0.0183,0.905,0.833,9775.6410,0.905,0.802,-2.7389,0.905,0.803,-0.3889,0.800,0.804,-0.8684,0.804,0.864,0.5070,0.833,0.850,1.0795,0.850,0.880,-0.0006,0.802,0.730,-1.6213,0.730,0.744,-0.8674,0.803,0.726,1.0994,0.726,0.805,4.2468,0.788,0.878,-0.2104,0.948,0.803,1
15.0275,0.842,0.908,3.1585,0.842,0.796,0.5619,0.842,0.870,-0.0177,0.908,0.839,-0.0004,0.908,0.815,-1651.3074,0.908,0.770,-2.7391,0.908,0.814,-0.4060,0.839,0.824,-0.9089,0.824,0.845,0.4655,0.815,0.861,1.0327,0.861,0.855,-0.0265,0.770,0.719,-1.8635,0.719,0.761,-0.8966,0.814,0.708,1.1037,0.708,0.822,4.2423,0.796,0.825,-0.2077,0.870,0.835,1
8.5573,0.881,0.866,3.0422,0.881,0.794,0.6578,0.881,0.928,-0.0345,0.866,0.808,-0.0527,0.866,0.784,-3740.4608,0.866,0.753,-2.7819,0.866,0.813,-0.3464,0.808,0.788,-0.8757,0.788,0.859,0.5076,0.784,0.838,1.1066,0.838,0.853,-0.0266,0.753,0.695,-1.6549,0.695,0.747,-0.9201,0.813,0.709,1.1497,0.709,0.820,3.8645,0.794,0.876,-0.1874,0.928,0.798,1
16.1711,0.839,0.900,3.2209,0.839,0.806,0.4834,0.839,0.869,-0.0170,0.900,0.817,-0.0007,0.900,0.820,-2885.0441,0.900,0.788,-2.8024,0.900,0.811,-0.3928,0.817,0.830,-0.9223,0.830,0.831,0.4766,0.820,0.849,1.0758,0.849,0.899,-0.0004,0.788,0.724,-1.8402,0.724,0.788,-0.9252,0.811,0.740,1.1526,0.740,0.826,3.9700,0.806,0.822,-0.1902,0.869,0.851,1
5.9565,0.878,0.852,3.1034,0.878,0.773,0.6598,0.878,0.922,-0.0175,0.852,0.816,-0.0718,0.852,0.771,1708.6309,0.852,0.798,-2.8789,0.852,0.802,-0.3264,0.816,0.806,-0.8550,0.806,0.835,0.5070,0.771,0.844,1.1279,0.844,0.853,-0.0004,0.798,0.743,-1.9704,0.743,0.772,-0.9586,0.802,0.740,1.2026,0.740,0.820,3.9085,0.773,0.897,-0.1259,0.922,0.782,1
-4.8959,0.911,0.916,5.2342,0.911,0.826,0.7426,0.911,0.901,-0.0654,0.916,0.857,-0.0273,0.916,0.847,-236.3081,0.916,0.922,-2.8095,0.916,0.784,-18.2396,0.857,0.833,1.2531,0.833,0.898,3.5996,0.847,0.931,-12.2028,0.931,0.925,-0.0548,0.922,0.839,-2.5660,0.839,0.696,-0.9777,0.784,0.867,1.3170,0.867,0.732,12.4248,0.826,0.908,-0.1399,0.901,0.893,1
-5.4588,0.850,0.911,5.0737,0.850,0.826,0.7432,0.850,0.975,-0.0320,0.911,0.898,-0.0268,0.911,0.820,-267.9112,0.911,0.914,-2.6477,0.911,0.744,-8.8005,0.898,0.867,1.1904,0.867,0.855,4.0868,0.820,0.886,-11.8995,0.886,0.970,-0.0036,0.914,0.840,-2.8319,0.840,0.644,-0.9394,0.744,0.875,1.4060,0.875,0.752,12.0252,0.826,0.979,-0.0668,0.975,0.965,1
-9.3529,0.873,0.941,4.3979,0.873,0.813,1.1098,0.873,0.956,-0.0295,0.941,0.911,-0.0008,0.941,0.877,-14.8919,0.941,0.861,-2.5719,0.941,0.527,-17.1151,0.911,0.894,1.5466,0.894,0.869,5.3462,0.877,0.877,-150.2582,0.877,0.915,-0.0613,0.861,0.813,-3.4100,0.813,0.597,-0.9288,0.527,0.830,1.4774,0.830,0.755,9.4870,0.813,0.962,-0.0797,0.956,0.919,1
-9.4106,0.903,0.923,3.9900,0.903,0.829,0.5704,0.903,0.906,-0.0298,0.923,0.888,-0.0003,0.923,0.866,-14.9413,0.923,0.856,-2.6379,0.923,0.452,-280.4299,0.888,0.883,1.6836,0.883,0.885,4.3658,0.866,0.932,-12.0929,0.932,0.872,-0.0609,0.856,0.818,-4.2673,0.818,0.591,-0.8941,0.452,0.825,1.8645,0.825,0.797,7.6870,0.829,0.911,-0.1625,0.906,0.911,1
-9.5080,0.883,0.876,3.5715,0.883,0.824,0.5584,0.883,0.944,-0.0320,0.876,0.857,-0.0274,0.876,0.849,-13.9786,0.876,0.840,-2.8060,0.876,0.390,-314.0143,0.857,0.865,2.2208,0.865,0.887,4.2420,0.849,0.940,-13.4547,0.940,0.900,-0.0612,0.840,0.819,-3.2749,0.819,0.548,-0.8299,0.390,0.810,1.6877,0.810,0.783,6.3773,0.824,0.942,-0.0791,0.944,0.936,1
-5.1059,0.855,0.854,3.8966,0.855,0.829,0.2927,0.855,0.966,-0.0319,0.854,0.862,-0.0267,0.854,0.836,-13.9272,0.854,0.854,-2.5698,0.854,0.373,-17.6297,0.862,0.851,1.5307,0.851,0.907,5.5546,0.836,0.930,-671.6257,0.930,0.932,-0.0622,0.854,0.829,-2.5592,0.829,0.553,-0.8289,0.373,0.815,1.6089,0.815,0.808,6.3293,0.829,0.970,-0.0044,0.966,0.941,1
-3.4194,0.847,0.854,4.1688,0.847,0.807,0.3416,0.847,0.978,-0.0323,0.854,0.874,-0.0267,0.854,0.832,-13.4879,0.854,0.844,1.0312,0.854,0.000,-8.9867,0.874,0.839,1.5269,0.839,0.918,5.3963,0.832,0.914,-829.6291,0.914,0.933,-0.0621,0.844,0.842,-18.3784,0.842,0.515,1.0670,0.000,0.817,1.5280,0.817,0.806,6.2469,0.807,0.984,-0.0755,0.978,0.961,1
-3.4011,0.851,0.854,5.1411,0.851,0.782,0.3402,0.851,0.981,-0.0316,0.854,0.872,-0.0274,0.854,0.827,-14.2377,0.854,0.848,-2.5251,0.854,0.440,-17.5536,0.872,0.846,1.4482,0.846,0.928,5.3454,0.827,0.877,3057.6585,0.877,0.928,-0.0612,0.848,0.846,-1.8590,0.846,0.492,-0.7426,0.440,0.814,1.5262,0.814,0.815,10.5783,0.782,0.978,-0.0786,0.981,0.960,1
-5.3037,0.854,0.852,4.1227,0.854,0.708,0.3407,0.854,0.977,-0.0293,0.852,0.880,-0.0281,0.852,0.836,-6.9873,0.852,0.846,1.0273,0.852,0.000,-17.5578,0.880,0.868,1.2054,0.868,0.934,4.0884,0.836,0.851,-1166.9515,0.851,0.925,-0.0619,0.846,0.859,-865.3865,0.859,0.578,1.0629,0.000,0.810,1.1896,0.810,0.776,7.1166,0.708,0.973,-0.0041,0.977,0.951,1
-5.0111,0.870,0.842,4.0664,0.870,0.704,0.2338,0.870,0.963,-0.0625,0.842,0.874,-0.0553,0.842,0.847,-15.0286,0.842,0.839,1.0171,0.842,0.000,-9.5293,0.874,0.894,1.2038,0.894,0.929,4.3443,0.847,0.872,671.7326,0.872,0.911,-0.0028,0.839,0.848,-18.8308,0.848,0.519,1.0630,0.000,0.812,1.1865,0.812,0.760,6.9384,0.704,0.954,-0.0056,0.963,0.942,1
-3.2240,0.893,0.860,4.6824,0.893,0.762,0.2315,0.893,0.932,-0.0610,0.860,0.866,-0.0007,0.860,0.872,-15.1351,0.860,0.826,1.0069,0.860,0.000,-19.2300,0.866,0.888,1.3631,0.888,0.939,4.3042,0.872,0.875,-1217.4078,0.875,0.889,-0.0622,0.826,0.825,-19.6010,0.825,0.581,1.0494,0.000,0.805,1.6024,0.805,0.768,7.2256,0.762,0.923,-0.0709,0.932,0.935,1
-4.7884,0.913,0.891,5.4270,0.913,0.782,0.5568,0.913,0.919,-0.0286,0.891,0.893,-0.0006,0.891,0.905,-7.3283,0.891,0.830,-2.3706,0.891,0.433,-19.6105,0.893,0.888,1.4400,0.888,0.935,4.4450,0.905,0.891,-12.9111,0.891,0.890,-0.0555,0.830,0.810,-2.0902,0.810,0.472,-0.8070,0.433,0.804,1.4758,0.804,0.771,9.3253,0.782,0.925,-0.2822,0.919,0.893,1
-3.5862,0.859,0.898,6.3241,0.859,0.777,0.3787,0.859,0.979,-0.0013,0.898,0.904,-0.0013,0.898,0.871,-7.1632,0.898,0.853,-2.2180,0.898,0.478,-18.4403,0.904,0.923,1.7639,0.923,0.921,4.3433,0.871,0.884,13.9799,0.884,0.849,-0.0550,0.853,0.832,-9.0166,0.832,0.522,-0.8535,0.478,0.831,1.6199,0.831,0.751,9.3605,0.777,0.982,-0.1422,0.979,0.901,1
-3.7608,0.936,0.834,6.8212,0.936,0.778,0.2807,0.936,0.918,-0.0290,0.834,0.868,-0.0009,0.834,0.840,-15.5734,0.834,0.872,-2.4909,0.834,0.486,-18.0715,0.868,0.928,1.8346,0.928,0.898,4.3781,0.840,0.842,14.2792,0.842,0.833,-0.0023,0.872,0.852,-2.8105,0.852,0.502,-0.7980,0.486,0.849,2.1533,0.849,0.766,9.9659,0.778,0.901,-0.1410,0.918,0.956,1
-5.4048,0.861,0.889,6.1115,0.861,0.768,0.4708,0.861,0.974,-0.0005,0.889,0.909,-0.0001,0.889,0.898,-5.9312,0.889,0.847,-2.3930,0.889,0.488,-20.6971,0.909,0.906,1.7677,0.906,0.897,5.9890,0.898,0.896,-15.5925,0.896,0.843,-0.0017,0.847,0.846,-6.2016,0.846,0.558,-0.8019,0.488,0.833,2.6796,0.833,0.767,8.6737,0.768,0.977,-0.0749,0.974,0.895,1
-2.9788,0.932,0.832,6.5429,0.932,0.807,0.4703,0.932,0.910,-0.0319,0.832,0.867,-0.0552,0.832,0.844,-6112.6220,0.832,0.799,-3.3186,0.832,0.582,-19.9117,0.867,0.929,1.8375,0.929,0.856,6.5612,0.844,0.877,15.3683,0.877,0.884,-0.0569,0.799,0.799,-4.4937,0.799,0.548,-0.9598,0.582,0.792,3.0326,0.792,0.765,9.2665,0.807,0.895,-0.2817,0.910,0.892,1
-4.3110,0.891,0.902,6.1602,0.891,0.809,0.3336,0.891,0.939,-0.0014,0.902,0.916,-0.0256,0.902,0.890,18.7929,0.902,0.815,-3.9167,0.902,0.608,-299.4162,0.916,0.907,2.0124,0.907,0.889,9.1439,0.890,0.867,-441.3504,0.867,0.928,-0.0011,0.815,0.810,-2.6586,0.810,0.632,-1.0069,0.608,0.823,3.8984,0.823,0.762,9.4729,0.809,0.940,-0.0733,0.939,0.933,1
-4.1142,0.854,0.851,6.4707,0.854,0.829,0.4444,0.854,0.978,-0.0583,0.851,0.857,-0.0011,0.851,0.872,21.7054,0.851,0.833,-4.0208,0.851,0.859,-239.2505,0.857,0.890,3.9059,0.890,0.796,9.2722,0.872,0.834,-2095.0814,0.834,0.859,-0.0490,0.833,0.859,-4.5038,0.859,0.747,-1.0795,0.859,0.846,4.0604,0.846,0.736,10.0940,0.829,0.978,-0.1398,0.978,0.886,1
-4.2730,0.893,0.858,7.5935,0.893,0.867,0.6653,0.893,0.948,-0.0284,0.858,0.873,-0.0011,0.858,0.841,11.2642,0.858,0.785,-4.2145,0.858,0.876,-18.5786,0.873,0.877,5.7907,0.877,0.870,9.2885,0.841,0.883,18.5638,0.883,0.898,-0.0457,0.785,0.834,-3.7235,0.834,0.787,-1.1013,0.876,0.820,3.6744,0.820,0.780,12.8057,0.867,0.939,-0.3514,0.948,0.875,1
-2.7412,0.933,0.912,8.0837,0.933,0.856,0.4703,0.933,0.914,-0.0008,0.912,0.896,-0.0007,0.912,0.880,24.4544,0.912,0.782,-5.2399,0.912,0.859,-19.2064,0.896,0.813,16.0821,0.813,0.923,9.0157,0.880,0.876,4.8158,0.876,0.842,-0.0010,0.782,0.830,-8.6900,0.830,0.778,-1.1697,0.859,0.796,4.0853,0.796,0.830,11.3564,0.856,0.898,-0.3490,0.914,0.899,1
-42.6085,0.937,0.930,5.7608,0.937,0.760,2.4893,0.937,0.856,0.0010,0.930,0.827,0.0022,0.930,0.847,123.1545,0.930,0.825,-5.2218,0.930,0.829,-6.0934,0.827,0.863,-1.4335,0.863,0.828,43.9864,0.847,0.865,2.7043,0.865,0.803,-0.0033,0.825,0.754,-1.2767,0.754,0.822,-2.0268,0.829,0.765,1.0715,0.765,0.813,6.9402,0.760,0.886,0.4534,0.856,0.766,1
-40.7886,0.890,0.925,5.6930,0.890,0.758,2.2102,0.890,0.832,0.0547,0.925,0.846,0.0026,0.925,0.832,7466.0868,0.925,0.787,-5.1484,0.925,0.830,-6.5710,0.846,0.837,-1.4846,0.837,0.872,45.1353,0.832,0.871,2.7525,0.871,0.793,-0.0002,0.787,0.714,-1.0874,0.714,0.808,-2.0271,0.830,0.751,0.9791,0.751,0.810,6.7797,0.758,0.917,0.8849,0.832,0.766,1
-40.4282,0.915,0.886,5.5507,0.915,0.754,3.0894,0.915,0.903,0.0586,0.886,0.804,0.0578,0.886,0.813,-6038.6750,0.886,0.776,-5.0315,0.886,0.828,-7.2431,0.804,0.801,-1.7157,0.801,0.865,29.6932,0.813,0.917,2.5129,0.917,0.858,0.0002,0.776,0.703,-0.9179,0.703,0.807,-1.9452,0.828,0.741,0.7370,0.741,0.819,6.7353,0.754,0.941,0.8908,0.903,0.724,1
-43.5033,0.932,0.917,5.5144,0.932,0.752,3.0800,0.932,0.876,0.0542,0.917,0.813,0.0019,0.917,0.844,120.6208,0.917,0.804,-4.9207,0.917,0.828,-7.8867,0.813,0.842,-1.8381,0.842,0.805,29.0696,0.844,0.900,2.4766,0.900,0.846,-0.0004,0.804,0.740,-0.7771,0.740,0.815,-1.8350,0.828,0.746,0.6173,0.746,0.818,6.6550,0.752,0.913,0.4542,0.876,0.785,1
-41.7953,0.928,0.936,5.4780,0.928,0.755,2.1480,0.928,0.845,-0.0535,0.936,0.841,0.0008,0.936,0.853,121.1954,0.936,0.827,-4.9179,0.936,0.832,-7.7647,0.841,0.844,-1.6651,0.844,0.790,30.0195,0.853,0.852,2.5855,0.852,0.795,-0.0018,0.827,0.756,-0.7763,0.756,0.822,-1.8346,0.832,0.764,0.5565,0.764,0.820,6.5724,0.755,0.886,0.6683,0.845,0.769,1
-619.2789,0.908,0.936,5.4428,0.908,0.754,2.2141,0.908,0.822,-0.0006,0.936,0.840,0.0016,0.936,0.850,2072.5464,0.936,0.823,-4.7873,0.936,0.831,-8.6880,0.840,0.858,-1.6565,0.858,0.841,30.6734,0.850,0.841,2.7520,0.841,0.802,-0.0005,0.823,0.772,-0.8586,0.772,0.848,-1.8067,0.831,0.771,0.6139,0.771,0.808,6.4906,0.754,0.899,0.7906,0.822,0.770,1
-648.2542,0.886,0.927,5.3735,0.886,0.752,2.2029,0.886,0.849,0.0002,0.927,0.826,0.0568,0.927,0.832,3219.9723,0.927,0.830,-4.7504,0.927,0.835,-9.9609,0.826,0.848,-1.8437,0.848,0.849,30.7088,0.832,0.849,2.8962,0.849,0.813,0.0986,0.830,0.772,-0.8073,0.772,0.840,-1.7802,0.835,0.783,0.6105,0.783,0.817,6.4481,0.752,0.910,1.0595,0.849,0.768,1
-790.6191,0.886,0.924,5.4078,0.886,0.755,1.7846,0.886,0.852,-0.0003,0.924,0.827,0.0031,0.924,0.827,2191.7102,0.924,0.829,-4.7155,0.924,0.840,-9.8165,0.827,0.849,-1.9127,0.849,0.828,44.5525,0.827,0.848,2.9861,0.848,0.804,0.0007,0.829,0.775,-0.7554,0.775,0.841,-1.7544,0.840,0.779,0.6558,0.779,0.798,6.4504,0.755,0.921,1.1814,0.852,0.771,1
-899.0408,0.888,0.923,5.4401,0.888,0.765,2.1211,0.888,0.858,0.0007,0.923,0.827,0.0559,0.923,0.830,28977.1595,0.923,0.831,-4.7846,0.923,0.839,-8.8893,0.827,0.852,-1.7204,0.852,0.788,44.6164,0.830,0.853,2.9914,0.853,0.806,0.0005,0.831,0.764,-0.7766,0.764,0.832,-1.8065,0.839,0.789,0.4934,0.789,0.804,6.5526,0.765,0.919,1.1842,0.858,0.770,1
-39.1555,0.887,0.931,5.4067,0.887,0.753,1.7796,0.887,0.855,-0.0001,0.931,0.830,0.0531,0.931,0.842,-11647.2203,0.931,0.831,-4.8800,0.931,0.831,-9.6305,0.830,0.862,-1.6563,0.862,0.811,43.7279,0.842,0.844,2.9589,0.844,0.800,-0.0006,0.831,0.757,-0.8590,0.757,0.856,-1.8347,0.831,0.791,0.6124,0.791,0.806,6.4492,0.753,0.910,1.1839,0.855,0.752,1
-1138.8176,0.899,0.937,5.4064,0.899,0.761,1.7732,0.899,0.837,-0.0001,0.937,0.832,0.0015,0.937,0.850,-118.5728,0.937,0.828,-4.7873,0.937,0.839,-9.4155,0.832,0.892,-1.6559,0.892,0.803,44.1954,0.850,0.843,3.1758,0.843,0.831,0.0016,0.828,0.744,-0.9170,0.744,0.857,-1.8351,0.839,0.783,0.5752,0.783,0.794,6.4467,0.761,0.902,0.9946,0.837,0.769,1
-2257.5320,0.929,0.933,5.4749,0.929,0.751,1.7994,0.929,0.841,-0.0513,0.933,0.830,0.0548,0.933,0.850,28962.9005,0.933,0.806,-4.7878,0.933,0.845,-9.2607,0.830,0.907,-1.7797,0.907,0.785,28.7083,0.850,0.857,2.9291,0.857,0.846,-0.0008,0.806,0.746,-0.8324,0.746,0.828,-1.8360,0.845,0.759,0.6542,0.759,0.818,6.5305,0.751,0.884,0.6740,0.841,0.758,1
-44.0659,0.951,0.916,5.4742,0.951,0.751,2.0748,0.951,0.866,-0.0002,0.916,0.808,0.0016,0.916,0.820,-5893.0420,0.916,0.784,-4.8855,0.916,0.847,-9.2348,0.808,0.860,-1.9726,0.860,0.854,21.3390,0.820,0.878,2.7179,0.878,0.826,0.1016,0.784,0.716,-0.9747,0.716,0.836,-1.8375,0.847,0.752,0.5753,0.752,0.797,6.4706,0.751,0.877,0.4577,0.866,0.715,1
-9114.0652,0.948,0.883,5.5091,0.948,0.754,2.0778,0.948,0.892,0.0001,0.883,0.781,0.0582,0.883,0.798,2562.6682,0.883,0.774,-4.8992,0.883,0.847,-9.2088,0.781,0.839,-1.8419,0.839,0.846,28.6875,0.798,0.851,2.9859,0.851,0.805,0.1025,0.774,0.733,-1.0006,0.733,0.824,-1.9181,0.847,0.737,0.8584,0.737,0.798,6.5476,0.754,0.901,0.6811,0.892,0.686,1
-36.1074,0.908,0.908,5.5468,0.908,0.764,2.0711,0.908,0.907,0.0001,0.908,0.816,0.0014,0.908,0.812,116.5239,0.908,0.812,-5.1095,0.908,0.845,-8.3728,0.816,0.864,-1.6002,0.864,0.811,29.5134,0.812,0.827,2.9574,0.827,0.827,-0.0000,0.812,0.743,-1.2218,0.743,0.834,-1.9725,0.845,0.769,0.9572,0.769,0.795,6.5899,0.764,0.930,1.1808,0.907,0.682,1
-3986.2432,0.905,0.930,5.6180,0.905,0.759,1.4245,0.905,0.842,-0.0009,0.930,0.829,0.0013,0.930,0.840,115.6849,0.930,0.823,-5.1834,0.930,0.843,-8.3577,0.829,0.876,-1.7826,0.876,0.814,21.4219,0.840,0.848,2.8472,0.848,0.851,0.0004,0.823,0.764,-1.2229,0.764,0.831,-2.0256,0.843,0.771,1.0804,0.771,0.808,6.6278,0.759,0.876,1.1122,0.842,0.736,1
44.1854,0.938,0.917,5.6512,0.938,0.761,2.0639,0.938,0.874,-0.0009,0.917,0.806,0.0015,0.917,0.829,3237.8253,0.917,0.805,-5.0873,0.917,0.844,-8.1744,0.806,0.818,-1.8451,0.818,0.863,21.2594,0.829,0.866,2.7902,0.866,0.821,0.0011,0.805,0.734,-1.3745,0.734,0.837,-2.0533,0.844,0.741,1.2274,0.741,0.810,6.7875,0.761,0.870,0.5224,0.874,0.694,1
20366.9030,0.941,0.879,5.7590,0.941,0.764,2.0802,0.941,0.893,0.0005,0.879,0.784,0.0570,0.879,0.793,2067.6513,0.879,0.780,-5.2324,0.879,0.846,-9.0133,0.784,0.841,-1.7796,0.841,0.855,16.5309,0.793,0.802,2.5156,0.802,0.795,-0.0004,0.780,0.729,-1.6071,0.729,0.821,-2.1253,0.846,0.739,1.7745,0.739,0.772,6.8300,0.764,0.898,1.1113,0.893,0.706,1
-2082.1691,0.885,0.921,5.8999,0.885,0.763,1.5082,0.885,0.876,-0.0526,0.921,0.827,0.0541,0.921,0.832,1768.0243,0.921,0.804,-5.3430,0.921,0.845,-9.2597,0.827,0.866,-1.9152,0.866,0.817,14.1677,0.832,0.834,2.4425,0.834,0.841,-0.0004,0.804,0.749,-1.6033,0.749,0.814,-2.1269,0.845,0.756,1.7141,0.756,0.782,6.9131,0.763,0.913,1.3675,0.876,0.745,1
-42.6099,0.927,0.933,6.0051,0.927,0.761,1.7826,0.927,0.849,-0.0550,0.933,0.838,-0.0004,0.933,0.838,113.8976,0.933,0.799,-5.4861,0.933,0.845,-9.2644,0.838,0.886,-2.1216,0.886,0.862,14.1934,0.838,0.863,2.5075,0.863,0.875,-0.0013,0.799,0.760,-1.6101,0.760,0.813,-2.1212,0.845,0.744,1.9124,0.744,0.798,6.9935,0.761,0.880,0.8908,0.849,0.727,1
42.5746,0.942,0.907,5.9309,0.942,0.761,2.0648,0.942,0.868,-0.0533,0.907,0.809,0.0004,0.907,0.815,112.2156,0.907,0.780,-5.4187,0.907,0.845,-9.2568,0.809,0.852,-2.1148,0.852,0.867,12.1964,0.815,0.846,2.4685,0.846,0.824,-0.0003,0.780,0.754,-1.5662,0.754,0.809,-2.1461,0.845,0.721,1.9788,0.721,0.801,7.1104,0.761,0.873,0.5275,0.868,0.742,1
7599.2434,0.945,0.878,6.0450,0.945,0.764,2.0797,0.945,0.898,-0.0545,0.878,0.788,0.0006,0.878,0.801,114.2597,0.878,0.748,-5.4908,0.878,0.843,-8.8782,0.788,0.839,-1.8487,0.839,0.861,11.7115,0.801,0.814,2.1247,0.814,0.768,-0.0004,0.748,0.718,-1.7760,0.718,0.810,-2.1678,0.843,0.696,2.1934,0.696,0.794,7.1575,0.764,0.909,0.9932,0.898,0.688,1
-1750.8899,0.931,0.891,6.0805,0.931,0.766,2.0734,0.931,0.912,-0.0015,0.891,0.802,0.0007,0.891,0.810,1655.4622,0.891,0.759,-5.6024,0.891,0.841,-9.2660,0.802,0.867,-1.8473,0.867,0.839,11.9005,0.810,0.851,2.1891,0.851,0.803,0.0960,0.759,0.722,-1.9464,0.722,0.807,-2.2767,0.841,0.698,2.2578,0.698,0.772,7.3525,0.766,0.936,0.8036,0.912,0.671,1
4964.5930,0.894,0.905,6.1477,0.894,0.762,1.5506,0.894,0.889,-0.0015,0.905,0.813,0.0013,0.905,0.823,1811.6218,0.905,0.757,-5.6381,0.905,0.840,-9.4814,0.813,0.878,-1.8470,0.878,0.820,11.9596,0.823,0.864,2.3694,0.864,0.840,0.0000,0.757,0.711,-1.9486,0.711,0.801,-2.3008,0.840,0.707,2.2591,0.707,0.778,7.2343,0.762,0.917,1.5367,0.889,0.726,1
-1885.5264,0.886,0.918,6.1499,0.886,0.762,1.7936,0.886,0.877,-0.0528,0.918,0.827,0.0541,0.918,0.828,1252.9723,0.918,0.763,-5.6401,0.918,0.845,-9.3035,0.827,0.875,-1.9173,0.875,0.818,11.9464,0.828,0.864,2.3705,0.864,0.855,-0.0011,0.763,0.727,-1.9482,0.727,0.813,-2.3026,0.845,0.728,2.3953,0.728,0.772,7.2356,0.762,0.913,1.5368,0.877,0.740,1
-2912.3233,0.885,0.912,6.1164,0.885,0.762,1.7910,0.885,0.877,-0.0018,0.912,0.823,0.0015,0.912,0.826,1304.9711,0.912,0.758,-5.6398,0.912,0.843,-9.2825,0.823,0.874,-1.8478,0.874,0.808,11.9864,0.826,0.854,2.3746,0.854,0.854,-0.0953,0.758,0.725,-1.9500,0.725,0.821,-2.3272,0.843,0.727,2.3943,0.727,0.771,7.1988,0.762,0.913,1.3766,0.877,0.714,1
-7763.6468,0.899,0.887,6.1174,0.899,0.761,2.0747,0.899,0.886,-0.0011,0.887,0.796,0.0014,0.887,0.823,3528.2373,0.887,0.767,-5.5999,0.887,0.842,-9.0437,0.796,0.868,-1.7818,0.868,0.813,11.7616,0.823,0.847,2.3707,0.847,0.834,0.0001,0.767,0.724,-1.9519,0.724,0.826,-2.3029,0.842,0.714,2.2592,0.714,0.769,7.3950,0.761,0.933,1.3295,0.886,0.705,1
-8160.7397,0.926,0.875,6.0838,0.926,0.762,2.4809,0.926,0.904,0.0566,0.875,0.787,0.0577,0.875,0.804,2952.4187,0.875,0.755,-5.5256,0.875,0.848,-8.3386,0.787,0.849,-1.7768,0.849,0.833,10.2503,0.804,0.857,2.2773,0.857,0.814,0.0008,0.755,0.714,-1.9512,0.714,0.835,-2.2251,0.848,0.695,2.1247,0.695,0.777,7.3945,0.762,0.947,1.1770,0.904,0.691,1
22595.9928,0.934,0.880,6.0825,0.934,0.755,2.4729,0.934,0.881,-0.0011,0.880,0.776,0.0020,0.880,0.820,115.1217,0.880,0.750,-5.4138,0.880,0.847,-8.1314,0.776,0.831,-1.9804,0.831,0.845,10.2232,0.820,0.863,2.2759,0.863,0.795,-0.0958,0.750,0.728,-1.7794,0.728,0.823,-2.2258,0.847,0.699,2.0650,0.699,0.772,7.3536,0.755,0.936,0.5241,0.881,0.744,1
-3490.2059,0.919,0.914,6.0476,0.919,0.759,2.4739,0.919,0.848,-0.0554,0.914,0.801,0.0005,0.914,0.844,114.8813,0.914,0.792,-5.3767,0.914,0.847,-8.3227,0.801,0.879,-2.1197,0.879,0.857,10.6633,0.844,0.901,2.2815,0.901,0.839,-0.0017,0.792,0.776,-1.6048,0.776,0.828,-2.0911,0.847,0.741,1.9903,0.741,0.787,7.2740,0.759,0.897,0.5183,0.848,0.744,1
-1470.1188,0.876,0.922,5.9791,0.876,0.763,2.1907,0.876,0.832,-0.0012,0.922,0.812,0.0011,0.922,0.845,115.2210,0.922,0.795,-5.3394,0.922,0.846,-7.7464,0.812,0.862,-1.9800,0.862,0.806,10.6966,0.845,0.907,2.2783,0.907,0.828,-0.0026,0.795,0.777,-1.6608,0.777,0.832,-2.1469,0.846,0.732,1.9783,0.732,0.792,7.1135,0.763,0.904,0.9941,0.832,0.750,1
-1685.7637,0.878,0.883,5.8729,0.878,0.763,3.4787,0.878,0.900,-0.0014,0.883,0.781,0.0007,0.883,0.837,114.2276,0.883,0.791,-5.2649,0.883,0.845,-7.7590,0.781,0.850,-1.9116,0.850,0.843,10.9321,0.837,0.869,2.4150,0.869,0.808,0.0001,0.791,0.765,-1.6609,0.765,0.832,-2.0953,0.845,0.754,1.7801,0.754,0.768,7.0705,0.763,0.944,0.9694,0.900,0.740,1
2916.1205,0.931,0.882,5.7648,0.931,0.767,3.0697,0.931,0.883,-0.0579,0.882,0.785,-0.0009,0.882,0.815,113.2534,0.882,0.760,-5.1151,0.882,0.847,-7.4139,0.785,0.836,-1.9747,0.836,0.845,10.6590,0.815,0.881,2.3475,0.881,0.797,-0.0003,0.760,0.729,-1.5455,0.729,0.833,-2.0687,0.847,0.723,1.7149,0.723,0.784,6.9838,0.767,0.931,0.4620,0.883,0.738,1
-2125.9414,0.907,0.917,5.7311,0.907,0.765,2.6517,0.907,0.852,-0.0571,0.917,0.803,-0.0002,0.917,0.865,116.5007,0.917,0.776,-5.0772,0.917,0.846,-7.5808,0.803,0.877,-2.1165,0.877,0.856,10.8679,0.865,0.929,2.3428,0.929,0.870,0.0943,0.776,0.750,-1.4295,0.750,0.846,-1.9934,0.846,0.715,1.3036,0.715,0.758,6.8660,0.765,0.894,0.5916,0.852,0.762,1
667178.3333,0.871,0.922,5.6934,0.871,0.754,1.7752,0.871,0.840,-0.0576,0.922,0.790,0.0002,0.922,0.852,-6178.4987,0.922,0.815,-5.0398,0.922,0.852,-7.5666,0.790,0.878,-1.8466,0.878,0.817,10.9248,0.852,0.894,2.3696,0.894,0.828,-0.0004,0.815,0.765,-1.2036,0.765,0.832,-1.9699,0.852,0.751,1.1218,0.751,0.794,6.7792,0.754,0.917,1.1823,0.840,0.720,1
-2620.0479,0.890,0.871,5.5525,0.890,0.753,4.0459,0.890,0.907,-0.0590,0.871,0.768,-0.0005,0.871,0.832,-9688.4550,0.871,0.793,-4.9668,0.871,0.848,-7.5641,0.768,0.841,-1.7746,0.841,0.849,11.3832,0.832,0.881,2.2979,0.881,0.823,0.0023,0.793,0.741,-1.1131,0.741,0.830,-1.9709,0.848,0.760,0.9560,0.760,0.775,6.7377,0.753,0.943,1.0674,0.907,0.733,1
9301.9599,0.920,0.886,5.5160,0.920,0.745,3.0722,0.920,0.880,-0.0572,0.886,0.784,-0.0013,0.886,0.824,340920.8333,0.886,0.779,-4.8522,0.886,0.844,-7.5850,0.784,0.882,-1.9049,0.882,0.851,10.8902,0.824,0.934,2.2940,0.934,0.871,0.1000,0.779,0.736,-1.0290,0.736,0.829,-1.9412,0.844,0.749,0.9863,0.749,0.817,6.6572,0.745,0.931,0.6763,0.880,0.733,1
-2410.1654,0.911,0.915,5.4805,0.911,0.748,2.6511,0.911,0.849,-0.0024,0.915,0.804,-0.0004,0.915,0.853,-7597.6097,0.915,0.787,-4.8167,0.915,0.843,-7.7414,0.804,0.910,-1.7109,0.910,0.807,10.8591,0.853,0.964,2.2184,0.964,0.843,0.2055,0.787,0.746,-1.0862,0.746,0.828,-1.9158,0.843,0.737,0.7829,0.737,0.796,6.5754,0.748,0.893,0.6675,0.849,0.769,1
-43.1223,0.892,0.927,5.4419,0.892,0.750,2.1473,0.892,0.828,-0.0025,0.927,0.813,-0.0530,0.927,0.858,-38353.3333,0.927,0.770,-4.7468,0.927,0.843,-7.7600,0.813,0.902,-1.6562,0.902,0.800,10.9319,0.858,0.926,2.0671,0.926,0.811,0.1038,0.770,0.726,-1.0287,0.726,0.823,-1.8898,0.843,0.726,0.8208,0.726,0.803,6.3521,0.750,0.899,0.7904,0.828,0.768,1
-38.7085,0.865,0.927,5.4775,0.865,0.749,1.7921,0.865,0.842,-0.0021,0.927,0.807,-0.0002,0.927,0.851,112.7226,0.927,0.775,-4.7461,0.927,0.844,-8.6883,0.807,0.883,-1.7131,0.883,0.825,11.1307,0.851,0.886,1.9933,0.886,0.819,0.0015,0.775,0.733,-0.7787,0.733,0.825,-1.7549,0.844,0.724,0.7236,0.724,0.823,6.4524,0.749,0.913,1.1790,0.842,0.724,1
-37.1316,0.860,0.921,5.4432,0.860,0.758,2.1350,0.860,0.854,-0.0569,0.921,0.796,-0.0003,0.921,0.859,113.6645,0.921,0.782,-4.7443,0.921,0.842,-7.9213,0.796,0.869,-1.6579,0.869,0.843,11.3582,0.859,0.885,1.9923,0.885,0.852,0.0016,0.782,0.748,-0.7228,0.748,0.831,-1.7802,0.842,0.740,0.6373,0.740,0.821,6.4539,0.758,0.928,1.1818,0.854,0.726,1
-1363.4469,0.869,0.913,5.3402,0.869,0.754,2.6252,0.869,0.852,-0.0020,0.913,0.793,-0.0537,0.913,0.853,112.3729,0.913,0.788,-4.7099,0.913,0.845,-7.9228,0.793,0.866,-1.6597,0.866,0.834,11.5877,0.853,0.884,2.0607,0.884,0.863,0.0012,0.788,0.747,-0.7772,0.747,0.833,-1.7804,0.845,0.747,0.6573,0.747,0.826,6.4149,0.754,0.929,1.1820,0.852,0.750,1
-1454.5182,0.869,0.914,5.3381,0.869,0.761,2.6261,0.869,0.849,-0.0019,0.914,0.795,-0.0537,0.914,0.851,110.6630,0.914,0.787,-4.7096,0.914,0.847,-7.9337,0.795,0.861,-1.6603,0.861,0.835,11.6190,0.851,0.874,2.0634,0.874,0.867,0.0010,0.787,0.752,-0.7225,0.752,0.837,-1.7798,0.847,0.746,0.6595,0.746,0.811,6.4125,0.761,0.928,1.0702,0.849,0.746,1
-37.1963,0.859,0.923,5.3703,0.859,0.748,2.1391,0.859,0.854,-0.0573,0.923,0.798,-0.0012,0.923,0.861,112.9931,0.923,0.781,-4.7445,0.923,0.847,-7.7841,0.798,0.871,-1.7161,0.871,0.827,11.4006,0.861,0.875,1.9196,0.875,0.837,0.0013,0.781,0.743,-0.7231,0.743,0.830,-1.7801,0.847,0.739,0.6839,0.739,0.797,6.3109,0.748,0.928,1.1851,0.854,0.733,1
-39.3460,0.860,0.929,5.3711,0.860,0.754,1.7911,0.860,0.839,-0.0017,0.929,0.804,0.0006,0.929,0.854,5258.1247,0.929,0.771,-4.7455,0.929,0.846,-7.7669,0.804,0.896,-1.6559,0.896,0.820,11.2128,0.854,0.871,1.9213,0.871,0.796,0.1081,0.771,0.731,-0.8889,0.731,0.827,-1.8075,0.846,0.725,0.7124,0.725,0.776,6.3111,0.754,0.918,1.1781,0.839,0.735,1
-41.0978,0.883,0.922,5.5500,0.883,0.756,2.6648,0.883,0.836,-0.0584,0.922,0.807,0.0002,0.922,0.854,-4211.5219,0.922,0.779,-4.7809,0.922,0.847,-7.1280,0.807,0.919,-1.6552,0.919,0.788,11.1537,0.854,0.912,1.9118,0.912,0.785,0.2062,0.779,0.732,-1.1098,0.732,0.835,-1.8630,0.847,0.729,0.8128,0.729,0.794,6.4953,0.756,0.900,0.8872,0.836,0.760,1
-42.7571,0.907,0.901,5.5867,0.907,0.761,2.6679,0.907,0.852,-0.0024,0.901,0.799,-0.0536,0.901,0.835,20468.5515,0.901,0.779,-4.7830,0.901,0.846,-7.7378,0.799,0.911,-1.8385,0.911,0.787,11.1860,0.835,0.939,2.0318,0.939,0.830,0.1093,0.779,0.748,-0.9990,0.748,0.827,-1.9169,0.846,0.739,0.8505,0.739,0.793,6.6196,0.761,0.908,0.6753,0.852,0.748,1
-39.4662,0.914,0.867,5.6242,0.914,0.758,3.0963,0.914,0.899,-0.0001,0.867,0.763,-0.0001,0.867,0.818,-4867.1189,0.867,0.812,-4.8907,0.867,0.850,-6.5580,0.763,0.839,-1.7785,0.839,0.840,11.4357,0.818,0.908,2.1217,0.908,0.854,0.0033,0.812,0.770,-1.1446,0.770,0.828,-1.9710,0.850,0.775,1.0782,0.775,0.795,6.6998,0.758,0.947,0.4595,0.899,0.759,1
-36.9574,0.862,0.899,5.6970,0.862,0.757,2.6776,0.862,0.899,-0.0002,0.899,0.791,0.0010,0.899,0.840,23365.9254,0.899,0.817,-5.0034,0.899,0.848,-7.7272,0.791,0.864,-1.7145,0.864,0.844,11.4276,0.840,0.871,1.9882,0.871,0.826,0.0007,0.817,0.777,-1.1457,0.777,0.828,-1.9685,0.848,0.768,1.2343,0.768,0.780,6.7444,0.757,0.946,1.1847,0.899,0.703,1
-37.1395,0.852,0.927,5.7721,0.852,0.761,2.2234,0.852,0.859,-0.0016,0.927,0.806,0.0000,0.927,0.854,17148.3575,0.927,0.809,-5.0423,0.927,0.855,-7.7457,0.806,0.899,-1.7783,0.899,0.797,12.4234,0.854,0.872,1.9943,0.872,0.785,-0.0003,0.809,0.753,-1.2284,0.753,0.837,-1.9668,0.855,0.730,1.4232,0.730,0.745,6.9358,0.761,0.922,1.1790,0.859,0.721,1
-8462.6302,0.906,0.894,5.8766,0.906,0.763,3.0960,0.906,0.859,-0.0013,0.894,0.790,0.0010,0.894,0.845,-110.4106,0.894,0.775,-4.9815,0.894,0.852,-6.5814,0.790,0.865,-1.9672,0.865,0.848,12.4871,0.845,0.912,2.3626,0.912,0.859,0.0026,0.775,0.747,-1.5589,0.747,0.849,-2.0733,0.852,0.726,1.7792,0.726,0.742,6.9493,0.763,0.903,0.4620,0.859,0.766,1
-39.4995,0.916,0.870,5.9130,0.916,0.764,3.0989,0.916,0.895,0.0011,0.870,0.760,0.0564,0.870,0.812,-4428.9920,0.870,0.823,-5.1888,0.870,0.847,-6.9438,0.760,0.826,-1.8385,0.826,0.858,10.9822,0.812,0.879,2.2077,0.879,0.863,0.0010,0.823,0.771,-1.6657,0.771,0.841,-2.1584,0.847,0.773,1.7831,0.773,0.782,7.0295,0.764,0.947,0.6726,0.895,0.752,1
-34.7275,0.865,0.899,5.9180,0.865,0.765,3.0958,0.865,0.908,-0.0002,0.899,0.793,0.0003,0.899,0.841,113.9714,0.899,0.795,-5.3002,0.899,0.850,-7.5804,0.793,0.873,-1.7764,0.873,0.845,12.4735,0.841,0.857,2.1457,0.857,0.788,-0.0014,0.795,0.767,-1.6605,0.767,0.833,-2.0909,0.850,0.751,2.1032,0.751,0.762,7.0354,0.765,0.943,1.1846,0.908,0.720,1
-39.1610,0.853,0.926,6.0573,0.853,0.758,2.2247,0.853,0.849,-0.0014,0.926,0.807,0.0011,0.926,0.854,112.5756,0.926,0.778,-5.3382,0.926,0.848,-6.4412,0.807,0.859,-1.9754,0.859,0.839,10.9799,0.854,0.889,2.2564,0.889,0.836,-0.0937,0.778,0.769,-1.6636,0.769,0.831,-2.1170,0.848,0.727,2.2868,0.727,0.770,7.1136,0.758,0.917,1.0753,0.849,0.731,1
-43.0187,0.900,0.901,6.1668,0.900,0.751,2.6785,0.900,0.852,-0.0017,0.901,0.792,0.0012,0.901,0.848,111.0772,0.901,0.741,-5.3744,0.901,0.850,-6.8188,0.792,0.817,-1.9729,0.817,0.849,12.2156,0.848,0.909,2.2994,0.909,0.868,0.0007,0.741,0.725,-1.7820,0.725,0.828,-2.1373,0.850,0.713,2.5875,0.713,0.750,7.2396,0.751,0.897,0.6714,0.852,0.756,1
7291.6709,0.914,0.868,6.0183,0.914,0.759,3.0623,0.914,0.868,-0.0001,0.868,0.763,0.0551,0.868,0.818,116.5436,0.868,0.763,-5.4469,0.868,0.845,-7.2228,0.763,0.829,-1.7764,0.829,0.858,10.7712,0.818,0.881,2.2117,0.881,0.824,0.0944,0.763,0.732,-1.8381,0.732,0.842,-2.2454,0.845,0.725,2.4753,0.725,0.749,7.2787,0.759,0.925,1.0110,0.868,0.697,1
-37.7923,0.914,0.869,6.1696,0.914,0.757,3.1096,0.914,0.910,-0.0002,0.869,0.769,0.0003,0.869,0.818,55.9954,0.869,0.759,-5.5222,0.869,0.846,-7.4028,0.769,0.851,-1.8421,0.851,0.840,10.9906,0.818,0.870,2.1255,0.870,0.788,-0.0006,0.759,0.749,-1.9483,0.749,0.829,-2.2382,0.846,0.754,2.7066,0.754,0.744,7.3233,0.757,0.955,0.8883,0.910,0.728,1
-35.5374,0.903,0.890,6.2034,0.903,0.771,2.6895,0.903,0.908,-0.0571,0.890,0.783,0.0528,0.890,0.832,57.0773,0.890,0.761,-5.5960,0.890,0.849,-7.4220,0.783,0.867,-1.7782,0.867,0.822,12.1998,0.832,0.872,2.1129,0.872,0.782,-0.0011,0.761,0.749,-2.0046,0.749,0.826,-2.2383,0.849,0.758,2.6317,0.758,0.755,7.3238,0.771,0.948,1.3731,0.908,0.714,1
-6200.5791,0.892,0.894,6.0890,0.892,0.773,3.0593,0.892,0.901,-0.0012,0.894,0.781,0.0004,0.894,0.835,57.1874,0.894,0.773,-5.5955,0.894,0.848,-6.9582,0.781,0.876,-1.7784,0.876,0.809,10.9968,0.835,0.878,2.2763,0.878,0.801,-0.0015,0.773,0.764,-1.9487,0.764,0.823,-2.2631,0.848,0.763,2.5950,0.763,0.765,7.3618,0.773,0.949,1.1872,0.901,0.671,1
-3013.1689,0.895,0.893,6.0888,0.895,0.769,3.0579,0.895,0.901,-0.0573,0.893,0.781,0.0001,0.893,0.836,57.1555,0.893,0.778,-5.5962,0.893,0.848,-7.4209,0.781,0.879,-1.7784,0.879,0.808,12.1858,0.836,0.884,2.1255,0.884,0.784,-0.0024,0.778,0.770,-2.0059,0.770,0.818,-2.2634,0.848,0.763,2.6262,0.763,0.771,7.3615,0.769,0.949,1.1862,0.901,0.671,1
-0.2459,0.925,0.842,9.9774,0.925,0.733,1.7733,0.925,0.942,0.0489,0.842,0.738,-0.0001,0.842,0.822,-39.0798,0.842,0.660,-5.2915,0.842,0.757,-1.3215,0.738,0.795,1.3490,0.795,0.863,5.0896,0.822,0.861,-0.8597,0.861,0.881,0.0892,0.660,0.617,0.7979,0.617,0.788,-1.8106,0.757,0.645,-0.3571,0.645,0.843,15.6216,0.733,0.931,1.6328,0.942,0.793,1
-0.2595,0.940,0.844,9.8898,0.940,0.736,1.7696,0.940,0.948,0.0921,0.844,0.736,-0.0000,0.844,0.805,-29.7482,0.844,0.667,-5.2967,0.844,0.772,-1.5037,0.736,0.803,1.4242,0.803,0.856,4.3430,0.805,0.851,-0.8606,0.851,0.875,0.0945,0.667,0.627,0.7973,0.627,0.767,-1.8124,0.772,0.649,-0.4257,0.649,0.854,15.4877,0.736,0.941,1.7745,0.948,0.792,1
-0.2265,0.938,0.840,10.3415,0.938,0.730,1.7709,0.938,0.941,0.0945,0.840,0.738,-0.0001,0.840,0.811,-38.9564,0.840,0.673,-5.3735,0.840,0.777,-1.5039,0.738,0.800,1.4226,0.800,0.852,4.3501,0.811,0.855,-0.8614,0.855,0.870,0.0941,0.673,0.629,0.7985,0.629,0.776,-1.7801,0.777,0.659,-0.4292,0.659,0.844,16.5533,0.730,0.941,1.4886,0.941,0.806,1
-0.2546,0.933,0.836,10.0571,0.933,0.729,1.5711,0.933,0.947,0.0507,0.836,0.736,-0.0005,0.836,0.817,-30.5614,0.836,0.666,-5.3354,0.836,0.779,-1.3839,0.736,0.800,1.4203,0.800,0.871,5.0986,0.817,0.865,-0.8614,0.865,0.876,0.0988,0.666,0.622,0.9325,0.622,0.803,-1.8434,0.779,0.645,-0.4992,0.645,0.836,16.7779,0.729,0.935,1.9261,0.947,0.800,1
0.0022,0.884,0.810,10.1309,0.884,0.741,2.0139,0.884,0.887,0.0976,0.810,0.713,0.0016,0.810,0.798,-39.3322,0.810,0.697,-5.4251,0.810,0.776,-1.3330,0.713,0.812,1.2294,0.812,0.889,4.7358,0.798,0.835,-0.8610,0.835,0.868,0.0951,0.697,0.641,0.5919,0.641,0.821,-1.9698,0.776,0.670,-0.2224,0.670,0.809,16.8841,0.741,0.900,2.0727,0.887,0.837,1
-0.4467,0.924,0.849,10.7126,0.924,0.726,1.7768,0.924,0.935,0.0501,0.849,0.746,0.0441,0.849,0.790,-39.0725,0.849,0.670,-5.7636,0.849,0.763,-1.5682,0.746,0.797,1.3180,0.797,0.844,4.3280,0.790,0.807,-0.8604,0.807,0.837,0.1868,0.670,0.622,0.0905,0.622,0.767,-2.0656,0.763,0.645,0.0008,0.645,0.794,17.7918,0.726,0.922,1.7752,0.935,0.809,1
0.4099,0.881,0.887,1.0320,0.881,0.790,0.3456,0.881,0.865,-0.6184,0.887,0.755,-0.5635,0.887,0.806,0.8139,0.887,0.779,-9.4735,0.887,0.826,-4.7840,0.755,0.813,1.7329,0.813,0.888,-0.0778,0.806,0.878,0.2040,0.878,0.884,-0.0944,0.779,0.719,-0.7822,0.719,0.808,-0.6671,0.826,0.741,2.3704,0.741,0.861,1.1935,0.790,0.867,-1.2941,0.865,0.714,0
0.4342,0.869,0.888,1.0257,0.869,0.786,0.3473,0.869,0.877,-0.6187,0.888,0.758,-0.5636,0.888,0.800,0.8374,0.888,0.791,-11.1043,0.888,0.820,-3.6029,0.758,0.800,2.0334,0.800,0.900,-0.0778,0.800,0.876,0.2040,0.876,0.891,-0.0992,0.791,0.732,-0.7983,0.732,0.824,-0.6897,0.820,0.743,2.1088,0.743,0.854,1.1848,0.786,0.858,-0.9941,0.877,0.764,0
0.4592,0.848,0.884,1.0474,0.848,0.793,0.2513,0.848,0.905,-0.5911,0.884,0.753,-0.5643,0.884,0.780,0.8374,0.884,0.782,-11.0057,0.884,0.823,-3.1874,0.753,0.812,2.4512,0.812,0.925,-0.0876,0.780,0.876,0.1922,0.876,0.888,-0.0995,0.782,0.725,-0.7751,0.725,0.817,-0.6893,0.823,0.737,2.1594,0.737,0.869,1.1941,0.793,0.857,-1.2886,0.905,0.819,0
0.4848,0.841,0.886,1.0551,0.841,0.779,0.2482,0.841,0.915,-0.5648,0.886,0.747,-0.5640,0.886,0.779,0.8377,0.886,0.791,-11.0463,0.886,0.821,-3.1355,0.747,0.831,2.6313,0.831,0.922,-0.0895,0.779,0.881,0.1965,0.881,0.893,-0.0995,0.791,0.732,-0.7750,0.732,0.833,-0.6804,0.821,0.739,2.3111,0.739,0.854,1.2025,0.779,0.862,-1.4611,0.915,0.759,0
0.4658,0.842,0.875,1.0568,0.842,0.788,0.2092,0.842,0.926,-0.6157,0.875,0.740,-0.5642,0.875,0.766,0.8544,0.875,0.787,-11.0955,0.875,0.817,-2.8262,0.740,0.833,2.6303,0.833,0.916,-0.0804,0.766,0.887,0.2011,0.887,0.884,-0.0990,0.787,0.729,-0.7521,0.729,0.828,-0.6894,0.817,0.737,2.5610,0.737,0.851,1.2186,0.788,0.866,-0.9818,0.926,0.781,0
0.4905,0.863,0.864,1.0723,0.863,0.786,0.0736,0.863,0.919,-0.5635,0.864,0.738,-0.5640,0.864,0.765,0.8703,0.864,0.803,-11.2489,0.864,0.823,-3.2594,0.738,0.818,2.6215,0.818,0.908,-0.0788,0.765,0.892,0.2091,0.892,0.884,-0.0669,0.803,0.746,-0.7742,0.746,0.827,-0.7018,0.823,0.735,2.3138,0.735,0.840,1.2268,0.786,0.891,-1.3088,0.919,0.683,0
0.5128,0.878,0.853,1.0796,0.878,0.785,0.0739,0.878,0.921,-0.5399,0.853,0.742,-0.5630,0.853,0.760,0.8797,0.853,0.808,-11.2658,0.853,0.809,-4.0875,0.742,0.801,2.3474,0.801,0.904,-0.0806,0.760,0.879,0.2140,0.879,0.871,-0.0666,0.808,0.741,-0.8065,0.741,0.832,-0.7339,0.809,0.727,2.4755,0.727,0.824,1.2272,0.785,0.903,-0.9861,0.921,0.729,0
0.4422,0.908,0.867,1.0799,0.908,0.788,0.1245,0.908,0.900,-0.5648,0.867,0.754,-0.5623,0.867,0.757,0.9315,0.867,0.807,-9.9107,0.867,0.840,-3.2570,0.754,0.786,2.5170,0.786,0.900,-0.0467,0.757,0.868,0.2270,0.868,0.848,-0.0352,0.807,0.764,-0.8318,0.764,0.825,-0.7316,0.840,0.735,2.8069,0.735,0.818,1.2176,0.788,0.902,-2.1749,0.900,0.701,0
0.4406,0.902,0.917,1.1033,0.902,0.794,0.2518,0.902,0.895,-0.5646,0.917,0.767,-0.5624,0.917,0.757,0.9488,0.917,0.797,-10.0720,0.917,0.825,-3.5235,0.767,0.798,2.3513,0.798,0.884,-0.0461,0.757,0.849,0.2198,0.849,0.845,-0.0663,0.797,0.770,-0.7613,0.770,0.855,-0.7408,0.825,0.742,3.2314,0.742,0.826,1.2350,0.794,0.855,-1.2913,0.895,0.731,0
970.5010,0.900,0.905,2.3176,0.900,0.922,0.2861,0.900,0.948,-0.1044,0.905,0.858,-0.0693,0.905,0.894,-797.5278,0.905,0.864,-1.9006,0.905,0.891,-0.8985,0.858,0.873,-0.6906,0.873,0.896,0.7883,0.894,0.817,0.4695,0.817,0.843,-0.0507,0.864,0.808,-0.3982,0.808,0.775,-0.6750,0.891,0.817,0.3069,0.817,0.919,2.7803,0.922,0.929,-0.1454,0.948,0.871,0
729.3176,0.899,0.905,2.3167,0.899,0.927,0.2865,0.899,0.950,-0.1043,0.905,0.861,-0.0692,0.905,0.893,-540.0196,0.905,0.865,-1.9342,0.905,0.883,-0.9295,0.861,0.863,-0.6909,0.863,0.898,0.7884,0.893,0.815,0.4698,0.815,0.840,-0.0507,0.865,0.810,-0.3770,0.810,0.777,-0.6970,0.883,0.821,0.3066,0.821,0.920,2.7796,0.927,0.928,-0.1449,0.950,0.871,0
-587.3434,0.917,0.918,2.3506,0.917,0.932,0.1915,0.917,0.929,-0.1039,0.918,0.837,-0.0342,0.918,0.902,-796.0180,0.918,0.867,-2.0031,0.918,0.889,-0.9614,0.837,0.869,-0.6406,0.869,0.901,0.7318,0.902,0.807,0.5165,0.807,0.855,-0.0008,0.867,0.800,-0.4376,0.800,0.806,-0.7187,0.889,0.826,0.3187,0.826,0.931,2.7482,0.932,0.899,-0.1421,0.929,0.895,0
-1494.5636,0.959,0.943,2.4492,0.959,0.915,0.3411,0.959,0.857,-0.0344,0.943,0.857,-0.0015,0.943,0.914,-663.0510,0.943,0.876,-2.0369,0.943,0.886,-1.0267,0.857,0.900,-0.6159,0.900,0.934,0.7495,0.914,0.859,0.5195,0.859,0.869,-0.0005,0.876,0.808,-0.4444,0.808,0.839,-0.7406,0.886,0.824,0.3431,0.824,0.933,3.0948,0.915,0.844,-0.4163,0.857,0.907,0
-4510.7670,0.930,0.955,2.4520,0.930,0.923,0.8278,0.930,0.896,-0.0334,0.955,0.892,-0.0006,0.955,0.909,-284.1435,0.955,0.899,-2.0357,0.955,0.906,-1.0270,0.892,0.905,-0.6163,0.905,0.946,0.7018,0.909,0.874,0.5397,0.874,0.873,-0.0009,0.899,0.837,-0.5300,0.837,0.852,-0.7414,0.906,0.845,0.3673,0.845,0.915,3.4567,0.923,0.875,-0.4460,0.896,0.867,0
-11.7072,0.916,0.912,2.7373,0.916,0.916,0.4226,0.916,0.911,-0.0349,0.912,0.890,-0.0656,0.912,0.858,-2026.4652,0.912,0.926,-2.0704,0.912,0.918,-0.9955,0.890,0.877,-0.6146,0.877,0.891,0.7971,0.858,0.862,0.5190,0.862,0.852,-0.0019,0.926,0.859,-0.5055,0.859,0.875,-0.7347,0.918,0.837,0.3837,0.837,0.901,3.7931,0.916,0.893,-0.1861,0.911,0.912,0
-10.3954,0.962,0.939,2.8394,0.962,0.921,0.7515,0.962,0.858,-0.0357,0.939,0.858,-0.0348,0.939,0.908,-601.1466,0.939,0.872,-2.2476,0.939,0.901,-1.0546,0.858,0.923,-0.6403,0.923,0.902,0.8441,0.908,0.837,0.5862,0.837,0.850,-0.0001,0.872,0.796,-0.5928,0.796,0.933,-0.8006,0.901,0.810,0.4096,0.810,0.902,4.3292,0.921,0.850,-0.3674,0.858,0.914,0
-3.3450,0.879,0.956,3.0030,0.879,0.395,0.7024,0.879,0.907,-0.0343,0.956,0.832,-0.0339,0.956,0.914,545.6146,0.956,0.897,-2.3977,0.956,0.133,-3.0397,0.832,0.877,3.1130,0.877,0.897,2.5053,0.914,0.872,2.7900,0.872,0.818,-0.0498,0.897,0.804,-3.3529,0.804,0.658,-1.1828,0.133,0.867,1.6861,0.867,0.719,4.1310,0.395,0.935,-0.3111,0.907,0.880,0
-5.7327,0.869,0.952,3.0921,0.869,0.564,0.3746,0.869,0.927,-0.0321,0.952,0.845,-0.0661,0.952,0.878,223.7342,0.952,0.927,-2.3267,0.952,0.162,-3.6352,0.845,0.901,3.2535,0.901,0.900,2.8858,0.878,0.852,2.1155,0.852,0.842,-0.0025,0.927,0.852,-2.8146,0.852,0.642,-0.9220,0.162,0.876,1.8156,0.876,0.719,4.4827,0.564,0.917,-0.2267,0.927,0.846,0
-4.1083,0.914,0.917,3.0971,0.914,0.679,0.1937,0.914,0.945,-0.0324,0.917,0.854,-0.1248,0.917,0.866,14.1677,0.917,0.932,-2.2462,0.917,0.250,-4.5214,0.854,0.904,4.5667,0.904,0.886,2.9821,0.866,0.848,2.1708,0.848,0.870,-0.0595,0.932,0.861,-2.1862,0.861,0.549,-0.7248,0.250,0.879,1.6342,0.879,0.652,4.4360,0.679,0.887,-0.1876,0.945,0.873,0
-3.3168,0.912,0.925,3.4168,0.912,0.758,0.4207,0.912,0.888,-0.1249,0.925,0.823,-0.0340,0.925,0.932,269.1255,0.925,0.892,1.1191,0.925,0.000,-3.4005,0.823,0.859,7.4929,0.859,0.866,2.9069,0.932,0.900,2.0657,0.900,0.891,-0.0620,0.892,0.845,-2.4274,0.845,0.596,1.1707,0.000,0.832,1.6283,0.832,0.798,5.2822,0.758,0.900,-0.1894,0.888,0.913,0
-5.9339,0.864,0.955,3.6862,0.864,0.830,0.3739,0.864,0.942,-0.0325,0.955,0.829,-0.0342,0.955,0.902,173.5977,0.955,0.887,-2.4059,0.955,0.622,-3.8707,0.829,0.894,13.5226,0.894,0.814,2.4965,0.902,0.881,2.3274,0.881,0.897,-0.0012,0.887,0.817,-2.5485,0.817,0.718,-0.8874,0.622,0.844,1.9077,0.844,0.854,5.4908,0.830,0.911,-0.2517,0.942,0.848,0
-4.0545,0.925,0.898,3.8552,0.925,0.874,0.1508,0.925,0.890,-0.0624,0.898,0.854,-0.1317,0.898,0.902,216.8316,0.898,0.908,-2.3659,0.898,0.635,-3.6123,0.854,0.910,15.1329,0.910,0.858,2.5057,0.902,0.883,2.5226,0.883,0.848,-0.0596,0.908,0.835,-2.2755,0.835,0.740,-0.8992,0.635,0.869,1.9100,0.869,0.848,5.8627,0.874,0.877,-0.1161,0.890,0.893,0
-3.9465,0.870,0.937,3.9857,0.870,0.864,0.4214,0.870,0.922,-0.0618,0.937,0.824,-0.0338,0.937,0.919,16.7420,0.937,0.922,-2.8500,0.937,0.732,-4.4976,0.824,0.903,503.6019,0.903,0.896,2.2699,0.919,0.894,2.3252,0.894,0.893,-0.0591,0.922,0.860,-2.0134,0.860,0.721,-0.9000,0.732,0.861,2.4237,0.861,0.875,5.4107,0.864,0.908,-0.3119,0.922,0.849,0
-6.0669,0.945,0.891,3.6422,0.945,0.902,0.5511,0.945,0.851,-0.0612,0.891,0.845,-0.1309,0.891,0.885,17.3257,0.891,0.869,-2.8095,0.891,0.805,-4.4790,0.845,0.954,2153.1690,0.954,0.846,2.5404,0.885,0.875,2.3363,0.875,0.893,-0.0612,0.869,0.794,-2.0953,0.794,0.761,-0.9880,0.805,0.821,2.1732,0.821,0.878,5.2088,0.902,0.858,-0.2478,0.851,0.899,0
-6.3986,0.926,0.937,3.8609,0.926,0.912,0.2248,0.926,0.928,-0.0300,0.937,0.845,-0.0332,0.937,0.909,18.2539,0.937,0.891,-2.8496,0.937,0.830,-4.4005,0.845,0.924,-6037.3929,0.924,0.884,2.2662,0.909,0.910,2.3330,0.910,0.929,-0.0013,0.891,0.796,-3.3374,0.796,0.790,-0.9997,0.830,0.830,2.8209,0.830,0.902,4.9161,0.912,0.885,-0.2777,0.928,0.845,0
