-1.5163,0.826,0.767,-6.0167,0.826,0.773,1.4175,0.826,0.906,3.6381,0.767,0.748,10.6526,0.767,0.615,-2.6480,0.767,0.562,-31.5550,0.767,0.781,2.4556,0.748,0.854,-1.4923,0.854,0.742,2.5224,0.615,0.676,-1.2532,0.676,0.765,-2.2328,0.562,0.663,0.7507,0.663,0.829,6.7527,0.781,0.367,0.5713,0.367,0.832,-6.4339,0.773,0.163,-0.1663,0.906,0.890,1
-1.5161,0.823,0.775,-5.9844,0.823,0.779,1.4187,0.823,0.908,3.5781,0.775,0.737,5.4323,0.775,0.628,-2.7076,0.775,0.563,-31.6069,0.775,0.776,2.3897,0.737,0.854,-1.4911,0.854,0.750,2.3203,0.628,0.677,-1.2310,0.677,0.768,-2.1236,0.563,0.662,0.7371,0.662,0.833,6.9837,0.776,0.370,0.5817,0.370,0.836,-6.3677,0.779,0.162,-0.1662,0.908,0.889,1
-1.5488,0.829,0.763,-6.3130,0.829,0.775,3.4703,0.829,0.935,10.6716,0.763,0.744,-876.1579,0.763,0.604,-2.8296,0.763,0.587,-29.8390,0.763,0.782,2.4789,0.744,0.794,-1.6566,0.794,0.794,2.6700,0.604,0.722,-1.0544,0.722,0.786,-0.6083,0.587,0.645,0.9139,0.645,0.816,8.5218,0.782,0.419,0.8171,0.419,0.840,-6.7859,0.775,0.107,-0.4222,0.935,0.827,1
-1.6164,0.849,0.770,-6.5601,0.849,0.769,3.4917,0.849,0.933,7.0043,0.770,0.777,8.8455,0.770,0.694,-2.9921,0.770,0.584,-37.2999,0.770,0.775,2.6972,0.777,0.869,-1.5480,0.869,0.748,2.4084,0.694,0.705,-1.0978,0.705,0.763,-2.1366,0.584,0.637,0.9424,0.637,0.804,8.6584,0.775,0.406,0.9060,0.406,0.842,-7.2216,0.769,0.051,-0.5361,0.933,0.846,1
-1.6757,0.859,0.774,-6.9749,0.859,0.762,4.0609,0.859,0.922,-36773.3333,0.774,0.804,323.5984,0.774,0.649,-3.4546,0.774,0.625,-42.9670,0.774,0.776,2.6754,0.804,0.908,-1.3354,0.908,0.852,2.5272,0.649,0.682,-1.0653,0.682,0.788,-0.5950,0.625,0.686,1.1496,0.686,0.778,10.2599,0.776,0.501,1.1571,0.501,0.829,1.6315,0.762,0.000,-0.6899,0.922,0.880,1
-1.7769,0.863,0.789,-7.2924,0.863,0.751,2.6581,0.863,0.902,-436.0392,0.789,0.799,637.7210,0.789,0.644,-3.6094,0.789,0.619,-44.6904,0.789,0.787,2.9055,0.799,0.812,-1.0488,0.812,0.829,2.7204,0.644,0.759,-1.0273,0.759,0.903,-1.7583,0.619,0.649,1.2629,0.649,0.773,10.4270,0.787,0.499,1.1986,0.499,0.824,1.6316,0.751,0.000,-0.7329,0.902,0.892,1
-1.7792,0.904,0.784,-7.8100,0.904,0.716,2.6349,0.904,0.854,-3.5796,0.784,0.801,-3.5476,0.784,0.619,-4.0799,0.784,0.637,-46.6583,0.784,0.784,3.6213,0.801,0.827,-1.0290,0.827,0.905,2.9380,0.619,0.749,-0.8881,0.749,0.844,-0.5079,0.637,0.688,1.4741,0.688,0.808,12.5283,0.784,0.537,1.5220,0.537,0.758,1.6219,0.716,0.000,-0.6887,0.854,0.920,1
-1.7811,0.905,0.788,-8.1230,0.905,0.687,1.7660,0.905,0.845,3.7483,0.788,0.778,5.2437,0.788,0.613,-4.3894,0.788,0.657,-54.6597,0.788,0.796,4.0950,0.778,0.904,-0.7970,0.904,0.817,3.1259,0.613,0.747,-0.5915,0.747,0.836,-0.5044,0.657,0.655,1.7449,0.655,0.842,13.6307,0.796,0.526,1.6048,0.526,0.722,1.6216,0.687,0.000,-0.7308,0.845,0.929,1
-1.8334,0.929,0.778,-8.5930,0.929,0.608,1.4794,0.929,0.867,550.7538,0.778,0.763,3.5743,0.778,0.610,-4.6483,0.778,0.665,-49.8439,0.778,0.792,5.3311,0.763,0.862,-0.6672,0.862,0.824,3.4882,0.610,0.745,-0.6331,0.745,0.783,-1.1725,0.665,0.640,1.9832,0.640,0.802,16.0065,0.792,0.594,2.0684,0.594,0.612,1.6215,0.608,0.000,-0.6689,0.867,0.938,1
-1.7845,0.923,0.767,-8.8529,0.923,0.650,1.0207,0.923,0.874,-3.4690,0.767,0.750,-1.8648,0.767,0.626,-5.3298,0.767,0.666,-51.5372,0.767,0.789,5.7571,0.750,0.882,-0.4019,0.882,0.890,4.7384,0.626,0.748,-0.4152,0.748,0.903,-0.3568,0.666,0.649,2.5029,0.649,0.768,18.5430,0.789,0.591,3.0296,0.591,0.560,1.6217,0.650,0.000,-0.5574,0.874,0.908,1
-2.0547,0.888,0.719,-12.3254,0.888,0.278,0.5258,0.888,0.924,-3.6874,0.719,0.781,7.2558,0.719,0.595,-5.7555,0.719,0.644,-52.6249,0.719,0.714,7.5276,0.781,0.803,-0.3035,0.803,0.818,5.6868,0.595,0.724,-0.1107,0.724,0.857,-0.8787,0.644,0.660,2.9174,0.660,0.746,22.4390,0.714,0.582,5.4143,0.582,0.654,1.7273,0.278,0.000,-0.5584,0.924,0.885,1
-1.8388,0.840,0.759,-11.4803,0.840,0.274,1.7688,0.840,0.958,-94.6735,0.759,0.775,1.8507,0.759,0.581,-6.5173,0.759,0.660,188.5005,0.759,0.055,10.9813,0.775,0.926,-0.1698,0.926,0.804,6.2185,0.581,0.750,-0.2117,0.750,0.755,-0.2964,0.660,0.670,3.5051,0.670,0.733,10.3464,0.055,0.554,5.9593,0.554,0.641,1.5894,0.274,0.000,-0.7774,0.958,0.959,1
-1.9478,0.893,0.688,-11.0332,0.893,0.429,1.0200,0.893,0.898,5.4868,0.688,0.759,1.3217,0.688,0.603,-6.8898,0.688,0.624,-61.6527,0.688,0.698,15.9827,0.759,0.785,-0.1288,0.785,0.838,6.3219,0.603,0.792,-0.0557,0.792,0.820,-0.7048,0.624,0.619,4.0570,0.619,0.757,30.8970,0.698,0.515,7.6555,0.515,0.660,1.5833,0.429,0.000,-0.5584,0.898,0.912,1
-1.9591,0.829,0.739,-12.3545,0.829,0.639,2.4685,0.829,0.941,-130.7009,0.739,0.746,287.7202,0.739,0.567,-7.4582,0.739,0.643,-54.6521,0.739,0.632,48.5453,0.746,0.875,0.0440,0.875,0.838,9.6834,0.567,0.793,0.0037,0.793,0.834,-0.8725,0.643,0.624,6.2146,0.624,0.720,40.4045,0.632,0.582,7.9065,0.582,0.748,1.5795,0.639,0.000,-0.7774,0.941,0.959,1
-2.1447,0.803,0.746,-12.1622,0.803,0.670,2.1923,0.803,0.962,-1.8249,0.746,0.764,-524.6635,0.746,0.553,-8.3335,0.746,0.632,-55.0531,0.746,0.635,48.9980,0.764,0.884,0.2209,0.884,0.852,11.0913,0.553,0.729,0.1242,0.729,0.791,-0.0185,0.632,0.658,7.4045,0.658,0.740,47.4441,0.635,0.573,8.4669,0.573,0.738,1.5884,0.670,0.000,-0.7727,0.962,0.918,1
-2.0207,0.849,0.668,-13.7861,0.849,0.716,1.7964,0.849,0.885,680.0935,0.668,0.741,3.6903,0.668,0.547,-12.8736,0.668,0.604,-63.8490,0.668,0.582,-18.2712,0.741,0.881,0.6400,0.881,0.901,30.5038,0.547,0.382,0.6842,0.382,0.732,-173.0658,0.604,0.639,13.7940,0.639,0.710,55.9771,0.582,0.406,18.2406,0.406,0.600,1.5793,0.716,0.000,-0.3376,0.885,0.882,1
-1.9624,0.861,0.687,-14.1675,0.861,0.735,1.7947,0.861,0.885,-2.3962,0.687,0.742,-0.9286,0.687,0.570,-14.1065,0.687,0.595,-63.9245,0.687,0.625,-43.4400,0.742,0.866,0.8120,0.866,0.891,-17.8065,0.570,0.372,0.6134,0.372,0.793,-42.0507,0.595,0.658,18.1811,0.658,0.678,142.2697,0.625,0.430,26.0360,0.430,0.596,1.5699,0.735,0.000,-0.3171,0.885,0.887,1
-1.7821,0.870,0.691,-14.1706,0.870,0.742,2.3482,0.870,0.869,-2.6774,0.691,0.769,-0.4592,0.691,0.560,-18.8047,0.691,0.567,-90.2570,0.691,0.627,-30.4001,0.769,0.825,0.8915,0.825,0.911,-15.0983,0.560,0.280,0.7905,0.280,0.764,-1.7949,0.567,0.658,18.5927,0.658,0.690,42156.6522,0.627,0.412,43.7203,0.412,0.623,1.5698,0.742,0.000,-0.3012,0.869,0.898,1
-1.8368,0.869,0.691,-14.1616,0.869,0.749,3.4163,0.869,0.859,-1.7801,0.691,0.773,-0.4515,0.691,0.563,-28.1701,0.691,0.556,-63.6794,0.691,0.579,-11.3780,0.773,0.828,0.9159,0.828,0.880,-17.7217,0.563,0.276,0.9945,0.276,0.768,-0.5927,0.556,0.631,21.1052,0.631,0.713,-69.8114,0.579,0.421,128.5615,0.421,0.645,1.5740,0.749,0.000,-0.3011,0.859,0.900,1
-1.8366,0.869,0.680,-14.1606,0.869,0.742,3.4137,0.869,0.860,-2.6202,0.680,0.772,-0.0313,0.680,0.556,-34.1262,0.680,0.559,-74.8763,0.680,0.592,-11.0721,0.772,0.847,0.9655,0.847,0.868,-12.5020,0.556,0.302,1.0366,0.302,0.799,-0.6002,0.559,0.602,25.1822,0.602,0.713,-93.2334,0.592,0.414,-5400.7883,0.414,0.633,1.5741,0.742,0.000,-0.2856,0.860,0.902,1
-1.8400,0.864,0.675,-14.1018,0.864,0.745,2.3740,0.864,0.863,-1.7654,0.675,0.766,-0.4524,0.675,0.562,-42.4075,0.675,0.585,-64.4188,0.675,0.588,-9.8603,0.766,0.849,0.9972,0.849,0.874,-17.8144,0.562,0.201,1.1279,0.201,0.701,-0.4460,0.585,0.598,31.4619,0.598,0.717,-46.6549,0.588,0.460,-127.0615,0.460,0.640,1.5741,0.745,0.000,-0.2057,0.863,0.899,1
-1.8368,0.856,0.693,-13.6833,0.856,0.714,3.4761,0.856,0.875,-1.7857,0.693,0.774,-0.4638,0.693,0.570,-43.2174,0.693,0.571,-74.9767,0.693,0.562,-9.8243,0.774,0.846,1.0762,0.846,0.880,-82.9220,0.570,0.196,1.6691,0.196,0.648,-1.7796,0.571,0.577,60.8267,0.577,0.722,-46.4110,0.562,0.422,-25.3469,0.422,0.618,1.5786,0.714,0.000,-0.2044,0.875,0.902,1
-1.9033,0.862,0.698,-13.6557,0.862,0.669,3.4671,0.862,0.882,-2.2182,0.698,0.769,-0.4786,0.698,0.587,-42.6684,0.698,0.607,-56.4670,0.698,0.540,-8.6944,0.769,0.844,1.0472,0.844,0.888,-40.3401,0.587,0.241,1.7732,0.241,0.724,-1.7761,0.607,0.612,62.9052,0.612,0.714,-31.0753,0.540,0.473,-18.0809,0.473,0.614,1.5788,0.669,0.000,-0.2033,0.882,0.902,1
-1.9639,0.850,0.702,-14.0894,0.850,0.738,3.4302,0.850,0.896,-1.7841,0.702,0.773,-0.8912,0.702,0.602,-42.7397,0.702,0.601,-55.4223,0.702,0.563,-7.9047,0.773,0.842,1.0174,0.842,0.883,-40.2211,0.602,0.276,1.6765,0.276,0.737,-1.7332,0.601,0.617,127.5982,0.617,0.693,-27.5889,0.563,0.475,-21.4384,0.475,0.625,1.5743,0.738,0.000,-0.2952,0.896,0.887,1
-1.8415,0.846,0.701,-13.6122,0.846,0.683,3.4820,0.846,0.902,-1.3258,0.701,0.765,-0.4721,0.701,0.596,-43.4912,0.701,0.572,-55.5851,0.701,0.539,-7.5293,0.765,0.826,0.9903,0.826,0.876,-80.9861,0.596,0.265,1.6801,0.265,0.744,-42.2188,0.572,0.610,2852.8907,0.610,0.697,-34.2221,0.539,0.408,-25.1877,0.408,0.603,1.5788,0.683,0.000,-0.2146,0.902,0.884,1
-1.7826,0.845,0.718,-13.1735,0.845,0.636,2.9824,0.845,0.914,-1.0590,0.718,0.774,-0.4718,0.718,0.616,-56.5825,0.718,0.586,-44.3003,0.718,0.547,-6.9482,0.774,0.829,0.9408,0.829,0.897,-38.5828,0.616,0.322,1.7776,0.322,0.740,-0.0380,0.586,0.639,123.0006,0.639,0.643,-22.9147,0.547,0.475,-15.8879,0.475,0.581,1.5791,0.636,0.000,-0.2128,0.914,0.886,1
-1.7798,0.845,0.721,-12.5539,0.845,0.426,2.9912,0.845,0.909,-1.3274,0.721,0.752,-1.1893,0.721,0.583,-84.5015,0.721,0.552,-54.8813,0.721,0.448,-6.9697,0.752,0.834,0.9876,0.834,0.877,-83.5055,0.583,0.274,1.3083,0.274,0.664,-0.0338,0.552,0.607,41.8171,0.607,0.662,-30.1242,0.448,0.433,-15.9338,0.433,0.621,1.5982,0.426,0.000,-0.3344,0.909,0.880,1
-1.9781,0.830,0.752,-13.2176,0.830,0.549,4.2829,0.830,0.922,-0.7711,0.752,0.774,-0.8751,0.752,0.641,-177.0962,0.752,0.624,-49.2172,0.752,0.513,-8.2265,0.774,0.855,0.9181,0.855,0.882,-25.7740,0.641,0.313,1.4389,0.313,0.740,-0.2911,0.624,0.637,20.9065,0.637,0.669,-21.0669,0.513,0.522,-11.4849,0.522,0.610,1.5839,0.549,0.000,-0.3160,0.922,0.886,1
-1.9728,0.821,0.744,-12.8994,0.821,0.572,2.3515,0.821,0.930,-0.8946,0.744,0.753,-1.1604,0.744,0.609,-171.3401,0.744,0.580,-55.0946,0.744,0.567,-9.0278,0.753,0.901,0.9422,0.901,0.865,-72.4381,0.609,0.311,1.3570,0.311,0.791,-0.3503,0.580,0.600,21.0574,0.600,0.678,-27.2560,0.567,0.467,-12.6258,0.467,0.656,1.5839,0.572,0.000,-0.3376,0.930,0.889,1
-1.9678,0.814,0.752,-12.9989,0.814,0.501,1.7756,0.814,0.930,-0.5976,0.752,0.752,-0.7003,0.752,0.620,-4481.9064,0.752,0.600,-55.1560,0.752,0.540,-9.2557,0.752,0.908,0.8671,0.908,0.853,-23.5508,0.620,0.277,1.4232,0.277,0.775,-0.2914,0.600,0.600,21.4182,0.600,0.676,-21.3411,0.540,0.496,-11.8304,0.496,0.610,1.5845,0.501,0.000,-0.3356,0.930,0.898,1
-1.9036,0.817,0.772,-12.5949,0.817,0.517,1.4245,0.817,0.927,-0.5879,0.772,0.762,-0.2623,0.772,0.667,-2598.8865,0.772,0.604,-55.2611,0.772,0.575,-10.3342,0.762,0.890,0.7765,0.890,0.920,-14.3563,0.667,0.336,1.2102,0.336,0.837,-0.2909,0.604,0.596,21.0594,0.596,0.691,-21.3395,0.575,0.504,-12.9941,0.504,0.609,1.5794,0.517,0.000,-0.3358,0.927,0.917,1
-1.8382,0.824,0.736,-11.9873,0.824,0.413,1.4080,0.824,0.926,-0.2994,0.736,0.766,-0.2570,0.736,0.631,-3457.2048,0.736,0.600,-63.1518,0.736,0.576,-24.0289,0.766,0.871,0.8113,0.871,0.935,-85.7063,0.631,0.180,0.8450,0.180,0.603,-0.0082,0.600,0.604,18.2198,0.604,0.693,-25.0778,0.576,0.492,-11.7748,0.492,0.662,1.5890,0.413,0.000,-0.3154,0.926,0.926,1
-1.8410,0.820,0.767,-12.2517,0.820,0.515,1.4281,0.820,0.940,-0.4972,0.767,0.775,-0.2537,0.767,0.682,-169.0135,0.767,0.612,-44.2814,0.767,0.569,-95.2699,0.775,0.877,0.7002,0.877,0.899,13757.2381,0.682,0.409,0.9401,0.409,0.728,-0.0123,0.612,0.590,21.2833,0.590,0.707,-19.6999,0.569,0.498,-11.8242,0.498,0.635,1.5844,0.515,0.000,-0.2164,0.940,0.928,1
-1.7795,0.813,0.731,-12.1550,0.813,0.530,1.7790,0.813,0.943,-0.5969,0.731,0.767,-0.5044,0.731,0.634,-2757.9887,0.731,0.546,-54.6647,0.731,0.568,94.8011,0.767,0.791,0.5640,0.791,0.908,-19.5283,0.634,0.093,1.1587,0.093,0.094,-1.7965,0.546,0.583,63.1945,0.583,0.671,-30.1745,0.568,0.388,-42.3236,0.388,0.570,1.5794,0.530,0.000,-0.2153,0.943,0.923,1
-1.7234,0.819,0.715,-11.7953,0.819,0.560,1.4971,0.819,0.953,-0.5944,0.715,0.747,-0.5842,0.715,0.594,569851.6667,0.715,0.580,-55.2263,0.715,0.597,16.8587,0.747,0.863,0.4900,0.863,0.898,-51.5992,0.594,0.153,2.2704,0.153,0.508,-1.7051,0.580,0.595,123.6986,0.595,0.670,-21.2027,0.597,0.439,-25.1270,0.439,0.583,1.5744,0.560,0.000,-0.2119,0.953,0.924,1
-1.6709,0.840,0.692,-11.8552,0.840,0.700,1.0411,0.840,0.941,-2.6565,0.692,0.730,-0.6088,0.692,0.510,12425.0600,0.692,0.581,-49.3016,0.692,0.630,11.3026,0.730,0.823,0.5931,0.823,0.805,0.4179,0.510,0.000,0.0000,0.000,0.000,-877.6774,0.581,0.622,-123.7016,0.622,0.635,-27.5898,0.630,0.387,-134.0648,0.387,0.606,1.5696,0.700,0.000,-0.2249,0.941,0.935,1
-1.6130,0.868,0.656,-12.0680,0.868,0.716,1.7894,0.868,0.920,-7.1095,0.656,0.758,-3.4661,0.656,0.474,22293.9348,0.656,0.588,-44.3655,0.656,0.593,9.5940,0.758,0.853,0.7127,0.853,0.869,0.4205,0.474,0.000,0.0000,0.000,0.000,582.3676,0.588,0.616,-42.6241,0.616,0.646,-27.7305,0.593,0.396,4136.4877,0.396,0.646,1.5651,0.716,0.000,-0.2134,0.920,0.899,1
-1.6666,0.897,0.650,-12.0030,0.897,0.683,4.0512,0.897,0.878,1.8021,0.650,0.800,1.1744,0.650,0.550,11054.8242,0.650,0.558,-43.7576,0.650,0.584,9.5740,0.800,0.825,0.7206,0.825,0.854,-13.1947,0.550,0.194,0.7151,0.194,0.000,3.4961,0.558,0.607,-24.9237,0.607,0.634,-54.8168,0.584,0.394,21.8603,0.394,0.580,1.5653,0.683,0.000,-0.2793,0.878,0.867,1
-1.6150,0.927,0.709,-11.6608,0.927,0.716,6.0992,0.927,0.903,1.7568,0.709,0.782,1.0186,0.709,0.633,-84.5180,0.709,0.533,-39.8881,0.709,0.599,8.9001,0.782,0.834,0.6280,0.834,0.814,-7.1086,0.633,0.349,6035.4580,0.349,0.316,1.7590,0.533,0.607,-20.4729,0.607,0.634,-68.2213,0.599,0.407,25.6831,0.407,0.556,1.5651,0.716,0.000,-0.1893,0.903,0.844,1
-1.6679,0.879,0.697,-11.6422,0.879,0.725,11.2341,0.879,0.938,0.9121,0.697,0.778,1.1820,0.697,0.582,-54.9712,0.697,0.535,-39.9351,0.697,0.604,9.7859,0.778,0.828,0.6349,0.828,0.815,-5.0570,0.582,0.384,57.9292,0.384,0.345,-3420.4500,0.535,0.580,-40.1262,0.580,0.697,-34.6443,0.604,0.375,63.1916,0.375,0.632,1.5651,0.725,0.000,-0.2131,0.938,0.860,1
-1.5315,0.811,0.812,-10.8812,0.811,0.706,2.6820,0.811,0.948,0.7591,0.812,0.784,1.1660,0.812,0.740,-20.9996,0.812,0.609,-40.2160,0.812,0.622,32.7511,0.784,0.865,0.6764,0.865,0.834,-3.3492,0.740,0.836,-3056.3222,0.836,0.803,1.1825,0.609,0.601,-120.4765,0.601,0.667,69.6796,0.622,0.478,16.1576,0.478,0.557,1.5653,0.706,0.000,-0.2254,0.948,0.909,1
-1.3708,0.850,0.738,-9.5183,0.850,0.695,1.5498,0.850,0.942,0.7619,0.738,0.767,1.0597,0.738,0.645,-16.5474,0.738,0.581,-39.9342,0.738,0.572,96.8015,0.767,0.862,0.9617,0.862,0.830,-2.9896,0.645,0.548,-57.2163,0.548,0.565,3.4501,0.581,0.629,41.5510,0.629,0.693,69.5365,0.572,0.423,18.5573,0.423,0.593,1.5739,0.695,0.000,-0.2265,0.942,0.923,1
-2.0864,0.798,0.745,-12.4934,0.798,0.654,2.6240,0.798,0.961,-55.2414,0.745,0.768,-1.9027,0.745,0.565,-8.3382,0.745,0.616,-49.0367,0.745,0.636,94.1541,0.768,0.909,0.2198,0.909,0.859,12.3816,0.565,0.760,0.1228,0.760,0.798,-0.8722,0.616,0.652,7.3116,0.652,0.750,56.7348,0.636,0.545,8.5756,0.545,0.752,1.5889,0.654,0.000,-0.7743,0.961,0.921,1
-1.9629,0.815,0.676,-12.8595,0.815,0.686,2.9238,0.815,0.932,5.4158,0.676,0.774,2.3719,0.676,0.582,-8.9990,0.676,0.597,-63.6585,0.676,0.612,-49.1871,0.774,0.808,0.3296,0.808,0.843,13.7179,0.582,0.659,0.2298,0.659,0.812,-0.6027,0.597,0.673,7.8722,0.673,0.745,40.6614,0.612,0.472,9.2947,0.472,0.649,1.5839,0.686,0.000,-0.4248,0.932,0.878,1
-2.0304,0.840,0.668,-13.7237,0.840,0.710,2.3526,0.840,0.906,210.9671,0.668,0.761,1.2140,0.668,0.576,-10.4611,0.668,0.587,-55.9798,0.668,0.581,-18.9168,0.761,0.858,0.5460,0.858,0.905,18.0954,0.576,0.499,0.4746,0.499,0.716,-0.9231,0.587,0.631,9.5802,0.631,0.714,40.4097,0.581,0.406,12.9696,0.406,0.607,1.5793,0.710,0.000,-0.4427,0.906,0.883,1
-2.0197,0.846,0.676,-13.7869,0.846,0.721,1.8041,0.846,0.888,-7.3249,0.676,0.739,-190.3276,0.676,0.553,-12.8723,0.676,0.605,-63.4594,0.676,0.570,-22.7134,0.739,0.886,0.6570,0.886,0.899,44.8876,0.553,0.384,0.8175,0.384,0.754,-140.3054,0.605,0.643,13.8166,0.643,0.709,56.1609,0.570,0.410,18.4828,0.410,0.601,1.5793,0.721,0.000,-0.3370,0.888,0.883,1
-1.9620,0.860,0.683,-14.1673,0.860,0.733,1.7944,0.860,0.886,-2.4008,0.683,0.742,-0.9264,0.683,0.566,-14.1101,0.683,0.595,-64.2804,0.683,0.628,-43.4454,0.742,0.863,0.8350,0.863,0.898,-17.7868,0.566,0.364,0.6133,0.364,0.790,-43.4211,0.595,0.655,18.2081,0.655,0.673,142.3427,0.628,0.429,25.9865,0.429,0.597,1.5699,0.733,0.000,-0.3168,0.886,0.889,1
-1.7825,0.867,0.689,-14.1784,0.867,0.742,2.3538,0.867,0.868,-2.6771,0.689,0.763,-0.4628,0.689,0.558,-18.8044,0.689,0.566,-89.3589,0.689,0.618,-30.2408,0.763,0.823,0.8921,0.823,0.910,-12.9628,0.558,0.263,0.8527,0.263,0.764,-1.7810,0.566,0.655,18.6248,0.655,0.664,-279.6968,0.618,0.421,43.7618,0.421,0.612,1.5697,0.742,0.000,-0.3012,0.868,0.896,1
-1.4224,0.833,0.727,-6.3163,0.833,0.691,5.1475,0.833,0.955,10.6382,0.727,0.764,1.3600,0.727,0.620,-3.0199,0.727,0.599,-26.3485,0.727,0.785,47.4685,0.764,0.848,0.0381,0.848,0.909,7.1178,0.620,0.796,0.2213,0.796,0.803,-1.4246,0.599,0.648,1.5573,0.648,0.835,10.5221,0.785,0.512,1.4906,0.512,0.714,1.6315,0.691,0.000,-0.5512,0.955,0.883,1
-1.4712,0.834,0.724,-6.3910,0.834,0.688,5.1594,0.834,0.952,8.9789,0.724,0.773,2.3915,0.724,0.621,-3.0509,0.724,0.608,-26.2223,0.724,0.783,19.3727,0.773,0.814,0.0406,0.814,0.883,7.3845,0.621,0.763,0.1638,0.763,0.816,-1.1888,0.608,0.651,1.5576,0.651,0.833,11.5197,0.783,0.530,1.5632,0.530,0.716,1.6219,0.688,0.000,-0.5515,0.952,0.886,1
-1.4792,0.826,0.721,-6.4187,0.826,0.685,5.1272,0.826,0.961,4.4943,0.721,0.773,2.9469,0.721,0.623,-3.0802,0.721,0.606,-28.0758,0.721,0.776,13.9778,0.773,0.852,0.0426,0.852,0.858,7.0810,0.623,0.760,0.1031,0.760,0.818,-1.1920,0.606,0.656,1.5574,0.656,0.834,10.9945,0.776,0.523,1.5265,0.523,0.714,1.6269,0.685,0.000,-0.5526,0.961,0.888,1
-1.4802,0.829,0.720,-6.3894,0.829,0.688,5.1362,0.829,0.955,4.5584,0.720,0.766,4.3807,0.720,0.607,-3.0791,0.720,0.607,-28.0517,0.720,0.774,16.2405,0.766,0.845,0.0445,0.845,0.862,7.6282,0.607,0.789,0.1530,0.789,0.800,-1.1851,0.607,0.648,1.5578,0.648,0.835,10.9932,0.774,0.530,1.4906,0.530,0.726,1.6219,0.688,0.000,-0.5515,0.955,0.889,1
-1.4334,0.832,0.718,-6.2859,0.832,0.693,5.1491,0.832,0.956,4.5267,0.718,0.770,2.4016,0.718,0.616,-3.0785,0.718,0.602,-28.0480,0.718,0.778,24.1614,0.770,0.860,0.0814,0.860,0.868,6.9851,0.616,0.785,0.1624,0.785,0.807,-1.1887,0.602,0.649,1.5577,0.649,0.830,10.9942,0.778,0.515,1.4908,0.515,0.730,1.6315,0.693,0.000,-0.5574,0.956,0.893,1
-1.5219,0.835,0.722,-6.2854,0.835,0.693,5.1451,0.835,0.958,7.1864,0.722,0.772,2.9828,0.722,0.636,-2.8981,0.722,0.596,-26.0000,0.722,0.776,47.1688,0.772,0.878,0.1178,0.878,0.855,7.3882,0.636,0.778,0.2160,0.778,0.795,-1.7613,0.596,0.652,1.5274,0.652,0.828,10.5175,0.776,0.501,1.4567,0.501,0.732,1.6315,0.693,0.000,-0.4493,0.958,0.886,1
-1.4436,0.834,0.720,-6.2545,0.834,0.689,3.5467,0.834,0.964,3.6513,0.720,0.775,2.9767,0.720,0.630,-3.0058,0.720,0.593,-27.8446,0.720,0.784,47.8104,0.775,0.888,0.1183,0.888,0.842,6.9936,0.630,0.778,0.1690,0.778,0.819,-1.4112,0.593,0.656,1.5267,0.656,0.830,10.9953,0.784,0.501,1.5288,0.501,0.736,1.6218,0.689,0.000,-0.4474,0.964,0.883,1
-1.4831,0.818,0.725,-6.1516,0.818,0.698,3.5178,0.818,0.959,7.3394,0.725,0.765,4.4599,0.725,0.619,-3.0060,0.725,0.609,-25.9217,0.725,0.783,47.5838,0.765,0.882,0.1186,0.882,0.829,8.1421,0.619,0.772,0.1647,0.772,0.804,-1.1739,0.609,0.669,1.5269,0.669,0.831,10.9956,0.783,0.526,1.4954,0.526,0.737,1.6264,0.698,0.000,-0.4489,0.959,0.884,1
-1.4830,0.830,0.725,-6.1516,0.830,0.710,3.5410,0.830,0.965,10826.0000,0.725,0.756,8.8700,0.725,0.621,-2.8943,0.725,0.603,-25.7371,0.725,0.794,32.6582,0.756,0.888,0.1160,0.888,0.846,8.7278,0.621,0.773,0.2092,0.773,0.809,-1.4171,0.603,0.652,1.5577,0.652,0.825,10.4576,0.794,0.520,1.4958,0.520,0.737,1.6263,0.710,0.000,-0.4482,0.965,0.894,1
-1.4802,0.836,0.718,-6.1490,0.836,0.669,2.6877,0.836,0.969,-5.6686,0.718,0.753,9.2592,0.718,0.615,-2.7945,0.718,0.609,-24.2431,0.718,0.786,32.9919,0.753,0.881,0.1149,0.881,0.850,9.5886,0.615,0.777,0.1603,0.777,0.809,-1.1798,0.609,0.635,1.5612,0.635,0.824,11.0028,0.786,0.529,1.5312,0.529,0.725,1.6217,0.669,0.000,-0.4471,0.969,0.895,1
-1.3964,0.821,0.717,-6.1466,0.821,0.672,2.6757,0.821,0.970,-279.8718,0.717,0.744,412.6226,0.717,0.601,-2.9360,0.717,0.607,-25.9979,0.717,0.781,32.8907,0.744,0.882,0.0776,0.882,0.852,9.7651,0.601,0.795,0.1576,0.795,0.802,-1.4060,0.607,0.645,1.5576,0.645,0.818,11.0022,0.781,0.527,1.6081,0.527,0.723,1.6219,0.672,0.000,-0.4495,0.970,0.890,1
-1.3941,0.823,0.716,-6.0470,0.823,0.689,2.1541,0.823,0.969,-5.3938,0.716,0.731,-132.2581,0.716,0.589,-2.9390,0.716,0.614,-24.2349,0.716,0.776,33.4415,0.731,0.877,0.0774,0.877,0.853,10.7229,0.589,0.789,0.1580,0.789,0.812,-1.1789,0.614,0.646,1.5574,0.646,0.825,11.4408,0.776,0.536,1.5685,0.536,0.721,1.6218,0.689,0.000,-0.4486,0.969,0.895,1
-1.3465,0.817,0.724,-6.0479,0.817,0.676,2.1548,0.817,0.963,-7.2307,0.724,0.727,-200.7654,0.724,0.606,-2.9797,0.724,0.607,-24.3695,0.724,0.769,33.5227,0.727,0.869,0.0763,0.869,0.859,10.6979,0.606,0.786,0.1599,0.786,0.808,-1.1801,0.607,0.647,1.5583,0.647,0.827,11.4249,0.769,0.527,1.5670,0.527,0.728,1.6217,0.676,0.000,-0.4488,0.963,0.890,1
-1.4046,0.813,0.729,-5.9783,0.813,0.686,1.4910,0.813,0.967,-7.1423,0.729,0.732,-5.3752,0.729,0.614,-2.9382,0.729,0.608,-24.3345,0.729,0.772,25.5430,0.732,0.871,0.0779,0.871,0.860,11.9923,0.614,0.786,0.1638,0.786,0.833,-1.1752,0.608,0.638,1.5880,0.638,0.827,11.9920,0.772,0.531,1.5684,0.531,0.748,1.6166,0.686,0.000,-0.5532,0.967,0.895,1
-1.4040,0.809,0.718,-5.9795,0.809,0.676,1.4942,0.809,0.972,-309.1000,0.718,0.741,5.5059,0.718,0.589,-2.9390,0.718,0.607,-24.3640,0.718,0.766,33.3338,0.741,0.866,0.0812,0.866,0.848,9.6419,0.589,0.785,0.1650,0.785,0.828,-1.1801,0.607,0.643,1.5879,0.643,0.825,11.4313,0.766,0.527,1.5731,0.527,0.753,1.6166,0.676,0.000,-0.6605,0.972,0.890,1
-1.4050,0.816,0.720,-6.0077,0.816,0.679,1.4828,0.816,0.971,-240.9556,0.720,0.744,-712.2174,0.720,0.586,-2.9388,0.720,0.612,-24.3671,0.720,0.767,33.2706,0.744,0.865,0.0795,0.865,0.850,10.4874,0.586,0.789,0.2182,0.789,0.837,-1.1777,0.612,0.641,1.5629,0.641,0.829,11.4333,0.767,0.531,1.5732,0.531,0.765,1.6215,0.679,0.000,-0.6605,0.971,0.882,1
-1.3574,0.827,0.712,-5.9774,0.827,0.679,1.7781,0.827,0.971,-5.3022,0.712,0.729,-3.5187,0.712,0.571,-3.0484,0.712,0.610,-24.3615,0.712,0.765,25.7635,0.729,0.848,0.0805,0.848,0.846,12.0500,0.571,0.807,0.1112,0.807,0.816,-1.1721,0.610,0.648,1.5576,0.648,0.834,11.9890,0.765,0.532,1.6079,0.532,0.766,1.6216,0.679,0.000,-0.6580,0.971,0.884,1
-1.2807,0.826,0.731,-5.8584,0.826,0.676,1.7666,0.826,0.966,-3.4114,0.731,0.736,-1.7864,0.731,0.603,-3.0185,0.731,0.601,-24.4454,0.731,0.766,26.5267,0.736,0.843,0.0809,0.843,0.849,12.0961,0.603,0.799,0.1084,0.799,0.794,-1.4010,0.601,0.653,1.5570,0.653,0.837,11.4295,0.766,0.514,1.5708,0.514,0.779,1.6164,0.676,0.000,-0.5232,0.966,0.896,1
-1.3234,0.830,0.727,-5.8849,0.830,0.643,1.4754,0.830,0.968,-5.2319,0.727,0.716,-3.5246,0.727,0.589,-3.0901,0.727,0.605,-24.4847,0.727,0.759,26.0276,0.716,0.843,0.0800,0.843,0.863,11.9752,0.589,0.784,0.1587,0.784,0.813,-1.1755,0.605,0.658,1.5572,0.658,0.842,11.4239,0.759,0.521,1.5701,0.521,0.774,1.6164,0.643,0.000,-0.5545,0.968,0.891,1
-1.2786,0.828,0.735,-5.8586,0.828,0.667,1.5093,0.828,0.949,-5.3543,0.735,0.731,-119.2717,0.735,0.607,-3.1336,0.735,0.606,-24.4591,0.735,0.769,20.9992,0.731,0.845,0.0810,0.845,0.863,10.6493,0.607,0.775,0.1589,0.775,0.829,-0.8927,0.606,0.675,1.5567,0.675,0.846,11.9965,0.769,0.516,1.6070,0.516,0.765,1.6164,0.667,0.000,-0.5603,0.949,0.893,1
-1.2334,0.850,0.752,-5.8298,0.850,0.670,1.7935,0.850,0.949,-344.2857,0.752,0.745,3.7455,0.752,0.609,-3.1335,0.752,0.604,-24.4809,0.752,0.767,20.5015,0.745,0.846,0.0834,0.846,0.855,8.7555,0.609,0.777,0.1632,0.777,0.829,-0.8916,0.604,0.673,1.5566,0.673,0.849,11.4293,0.767,0.513,1.5361,0.513,0.761,1.6164,0.670,0.000,-0.5587,0.949,0.894,1
-1.2327,0.853,0.747,-5.8277,0.853,0.673,1.7874,0.853,0.956,-3097.8571,0.747,0.741,3.6261,0.747,0.607,-3.2097,0.747,0.616,-24.4889,0.747,0.769,20.4616,0.741,0.849,0.0842,0.849,0.857,9.3779,0.607,0.770,0.2160,0.770,0.833,-0.7647,0.616,0.674,1.5569,0.674,0.841,12.6265,0.769,0.530,1.6082,0.530,0.749,1.6164,0.673,0.000,-0.5563,0.956,0.888,1
-1.2317,0.864,0.764,-5.9217,0.864,0.594,1.7942,0.864,0.946,1142.8421,0.764,0.758,3.5782,0.764,0.626,-3.2087,0.764,0.620,-24.4548,0.764,0.760,20.5897,0.758,0.846,0.0845,0.846,0.863,9.3845,0.626,0.765,0.2100,0.765,0.836,-0.7654,0.620,0.671,1.5565,0.671,0.843,12.6305,0.760,0.541,1.5670,0.541,0.765,1.6118,0.594,0.000,-0.5572,0.946,0.886,1
-1.2317,0.867,0.753,-5.9211,0.867,0.610,1.7996,0.867,0.939,-408.8000,0.753,0.750,90.6033,0.753,0.622,-3.1654,0.753,0.621,-24.4295,0.753,0.766,17.4793,0.750,0.863,0.0862,0.863,0.871,9.5442,0.622,0.767,0.1615,0.767,0.828,-1.0106,0.621,0.670,1.5562,0.670,0.840,13.3147,0.766,0.541,1.6052,0.541,0.767,1.6118,0.610,0.000,-0.4474,0.939,0.878,1
-1.2757,0.864,0.741,-5.8260,0.864,0.663,2.1341,0.864,0.920,-287.8070,0.741,0.750,132.7213,0.741,0.616,-3.1228,0.741,0.623,-24.3157,0.741,0.774,17.1585,0.750,0.869,0.0853,0.869,0.874,9.7185,0.616,0.766,0.1062,0.766,0.838,-1.0117,0.623,0.665,1.5576,0.665,0.835,13.3219,0.774,0.543,1.6477,0.543,0.772,1.6163,0.663,0.000,-0.5563,0.920,0.880,1
-1.2788,0.888,0.735,-5.7975,0.888,0.659,2.4620,0.888,0.921,-180.1209,0.735,0.751,257.6250,0.735,0.600,-3.1199,0.735,0.613,-24.1548,0.735,0.777,16.8347,0.751,0.872,0.0825,0.872,0.864,8.7195,0.600,0.766,0.1061,0.766,0.833,-0.7671,0.613,0.669,1.5562,0.669,0.832,12.6458,0.777,0.532,1.5675,0.532,0.759,1.6164,0.659,0.000,-0.6616,0.921,0.896,1
-1.2785,0.889,0.741,-5.7961,0.889,0.690,2.4618,0.889,0.911,-202.6420,0.741,0.749,7.1240,0.741,0.624,-3.1221,0.741,0.610,-24.1683,0.741,0.778,14.7613,0.749,0.879,0.0880,0.879,0.864,8.7187,0.624,0.754,0.1581,0.754,0.831,-1.0104,0.610,0.675,1.5255,0.675,0.837,13.3335,0.778,0.533,1.6468,0.533,0.777,1.6164,0.690,0.000,-0.6620,0.911,0.899,1
-1.3241,0.893,0.745,-5.7947,0.893,0.717,2.4611,0.893,0.907,-140.4783,0.745,0.757,434.3400,0.745,0.614,-3.1201,0.745,0.616,-24.0471,0.745,0.779,16.8263,0.757,0.870,0.0439,0.870,0.872,8.8861,0.614,0.803,0.0543,0.803,0.825,-0.7594,0.616,0.680,1.5251,0.680,0.835,13.2252,0.779,0.532,1.6034,0.532,0.779,1.6164,0.717,0.000,-0.6622,0.907,0.901,1
-1.2926,0.899,0.734,-5.7080,0.899,0.716,2.0852,0.899,0.884,-118.7737,0.734,0.752,623.7714,0.734,0.603,-3.0774,0.734,0.609,-24.0644,0.734,0.774,14.4926,0.752,0.884,0.0860,0.884,0.861,8.8835,0.603,0.804,0.0546,0.804,0.823,-1.0070,0.609,0.673,1.5257,0.673,0.833,12.6332,0.774,0.525,1.5667,0.525,0.783,1.6164,0.716,0.000,-0.7662,0.884,0.908,1
-1.2923,0.900,0.733,-5.7062,0.900,0.711,2.4793,0.900,0.878,-108.4698,0.733,0.747,1670.2308,0.733,0.598,-3.0782,0.733,0.613,-24.0832,0.733,0.771,14.4397,0.747,0.890,0.0889,0.890,0.867,8.1463,0.598,0.803,0.0571,0.803,0.810,-1.0053,0.613,0.667,1.5258,0.667,0.834,13.3063,0.771,0.534,1.6036,0.534,0.776,1.6164,0.711,0.000,-0.7252,0.878,0.901,1
-1.2906,0.910,0.741,-5.7057,0.910,0.716,2.4882,0.910,0.874,-175.5054,0.741,0.749,216.2970,0.741,0.621,-3.0793,0.741,0.618,-24.0950,0.741,0.770,14.2711,0.749,0.883,0.0841,0.883,0.867,8.7008,0.621,0.786,0.1051,0.786,0.828,-1.0074,0.618,0.673,1.5258,0.673,0.836,13.3174,0.770,0.543,1.6465,0.543,0.777,1.6164,0.716,0.000,-0.7241,0.874,0.895,1
-1.2446,0.936,0.748,-5.7048,0.936,0.686,2.6885,0.936,0.874,-249.2424,0.748,0.763,135.3934,0.748,0.632,-3.1213,0.748,0.614,-24.1740,0.748,0.774,14.5574,0.763,0.875,0.0842,0.875,0.856,9.2052,0.632,0.762,0.2146,0.762,0.847,-1.0077,0.614,0.669,1.5256,0.669,0.840,13.3137,0.774,0.537,1.6458,0.537,0.769,1.6165,0.686,0.000,-0.6237,0.874,0.892,1
-1.2295,0.940,0.732,-5.7019,0.940,0.685,4.0837,0.940,0.888,-5.5149,0.732,0.748,-203.6481,0.732,0.595,-3.0947,0.732,0.624,-22.8398,0.732,0.774,20.6326,0.748,0.861,0.0817,0.861,0.856,11.5152,0.595,0.789,0.1643,0.789,0.849,-1.0062,0.624,0.678,1.5264,0.678,0.837,13.3388,0.774,0.549,1.6482,0.549,0.760,1.6164,0.685,0.000,-0.6253,0.888,0.880,1
-1.1600,0.911,0.746,-5.6186,0.911,0.672,4.1005,0.911,0.906,-1.7211,0.746,0.748,-0.6175,0.746,0.580,-3.0889,0.746,0.630,-22.8844,0.746,0.771,35.7704,0.748,0.843,0.0813,0.843,0.874,17.6250,0.580,0.820,0.3301,0.820,0.882,-1.0122,0.630,0.658,1.5576,0.658,0.837,13.3217,0.771,0.555,1.6073,0.555,0.759,1.6164,0.672,0.000,-0.6263,0.906,0.874,1
-1.2877,0.874,0.740,-5.6695,0.874,0.654,3.5240,0.874,0.899,-5.2956,0.740,0.746,-3.5147,0.740,0.584,-3.0090,0.740,0.629,-22.8613,0.740,0.753,49.7438,0.746,0.856,0.1151,0.856,0.838,12.5368,0.584,0.833,0.3307,0.833,0.886,-1.0153,0.629,0.653,1.5885,0.653,0.838,13.3008,0.753,0.543,1.6899,0.543,0.752,1.6165,0.654,0.000,-0.7270,0.899,0.855,1
-1.5962,0.813,0.668,0.3017,0.813,0.000,1.7655,0.813,0.864,-0.2101,0.668,0.548,-0.1861,0.668,0.551,-2.9714,0.668,0.395,0.6570,0.668,0.000,-17.4863,0.548,0.738,0.2908,0.738,0.734,-25.7600,0.551,0.767,0.4784,0.767,0.624,-0.2973,0.395,0.357,1.8775,0.357,0.441,1.5187,0.000,0.415,1.7344,0.415,0.664,0.2630,0.000,0.087,-0.6765,0.864,0.886,1
-1.4052,0.889,0.665,-9.6686,0.889,0.724,2.4733,0.889,0.890,0.8874,0.665,0.749,2.3579,0.665,0.604,-12.5783,0.665,0.562,-33.7601,0.665,0.604,-8827.2059,0.749,0.901,0.9314,0.901,0.821,-2.7559,0.604,0.300,-26.8529,0.300,0.272,-0.8945,0.562,0.632,15.9831,0.632,0.700,-92.6871,0.604,0.407,21.8719,0.407,0.619,1.5698,0.724,0.000,-0.4156,0.890,0.869,1
-1.4509,0.887,0.670,-9.7028,0.887,0.714,2.4681,0.887,0.890,0.6011,0.670,0.745,2.9346,0.670,0.609,-12.4310,0.670,0.560,-36.5481,0.670,0.620,-6384.0426,0.745,0.902,0.9762,0.902,0.818,-2.7579,0.609,0.275,-26.9119,0.275,0.255,-0.9120,0.560,0.634,14.2510,0.634,0.693,-273.5801,0.620,0.396,21.9092,0.396,0.602,1.5746,0.714,0.000,-0.4166,0.890,0.868,1
-1.6233,0.910,0.700,-9.2269,0.910,0.723,6.0161,0.910,0.907,1.1878,0.700,0.720,1.7711,0.700,0.551,-7.8377,0.700,0.615,-29.1843,0.700,0.643,-91.6534,0.720,0.907,1.3267,0.907,0.843,-2.3186,0.551,0.223,-903.5032,0.223,0.183,-0.8907,0.615,0.683,12.8172,0.683,0.717,-10629.2330,0.643,0.499,14.4301,0.499,0.698,1.5743,0.723,0.000,-0.4968,0.907,0.855,1
-1.5758,0.901,0.776,-9.1947,0.901,0.703,5.2400,0.901,0.890,1.4046,0.776,0.706,0.7755,0.776,0.646,-6.6011,0.776,0.596,-27.3441,0.776,0.650,-13.4298,0.706,0.825,1.5548,0.825,0.807,-2.0021,0.646,0.665,58.4737,0.665,0.463,-0.8987,0.596,0.630,8.8722,0.630,0.717,47.1127,0.650,0.421,8.0166,0.421,0.703,1.5698,0.703,0.000,-0.5233,0.890,0.934,1
-1.4901,0.815,0.746,-8.6191,0.815,0.651,1.4332,0.815,0.932,2.2095,0.746,0.712,0.5988,0.746,0.601,-5.7390,0.746,0.572,-27.1904,0.746,0.667,-9.0872,0.712,0.843,1.6646,0.843,0.865,-1.7796,0.601,0.356,-55.6703,0.356,0.283,-0.4544,0.572,0.639,5.6612,0.639,0.707,40.6360,0.667,0.457,8.4078,0.457,0.649,1.5746,0.651,0.000,-0.2277,0.932,0.932,1
-1.4048,0.865,0.773,-8.1575,0.865,0.540,2.1379,0.865,0.968,1.1912,0.773,0.745,1.7779,0.773,0.664,-4.8195,0.773,0.562,-26.7698,0.773,0.651,-7.1261,0.745,0.840,1.5460,0.840,0.780,-1.5854,0.664,0.543,-55.6293,0.543,0.466,-5.3252,0.562,0.646,4.9193,0.646,0.740,28.3926,0.651,0.393,8.1068,0.393,0.618,1.5792,0.540,0.000,-0.5257,0.968,0.909,1
-1.4523,0.903,0.804,-8.2487,0.903,0.519,1.7960,0.903,0.881,1.1969,0.804,0.707,3.5506,0.804,0.649,-4.4181,0.804,0.571,-23.6302,0.804,0.639,-6.1880,0.707,0.883,2.0423,0.883,0.806,-1.6554,0.649,0.351,-24.7364,0.351,0.310,-8.9697,0.571,0.638,4.5797,0.638,0.709,21.5754,0.639,0.379,6.1769,0.379,0.620,1.5703,0.519,0.000,-0.5547,0.881,0.968,1
-1.3711,0.862,0.776,-7.8454,0.862,0.485,0.7871,0.862,0.915,1.7661,0.776,0.714,0.9084,0.776,0.624,-4.5212,0.776,0.557,-24.9018,0.776,0.653,-5.9298,0.714,0.885,2.2193,0.885,0.720,-1.4507,0.624,0.398,-25.3662,0.398,0.312,-2.7069,0.557,0.634,3.9850,0.634,0.725,18.6254,0.653,0.385,6.0124,0.385,0.631,1.5699,0.485,0.000,-0.2297,0.915,0.912,1
-1.3266,0.888,0.783,-7.5803,0.888,0.441,2.0813,0.888,0.912,1.1857,0.783,0.749,2.9300,0.783,0.703,-4.2862,0.783,0.560,-24.4895,0.783,0.663,-5.8008,0.749,0.812,2.8253,0.812,0.676,-1.5302,0.703,0.507,-47.5639,0.507,0.376,-0.8920,0.560,0.625,3.3515,0.625,0.712,18.2595,0.663,0.393,5.1914,0.393,0.656,1.5791,0.441,0.000,-0.6623,0.912,0.876,1
-1.4144,0.921,0.766,-7.7061,0.921,0.417,1.7815,0.921,0.847,0.8992,0.766,0.725,3.5083,0.766,0.622,-3.8430,0.766,0.552,-24.2430,0.766,0.692,-6.1428,0.725,0.806,2.9509,0.806,0.616,-1.4738,0.622,0.418,-50.2619,0.418,0.299,-1.1858,0.552,0.628,3.0433,0.628,0.713,16.9741,0.692,0.402,4.7010,0.402,0.613,1.5799,0.417,0.000,-0.5191,0.847,0.925,1
-1.2770,0.854,0.798,-7.4391,0.854,0.319,1.7791,0.854,0.876,1.2934,0.798,0.709,5.1202,0.798,0.629,-3.8362,0.798,0.554,-25.5826,0.798,0.687,-5.6746,0.709,0.821,2.9470,0.821,0.619,-1.4259,0.629,0.636,-16.9612,0.636,0.484,-3.5172,0.554,0.656,2.7797,0.656,0.732,15.8028,0.687,0.413,4.6148,0.413,0.634,1.5843,0.319,0.000,-0.3591,0.876,0.831,1
-1.2303,0.932,0.793,-7.3974,0.932,0.244,4.0814,0.932,0.867,1.2943,0.793,0.762,2.6110,0.793,0.735,-3.6915,0.793,0.566,-25.3983,0.793,0.699,-5.2391,0.762,0.795,3.0270,0.795,0.620,-1.4247,0.735,0.814,-6.6070,0.814,0.724,-3.4765,0.566,0.660,2.6889,0.660,0.748,15.6735,0.699,0.455,4.3053,0.455,0.575,1.6195,0.244,0.000,-0.6835,0.867,0.881,1
-1.4049,0.900,0.752,-6.2551,0.900,0.550,1.7760,0.900,0.841,1.0711,0.752,0.737,2.6647,0.752,0.636,-3.4245,0.752,0.584,-22.1382,0.752,0.755,-5.3295,0.737,0.785,3.0378,0.785,0.627,-1.4612,0.636,0.275,-5.9970,0.275,0.130,-0.6199,0.584,0.650,2.5448,0.650,0.771,15.3735,0.755,0.459,3.6191,0.459,0.536,1.6215,0.550,0.000,-0.3209,0.841,0.863,1
-1.1882,0.911,0.770,-6.1573,0.911,0.594,4.1068,0.911,0.895,1.5419,0.770,0.755,1.7650,0.770,0.689,-3.3840,0.770,0.594,-23.1295,0.770,0.773,-4.5962,0.755,0.822,2.6739,0.822,0.662,-1.1689,0.689,0.589,-7.6052,0.589,0.450,-1.7500,0.594,0.604,2.3203,0.604,0.776,15.0904,0.773,0.479,2.1357,0.479,0.590,1.6115,0.594,0.000,-0.5601,0.895,0.841,1
-1.3591,0.928,0.730,-6.3595,0.928,0.394,3.5531,0.928,0.839,1.1932,0.730,0.738,3.5121,0.730,0.695,-3.2614,0.730,0.579,-21.5240,0.730,0.753,-4.5946,0.738,0.743,2.8446,0.743,0.486,-1.2442,0.695,0.550,-5.3527,0.550,0.507,-1.7582,0.579,0.602,2.0679,0.602,0.805,15.8778,0.753,0.490,1.9705,0.490,0.595,1.6075,0.394,0.000,-0.6243,0.839,0.889,1
-1.3364,0.867,0.727,-5.9222,0.867,0.627,2.9466,0.867,0.886,2.9304,0.727,0.718,2.2387,0.727,0.587,-3.0415,0.727,0.572,-19.2107,0.727,0.764,-4.6722,0.718,0.758,3.3583,0.758,0.555,-1.2052,0.587,0.446,-7.6802,0.446,0.272,-0.8885,0.572,0.627,1.8459,0.627,0.815,13.3013,0.764,0.440,1.7371,0.440,0.696,1.6163,0.627,0.000,-0.3176,0.886,0.841,1
-1.3478,0.916,0.680,-5.9277,0.916,0.615,4.1101,0.916,0.884,2.2149,0.680,0.745,2.3568,0.680,0.626,-3.0678,0.680,0.600,-19.8663,0.680,0.753,-4.0710,0.745,0.807,2.6676,0.807,0.596,-1.1044,0.626,0.298,-4.4452,0.298,0.189,-0.5983,0.600,0.627,1.7780,0.627,0.836,12.2387,0.753,0.452,1.5314,0.452,0.756,1.6119,0.615,0.000,-0.7235,0.884,0.882,1
-1.4880,0.919,0.728,-5.8105,0.919,0.651,2.3627,0.919,0.843,1.7902,0.728,0.707,4.0922,0.728,0.621,-2.8463,0.728,0.576,-19.5008,0.728,0.775,-4.6287,0.707,0.721,1.3785,0.721,0.255,-1.1262,0.621,0.445,-4.9898,0.445,0.349,-0.7182,0.576,0.598,1.7473,0.598,0.840,11.1442,0.775,0.426,1.5023,0.426,0.742,1.6162,0.651,0.000,-0.4497,0.843,0.882,1
-1.3576,0.865,0.758,-5.8166,0.865,0.598,1.7915,0.865,0.875,2.1325,0.758,0.728,2.3825,0.758,0.630,-2.8455,0.758,0.567,-20.4837,0.758,0.771,-5.0422,0.728,0.726,3.2402,0.726,0.234,-1.0797,0.630,0.577,-4.1951,0.577,0.615,-2.2210,0.567,0.617,1.6477,0.617,0.824,10.1527,0.771,0.418,1.3725,0.418,0.766,1.6118,0.598,0.000,-0.5573,0.875,0.830,1
-1.4439,0.895,0.662,-5.6447,0.895,0.693,2.1542,0.895,0.881,2.3976,0.662,0.735,2.9688,0.662,0.561,-2.8052,0.662,0.549,-20.0263,0.662,0.759,-5.1428,0.735,0.738,2.4307,0.738,0.595,-1.3494,0.561,0.071,0.7875,0.071,0.000,-1.4260,0.549,0.615,1.5886,0.615,0.794,10.9242,0.759,0.424,1.4628,0.424,0.770,1.6166,0.693,0.000,-0.6670,0.881,0.863,1
-1.4152,0.891,0.731,-5.6474,0.891,0.693,2.1416,0.891,0.876,1.0819,0.731,0.756,5.2033,0.731,0.673,-2.9355,0.731,0.568,-21.1544,0.731,0.769,-6.3786,0.756,0.837,1.2374,0.837,0.738,-1.6449,0.673,0.078,0.8261,0.078,0.000,-1.0747,0.568,0.639,1.5570,0.639,0.794,11.9792,0.769,0.445,1.4953,0.445,0.777,1.6164,0.693,0.000,-0.7756,0.876,0.885,1
-1.4043,0.896,0.742,-5.7028,0.896,0.703,2.4513,0.896,0.872,1.3350,0.742,0.744,3.0135,0.742,0.662,-3.0909,0.742,0.605,-21.3164,0.742,0.767,-6.6265,0.744,0.823,0.3114,0.823,0.806,-1.4719,0.662,0.137,-3.2016,0.137,0.087,-0.5186,0.605,0.648,1.5285,0.648,0.797,12.5010,0.767,0.452,1.4892,0.452,0.780,1.6164,0.703,0.000,-0.7765,0.872,0.889,1
-1.3246,0.908,0.722,-5.7076,0.908,0.629,2.0632,0.908,0.879,2.4087,0.722,0.738,8.3399,0.722,0.620,-3.0907,0.722,0.609,-22.5666,0.722,0.762,-8.6146,0.738,0.846,-0.2218,0.846,0.833,-1.4822,0.620,0.096,0.8335,0.096,0.000,-0.8745,0.609,0.666,1.4978,0.666,0.822,11.8999,0.762,0.476,1.4954,0.476,0.776,1.6164,0.629,0.000,-0.8245,0.879,0.893,1
-1.2469,0.903,0.802,-5.7049,0.903,0.697,2.0613,0.903,0.876,2.2441,0.802,0.727,2.1911,0.802,0.690,-2.8852,0.802,0.566,-24.2719,0.802,0.777,-9.2517,0.727,0.831,-0.2994,0.831,0.874,-1.2521,0.690,0.746,-4.9133,0.746,0.726,-2.3565,0.566,0.661,1.4986,0.661,0.823,9.6682,0.777,0.431,1.4076,0.431,0.758,1.6165,0.697,0.000,-0.8249,0.876,0.889,1
-1.2480,0.904,0.801,-5.7036,0.904,0.712,2.0602,0.904,0.891,1.8042,0.801,0.729,1.7834,0.801,0.709,-2.8204,0.801,0.574,-24.2905,0.801,0.775,-7.7292,0.729,0.838,-0.3121,0.838,0.864,-1.1632,0.709,0.742,-4.4473,0.742,0.754,-2.7228,0.574,0.670,1.5276,0.670,0.823,9.2842,0.775,0.410,1.3773,0.410,0.766,1.6167,0.712,0.000,-0.7729,0.891,0.888,1
-1.2479,0.891,0.820,-5.7038,0.891,0.719,2.0547,0.891,0.900,2.6834,0.820,0.717,1.7716,0.820,0.695,-2.8844,0.820,0.568,-24.3270,0.820,0.776,-8.5593,0.717,0.832,-0.4703,0.832,0.690,-1.2308,0.695,0.815,-4.9297,0.815,0.718,-2.6985,0.568,0.678,1.5541,0.678,0.819,9.2927,0.776,0.416,1.3425,0.416,0.764,1.6166,0.719,0.000,-0.7715,0.900,0.900,1
-1.2775,0.896,0.784,-5.7923,0.896,0.712,2.1288,0.896,0.895,2.1388,0.784,0.714,1.7719,0.784,0.663,-2.9101,0.784,0.552,-24.1944,0.784,0.785,-6.6004,0.714,0.775,2.1772,0.775,0.815,-1.1894,0.663,0.694,-5.5188,0.694,0.592,-2.3739,0.552,0.665,1.5561,0.665,0.831,9.9934,0.785,0.424,1.3992,0.424,0.782,1.6166,0.712,0.000,-0.6641,0.895,0.913,1
-1.2331,0.887,0.773,-5.7947,0.887,0.719,2.0811,0.887,0.914,3.1007,0.773,0.710,1.1958,0.773,0.654,-2.7855,0.773,0.534,-24.3649,0.773,0.782,-5.0507,0.710,0.782,1.9520,0.782,0.749,-1.2295,0.654,0.656,-6.0449,0.656,0.499,-8.7724,0.534,0.643,1.5557,0.643,0.835,9.2921,0.782,0.373,1.3795,0.373,0.771,1.6166,0.719,0.000,-0.6599,0.914,0.894,1
-1.2641,0.878,0.757,-5.8878,0.878,0.709,2.4680,0.878,0.944,3.5378,0.757,0.726,0.9109,0.757,0.640,-2.9121,0.757,0.544,-24.3598,0.757,0.784,-5.1275,0.726,0.829,2.6590,0.829,0.714,-1.1237,0.640,0.556,-6.8706,0.556,0.463,-2.9680,0.544,0.645,1.5559,0.645,0.838,9.9961,0.784,0.398,1.4003,0.398,0.769,1.6165,0.709,0.000,-0.6594,0.944,0.892,1
-1.2316,0.873,0.687,-5.8888,0.873,0.706,2.4866,0.873,0.951,4.4273,0.687,0.762,1.0831,0.687,0.559,-3.0503,0.687,0.543,-26.0655,0.687,0.787,-5.4609,0.762,0.868,2.6773,0.868,0.801,-1.1884,0.559,0.190,-7.1166,0.190,0.153,-2.2154,0.543,0.639,1.5281,0.639,0.839,10.4322,0.787,0.415,1.3924,0.415,0.761,1.6167,0.706,0.000,-0.5513,0.951,0.884,1
-1.2166,0.841,0.706,-5.9173,0.841,0.717,2.6458,0.841,0.964,2.5953,0.706,0.739,0.6004,0.706,0.543,-3.2175,0.706,0.557,-26.3798,0.706,0.778,-5.7695,0.739,0.874,2.3270,0.874,0.836,-1.5057,0.543,0.146,-9.5911,0.146,0.152,-1.3548,0.557,0.667,1.5558,0.667,0.838,9.6000,0.778,0.419,1.3337,0.419,0.780,1.6214,0.717,0.000,-0.5251,0.964,0.880,1
-1.2471,0.836,0.758,-6.0180,0.836,0.715,2.6917,0.836,0.967,2.5888,0.758,0.738,1.4756,0.758,0.592,-3.0081,0.758,0.563,-26.5316,0.758,0.780,-5.4381,0.738,0.903,1.8984,0.903,0.874,-1.9230,0.592,0.223,-5.7310,0.223,0.145,-5.3765,0.563,0.675,1.5251,0.675,0.843,8.6309,0.780,0.383,1.2566,0.383,0.767,1.6213,0.715,0.000,-0.4489,0.967,0.875,1
-1.2300,0.820,0.758,-6.0517,0.820,0.719,2.6714,0.820,0.955,1.7811,0.758,0.745,1.7671,0.758,0.634,-3.3358,0.758,0.557,-30.7217,0.758,0.780,-5.3432,0.745,0.909,1.8647,0.909,0.854,-2.2402,0.634,0.245,-6.2743,0.245,0.053,-1.7979,0.557,0.663,1.5262,0.663,0.848,10.0100,0.780,0.404,1.4006,0.404,0.767,1.6213,0.719,0.000,-0.4444,0.955,0.870,1
-1.3698,0.821,0.746,-6.2818,0.821,0.706,3.5216,0.821,0.948,8.5368,0.746,0.769,2.1482,0.746,0.562,-3.2590,0.746,0.588,-24.6523,0.746,0.778,-5.6597,0.769,0.913,1.5840,0.913,0.877,0.6266,0.562,0.000,0.0000,0.000,0.000,-1.1771,0.588,0.660,1.5262,0.660,0.854,12.6330,0.778,0.480,1.6062,0.480,0.775,1.6217,0.706,0.000,-0.4431,0.948,0.867,1
-1.3356,0.815,0.696,-6.1828,0.815,0.680,3.5162,0.815,0.943,8.8147,0.696,0.759,1.7861,0.696,0.523,-3.2510,0.696,0.570,-26.3136,0.696,0.773,-6.7208,0.759,0.826,1.1844,0.826,0.882,0.6365,0.523,0.000,0.0000,0.000,0.000,-1.1876,0.570,0.660,1.5257,0.660,0.849,11.4231,0.773,0.466,1.4978,0.466,0.777,1.6263,0.680,0.000,-0.3354,0.943,0.869,1
-1.3834,0.814,0.701,-6.2829,0.814,0.694,2.9432,0.814,0.941,10.8185,0.701,0.764,2.3882,0.701,0.515,-3.0602,0.701,0.573,-26.3336,0.701,0.764,-10.7094,0.764,0.828,0.8228,0.828,0.837,0.6346,0.515,0.000,0.0000,0.000,0.000,-2.1859,0.573,0.655,1.5254,0.655,0.845,10.5116,0.764,0.477,1.4620,0.477,0.739,1.6165,0.694,0.000,-0.4437,0.941,0.861,1
-1.3728,0.819,0.731,-6.2606,0.819,0.637,3.5001,0.819,0.949,-5.6133,0.731,0.730,3.7621,0.731,0.559,-2.9920,0.731,0.597,-24.6710,0.731,0.756,-17.5807,0.730,0.856,0.4772,0.856,0.822,45.7993,0.559,0.770,1.0013,0.770,0.699,-1.4274,0.597,0.655,1.5300,0.655,0.845,10.4303,0.756,0.510,1.4251,0.510,0.731,1.6164,0.637,0.000,-0.4432,0.949,0.865,1
-1.4324,0.816,0.726,-6.2852,0.816,0.666,2.9302,0.816,0.950,10.8485,0.726,0.744,1.8171,0.726,0.593,-2.9517,0.726,0.594,-26.3422,0.726,0.770,-7633.6800,0.744,0.878,0.3054,0.878,0.851,15.0789,0.593,0.712,0.4606,0.712,0.786,-1.7774,0.594,0.653,1.5305,0.653,0.838,10.0815,0.770,0.504,1.4959,0.504,0.722,1.6167,0.666,0.000,-0.5201,0.950,0.865,1
-1.4317,0.819,0.709,-6.3908,0.819,0.661,4.2504,0.819,0.950,10.5717,0.709,0.739,1.7980,0.709,0.583,-2.9507,0.709,0.594,-28.3177,0.709,0.772,48.4949,0.739,0.887,0.0790,0.887,0.886,7.1349,0.583,0.768,0.2799,0.768,0.814,-2.3287,0.594,0.627,1.5305,0.627,0.835,10.0802,0.772,0.506,1.4157,0.506,0.721,1.6166,0.661,0.000,-0.5194,0.950,0.870,1
-1.4225,0.828,0.728,-6.3643,0.828,0.684,5.1309,0.828,0.942,-410.5283,0.728,0.724,268.4634,0.728,0.582,-2.9121,0.728,0.599,-26.1459,0.728,0.782,33.4300,0.724,0.854,0.0375,0.854,0.883,10.0577,0.582,0.781,0.2674,0.781,0.817,-1.7556,0.599,0.623,1.5878,0.623,0.824,10.4466,0.782,0.521,1.5251,0.521,0.703,1.6166,0.684,0.000,-0.4199,0.942,0.871,1
-1.7731,0.955,0.753,-6.2991,0.955,0.733,1.7771,0.955,0.939,-1.1921,0.753,0.724,-1.7718,0.753,0.609,-2.1829,0.753,0.554,-22.4316,0.753,0.779,2.4051,0.724,0.848,-1.3315,0.848,0.808,2.3139,0.609,0.727,-0.9921,0.727,0.881,-5.2087,0.554,0.651,0.6957,0.651,0.781,6.1899,0.779,0.356,0.5704,0.356,0.846,-6.1766,0.733,0.906,-0.1107,0.939,0.919,1
-1.7748,0.950,0.744,-6.4203,0.950,0.727,1.7786,0.950,0.923,-5.2853,0.744,0.735,-1.7886,0.744,0.645,-2.2327,0.744,0.556,-23.9894,0.744,0.754,2.5403,0.735,0.885,-1.2950,0.885,0.809,2.7299,0.645,0.704,-0.9481,0.704,0.889,-2.6393,0.556,0.649,0.6855,0.649,0.797,6.3294,0.754,0.391,0.5599,0.391,0.856,-6.2895,0.727,0.864,-0.3312,0.923,0.879,1
-1.9179,0.926,0.731,-6.3459,0.926,0.748,1.5267,0.926,0.905,-1.2023,0.731,0.726,-3.3675,0.731,0.650,-2.1827,0.731,0.540,-22.0533,0.731,0.752,2.4708,0.726,0.907,-1.3074,0.907,0.806,2.3920,0.650,0.744,-1.0541,0.744,0.901,-1.7802,0.540,0.646,0.6421,0.646,0.806,6.0870,0.752,0.365,0.5174,0.365,0.865,-6.1478,0.748,0.852,-0.3350,0.905,0.904,1
-1.8463,0.894,0.745,-6.1140,0.894,0.741,1.3531,0.894,0.912,-0.9533,0.745,0.746,-126.9093,0.745,0.613,-2.0725,0.745,0.558,-21.6961,0.745,0.752,2.4863,0.746,0.900,-1.3085,0.900,0.794,2.3150,0.613,0.731,-1.0558,0.731,0.893,-1.7736,0.558,0.641,0.6090,0.641,0.817,5.6875,0.752,0.381,0.4675,0.381,0.874,-6.0756,0.741,0.889,-0.1217,0.912,0.922,1
-1.7739,0.914,0.763,-6.0389,0.914,0.756,1.5709,0.914,0.927,-0.9902,0.763,0.757,-325.1760,0.763,0.616,-2.0716,0.763,0.549,-21.5562,0.763,0.760,2.4904,0.757,0.874,-1.4001,0.874,0.822,2.4904,0.616,0.675,-1.1887,0.675,0.859,-2.7048,0.549,0.608,0.5923,0.608,0.824,5.2393,0.760,0.352,0.4438,0.352,0.870,-5.9248,0.756,0.908,-0.1122,0.927,0.930,1
-1.7106,0.935,0.773,-5.9229,0.935,0.756,1.5711,0.935,0.934,-220.5697,0.773,0.734,-7.1434,0.773,0.588,-2.0755,0.773,0.553,-23.0017,0.773,0.758,2.3541,0.734,0.858,-1.3115,0.858,0.823,2.2964,0.588,0.698,-1.2315,0.698,0.840,-4.4802,0.553,0.605,0.5434,0.605,0.828,5.0589,0.758,0.352,0.4085,0.352,0.883,-5.8496,0.756,0.905,-0.1160,0.934,0.894,1
-1.7089,0.957,0.769,-5.9215,0.957,0.750,1.7775,0.957,0.919,-5.4958,0.769,0.734,-61.6544,0.769,0.604,-2.0767,0.769,0.553,-21.4054,0.769,0.761,2.5595,0.734,0.838,-1.5085,0.838,0.845,2.2978,0.604,0.748,-1.1637,0.748,0.822,-2.9609,0.553,0.616,0.5431,0.616,0.826,5.4350,0.761,0.361,0.3995,0.361,0.886,-5.8485,0.750,0.883,-0.2208,0.919,0.869,1
-1.6427,0.955,0.761,-5.9200,0.955,0.765,1.5732,0.955,0.908,-5.3442,0.761,0.739,-3.6089,0.761,0.616,-2.1396,0.761,0.553,-22.9653,0.761,0.769,2.5886,0.739,0.854,-1.5626,0.854,0.828,2.6002,0.616,0.711,-1.0764,0.711,0.845,-10.4605,0.553,0.646,0.4702,0.646,0.835,4.8004,0.769,0.341,0.3157,0.341,0.893,-5.8143,0.765,0.848,-0.3320,0.908,0.865,1
-1.6449,0.938,0.744,-5.8504,0.938,0.760,1.3496,0.938,0.890,9.4142,0.744,0.754,967.2941,0.744,0.621,-2.1075,0.744,0.538,-21.2618,0.744,0.774,2.5833,0.754,0.882,-1.4575,0.882,0.795,2.4302,0.621,0.730,-1.0501,0.730,0.878,-5.3382,0.538,0.650,0.4626,0.650,0.835,4.9180,0.774,0.330,0.3158,0.330,0.882,-5.6811,0.760,0.843,-0.3577,0.890,0.897,1
-1.7774,0.906,0.718,-5.8111,0.906,0.749,1.3454,0.906,0.881,304.6074,0.718,0.763,-300.0973,0.718,0.589,-2.0761,0.718,0.541,-20.9324,0.718,0.774,2.5088,0.763,0.891,-1.5005,0.891,0.805,2.2422,0.589,0.739,-1.0285,0.739,0.857,-4.4118,0.541,0.663,0.4396,0.663,0.828,4.9548,0.774,0.343,0.2632,0.343,0.886,-5.6449,0.749,0.856,-0.3303,0.881,0.916,1
-1.6415,0.893,0.718,-5.7407,0.893,0.749,1.3515,0.893,0.910,-420.6385,0.718,0.755,-1500.1111,0.718,0.600,-2.1025,0.718,0.554,-20.9065,0.718,0.771,2.5107,0.755,0.904,-1.3931,0.904,0.819,2.2228,0.600,0.778,-1.0699,0.778,0.853,-5.4859,0.554,0.648,0.4383,0.648,0.829,4.5049,0.771,0.370,0.1920,0.370,0.859,-5.6131,0.749,0.881,-0.1112,0.910,0.911,1
-1.7127,0.895,0.742,-5.7755,0.895,0.752,1.3478,0.895,0.916,-263.0968,0.742,0.763,2109.6154,0.742,0.624,-2.1010,0.742,0.560,-20.7375,0.742,0.772,2.5101,0.763,0.904,-1.4968,0.904,0.814,2.2283,0.624,0.762,-1.1383,0.762,0.853,-5.3679,0.560,0.651,0.4391,0.651,0.823,4.5742,0.772,0.362,0.1680,0.362,0.853,-5.6117,0.752,0.894,-0.1195,0.916,0.910,1
-1.7096,0.904,0.740,-5.7379,0.904,0.751,1.3597,0.904,0.918,-89.1228,0.740,0.759,-1802.4333,0.740,0.609,-2.1012,0.740,0.559,-20.6199,0.740,0.780,2.5108,0.759,0.898,-1.4432,0.898,0.826,2.3552,0.609,0.691,-1.1642,0.691,0.858,-3.6816,0.559,0.634,0.4383,0.634,0.832,4.5746,0.780,0.361,0.1934,0.361,0.850,-5.6094,0.751,0.905,-0.0078,0.918,0.917,1
-1.6441,0.923,0.752,-5.7021,0.923,0.753,1.5725,0.923,0.928,-80.6763,0.752,0.771,-9.2774,0.752,0.610,-2.1005,0.752,0.556,-20.6296,0.752,0.772,2.5085,0.771,0.902,-1.4458,0.902,0.827,2.7270,0.610,0.664,-1.2672,0.664,0.819,-3.5421,0.556,0.635,0.4624,0.635,0.826,4.6905,0.772,0.361,0.1703,0.361,0.863,-5.6081,0.753,0.905,-0.1087,0.928,0.933,1
-1.6448,0.941,0.762,-5.6696,0.941,0.753,1.7816,0.941,0.932,-94.0752,0.762,0.766,9223372036854775808.0000,0.000,0.000,-2.0694,0.762,0.568,-21.9958,0.762,0.772,2.4597,0.766,0.901,-1.4368,0.901,0.824,2.8933,0.604,0.641,-1.1636,0.641,0.765,-5.3030,0.568,0.630,0.4386,0.630,0.837,4.4241,0.772,0.368,0.1654,0.368,0.851,-5.5778,0.753,0.910,-0.1096,0.932,0.919,1
-1.6426,0.941,0.761,-5.6692,0.941,0.762,1.5763,0.941,0.929,-382.0310,0.761,0.770,10.7407,0.761,0.608,-2.0706,0.761,0.565,-20.5399,0.761,0.775,2.4610,0.770,0.895,-1.4362,0.895,0.843,2.5489,0.608,0.653,-1.0819,0.653,0.771,-5.4295,0.565,0.630,0.4387,0.630,0.838,4.3309,0.775,0.357,0.1084,0.357,0.840,-5.5792,0.762,0.904,-0.1198,0.929,0.904,1
-1.6421,0.949,0.755,-5.6677,0.949,0.765,1.5782,0.949,0.927,-3.5979,0.755,0.753,-497.1023,0.755,0.585,-2.1013,0.755,0.562,-21.8959,0.755,0.776,2.3926,0.753,0.891,-1.4386,0.891,0.819,2.7638,0.585,0.659,-1.1301,0.659,0.778,918.8827,0.562,0.629,0.4436,0.629,0.840,3.7535,0.776,0.353,0.0497,0.353,0.829,-5.5767,0.765,0.902,-0.1112,0.927,0.903,1
-1.5846,0.948,0.743,-5.6694,0.948,0.757,1.5782,0.948,0.927,-3221.2600,0.743,0.732,310.0775,0.743,0.564,-2.1384,0.743,0.559,-21.9445,0.743,0.778,2.3910,0.732,0.883,-1.4913,0.883,0.837,2.5759,0.564,0.677,-1.1647,0.677,0.787,-7.2384,0.559,0.631,0.4141,0.631,0.841,4.2465,0.778,0.347,0.0804,0.347,0.832,-5.5790,0.757,0.900,-0.1116,0.927,0.897,1
-1.6431,0.950,0.748,-5.7022,0.950,0.761,1.5774,0.950,0.929,-3.5186,0.748,0.744,-3.6886,0.748,0.578,-2.1016,0.748,0.556,-21.8946,0.748,0.778,2.4398,0.744,0.870,-1.4927,0.870,0.822,2.8017,0.578,0.686,-1.1624,0.686,0.780,-8.9452,0.556,0.639,0.3899,0.639,0.841,4.1522,0.778,0.349,0.0794,0.349,0.827,-5.6110,0.761,0.900,-0.1129,0.929,0.900,1
