22.6457,0.905,0.880,4.6204,0.905,0.773,0.5598,0.905,0.945,-0.0178,0.880,0.817,-0.0904,0.880,0.800,54.3474,0.880,0.661,-4.5153,0.880,0.774,-0.3228,0.817,0.846,-1.1238,0.846,0.874,0.4327,0.800,0.859,1.1575,0.859,0.879,0.0001,0.661,0.614,-7.8536,0.614,0.835,-1.4311,0.774,0.610,18.6446,0.610,0.846,5.5897,0.773,0.890,-0.4387,0.945,0.905,1
23.5610,0.913,0.897,4.6236,0.913,0.783,0.5590,0.913,0.946,-0.0176,0.897,0.815,-0.0898,0.897,0.797,56.0064,0.897,0.658,-4.4939,0.897,0.770,-0.3096,0.815,0.846,-1.1236,0.846,0.876,0.4187,0.797,0.876,1.1562,0.876,0.884,0.0003,0.658,0.615,-9.7277,0.615,0.853,-1.4468,0.770,0.598,9.5962,0.598,0.841,5.7906,0.783,0.886,-0.4370,0.946,0.909,1
-2247.3402,0.920,0.888,4.6065,0.920,0.774,0.5599,0.920,0.944,-0.0181,0.888,0.805,-0.0530,0.888,0.778,54.4464,0.888,0.659,-4.6471,0.888,0.771,-0.3231,0.805,0.866,-1.1250,0.866,0.897,0.3903,0.778,0.870,1.1572,0.870,0.890,0.0275,0.659,0.617,-12.7679,0.617,0.874,-1.4465,0.771,0.601,9.5175,0.601,0.845,5.7738,0.774,0.882,-0.4382,0.944,0.923,1
-7266.5000,0.925,0.897,4.5895,0.925,0.769,0.5579,0.925,0.920,-0.0181,0.897,0.802,-0.0347,0.897,0.801,29.2572,0.897,0.662,-4.6257,0.897,0.776,-0.3098,0.802,0.876,-1.1235,0.876,0.891,0.3850,0.801,0.868,1.2171,0.868,0.902,0.0280,0.662,0.613,-7.6932,0.613,0.857,-1.3982,0.776,0.611,5.3093,0.611,0.807,5.7741,0.769,0.868,-0.4397,0.920,0.901,1
-24.1670,0.910,0.893,4.7207,0.910,0.781,0.3575,0.910,0.898,-0.0181,0.893,0.789,-0.0183,0.893,0.825,29.6152,0.893,0.668,-4.6275,0.893,0.774,-0.3226,0.789,0.878,-1.1233,0.878,0.885,0.3758,0.825,0.843,1.2158,0.843,0.881,0.0275,0.668,0.618,-7.4003,0.618,0.849,-1.3763,0.774,0.626,4.5679,0.626,0.839,5.9463,0.781,0.831,-0.3761,0.898,0.879,1
-22.2613,0.868,0.862,4.6869,0.868,0.800,0.3553,0.868,0.904,-0.0513,0.862,0.761,-0.0348,0.862,0.825,28.7212,0.862,0.680,-4.6093,0.862,0.775,-0.2821,0.761,0.859,-1.0473,0.859,0.856,0.3939,0.825,0.836,1.2110,0.836,0.872,0.0003,0.680,0.630,-6.2073,0.630,0.814,-1.3752,0.775,0.632,4.0704,0.632,0.842,5.9000,0.800,0.831,-0.3153,0.904,0.862,1
-6250.2647,0.861,0.842,4.4138,0.861,0.791,0.4047,0.861,0.928,-0.0510,0.842,0.773,-0.0529,0.842,0.831,28.9535,0.842,0.675,-4.5872,0.842,0.777,-0.2748,0.773,0.810,-1.0696,0.810,0.828,0.4086,0.831,0.836,1.1831,0.836,0.837,-0.0000,0.675,0.630,-7.1555,0.630,0.826,-1.3511,0.777,0.631,4.1206,0.631,0.831,5.4795,0.791,0.859,-0.4390,0.928,0.886,1
23.0428,0.901,0.858,4.4703,0.901,0.776,0.5623,0.901,0.952,-0.0333,0.858,0.789,-0.0899,0.858,0.819,53.3028,0.858,0.681,-4.3799,0.858,0.781,-0.2957,0.789,0.807,-1.0194,0.807,0.851,0.4358,0.819,0.863,1.1837,0.863,0.835,-0.0270,0.681,0.635,-7.0180,0.635,0.823,-1.3404,0.781,0.640,4.0547,0.640,0.849,5.6257,0.776,0.886,-0.4367,0.952,0.896,1
6806.3750,0.920,0.887,4.4715,0.920,0.779,0.4952,0.920,0.931,-0.0171,0.887,0.794,-0.0360,0.887,0.781,53.8173,0.887,0.672,-4.5107,0.887,0.773,-0.3237,0.794,0.855,-1.0729,0.855,0.864,0.3805,0.781,0.882,1.1568,0.882,0.875,0.0001,0.672,0.633,-5.8180,0.633,0.788,-1.3318,0.773,0.647,3.9430,0.647,0.811,5.6155,0.779,0.883,-0.4951,0.931,0.918,1
-23.0871,0.893,0.885,4.5646,0.893,0.789,0.2870,0.893,0.895,-0.0012,0.885,0.813,-0.0175,0.885,0.817,28.4026,0.885,0.682,-4.4858,0.885,0.786,-0.3293,0.813,0.869,-1.0729,0.869,0.863,0.3804,0.817,0.842,1.2451,0.842,0.866,-0.0001,0.682,0.637,-4.7719,0.637,0.795,-1.2856,0.786,0.643,3.8186,0.643,0.795,5.5442,0.789,0.825,-0.2801,0.895,0.875,1
-22.0915,0.869,0.860,4.5308,0.869,0.802,0.3574,0.869,0.915,-0.0352,0.860,0.764,-0.0183,0.860,0.830,28.1418,0.860,0.710,-4.4646,0.860,0.789,-0.3175,0.764,0.821,-1.0939,0.821,0.814,0.3808,0.830,0.834,1.1285,0.834,0.825,-0.0002,0.710,0.662,-4.5685,0.662,0.777,-1.2754,0.789,0.679,3.2290,0.679,0.797,5.6882,0.802,0.844,-0.2496,0.915,0.861,1
22.4242,0.897,0.850,4.1978,0.897,0.795,0.5591,0.897,0.947,-0.0349,0.850,0.789,-0.0704,0.850,0.808,52.4327,0.850,0.704,-4.3862,0.850,0.781,-0.2888,0.789,0.806,-0.9729,0.806,0.829,0.4224,0.808,0.896,1.1279,0.896,0.839,-0.0005,0.704,0.662,-3.2636,0.662,0.697,-1.2886,0.781,0.679,2.9480,0.679,0.773,5.2510,0.795,0.879,-0.4385,0.947,0.908,1
-1295.8354,0.924,0.890,4.4440,0.924,0.796,0.4273,0.924,0.899,-0.0178,0.890,0.812,-0.0187,0.890,0.787,51.5443,0.890,0.682,-4.2036,0.890,0.787,-0.3162,0.812,0.847,-1.0228,0.847,0.849,0.3668,0.787,0.868,1.2158,0.868,0.875,-0.0005,0.682,0.639,-4.8213,0.639,0.748,-1.2650,0.787,0.657,2.5736,0.657,0.801,5.6180,0.796,0.859,-0.4165,0.899,0.926,1
631.6488,0.924,0.875,4.2002,0.924,0.811,0.4950,0.924,0.933,-0.0183,0.875,0.811,-0.0868,0.875,0.790,27.1750,0.875,0.693,-4.0571,0.875,0.813,-0.3156,0.811,0.823,-0.9986,0.823,0.840,0.4218,0.790,0.878,1.1020,0.878,0.850,-0.0007,0.693,0.665,-3.0306,0.665,0.759,-1.2108,0.813,0.673,2.2189,0.673,0.824,5.2829,0.811,0.878,-0.4363,0.933,0.897,1
402.0932,0.889,0.904,4.3018,0.889,0.824,0.2869,0.889,0.892,-0.0175,0.904,0.813,-0.0012,0.904,0.805,27.4193,0.904,0.737,-3.9212,0.904,0.833,-0.3374,0.813,0.876,-1.0223,0.876,0.831,0.4225,0.805,0.805,1.3295,0.805,0.858,-0.0006,0.737,0.687,-2.7776,0.687,0.728,-1.1786,0.833,0.715,2.0109,0.715,0.833,5.4274,0.824,0.828,-0.2809,0.892,0.879,1
947.7150,0.893,0.876,4.0970,0.893,0.834,0.4938,0.893,0.949,-0.0516,0.876,0.772,-0.0353,0.876,0.833,26.4260,0.876,0.735,-3.7511,0.876,0.819,-0.3174,0.772,0.806,-1.0167,0.806,0.802,0.4363,0.833,0.887,1.3036,0.887,0.813,-0.0007,0.735,0.684,-2.9128,0.684,0.728,-1.1580,0.819,0.729,2.0100,0.729,0.837,5.1584,0.834,0.881,-0.4845,0.949,0.852,1
884.8889,0.928,0.890,4.0456,0.928,0.812,0.5604,0.928,0.917,-0.0182,0.890,0.823,-0.0705,0.890,0.794,25.8476,0.890,0.722,-3.7902,0.890,0.823,-0.3510,0.823,0.862,-1.0027,0.862,0.871,0.4365,0.794,0.875,1.1285,0.875,0.857,-0.0007,0.722,0.674,-2.5187,0.674,0.745,-1.1677,0.823,0.709,1.9242,0.709,0.822,5.1159,0.812,0.873,-0.3753,0.917,0.903,1
412.8811,0.865,0.904,4.0117,0.865,0.835,0.4022,0.865,0.917,-0.0177,0.904,0.812,-0.0177,0.904,0.817,25.9155,0.904,0.702,-3.8619,0.904,0.821,-0.3518,0.812,0.818,-0.9800,0.818,0.815,0.4087,0.817,0.837,1.1794,0.837,0.837,-0.0295,0.702,0.671,-2.4195,0.671,0.852,-1.1588,0.821,0.698,1.9213,0.698,0.803,5.0129,0.835,0.847,-0.1881,0.917,0.884,1
341.1026,0.912,0.873,3.9433,0.912,0.844,0.5649,0.912,0.950,-0.0529,0.873,0.800,-0.0521,0.873,0.827,50.0362,0.873,0.721,-3.8032,0.873,0.822,-0.3518,0.800,0.856,-1.0479,0.856,0.840,0.4503,0.827,0.883,1.1552,0.883,0.831,-0.0013,0.721,0.692,-2.3382,0.692,0.849,-1.1381,0.822,0.692,1.8171,0.692,0.814,4.9734,0.844,0.887,-0.3140,0.950,0.856,1
768.5145,0.918,0.901,3.8952,0.918,0.829,0.4809,0.918,0.893,-0.0179,0.901,0.827,-0.0694,0.901,0.768,25.0117,0.901,0.737,-3.6068,0.901,0.797,-0.3523,0.827,0.849,-1.0051,0.849,0.864,0.4369,0.768,0.835,1.1864,0.835,0.856,-0.0008,0.737,0.707,-2.2536,0.707,0.774,-1.0963,0.797,0.720,1.7505,0.720,0.821,4.9100,0.829,0.859,-0.3746,0.893,0.916,1
427.6412,0.875,0.911,3.8783,0.875,0.840,0.4027,0.875,0.921,-0.0183,0.911,0.800,-0.0349,0.911,0.800,25.2996,0.911,0.755,-3.5813,0.911,0.819,-0.3938,0.800,0.823,-1.0484,0.823,0.797,0.4512,0.800,0.867,1.3339,0.867,0.817,-0.0285,0.755,0.707,-2.2543,0.707,0.740,-1.0860,0.819,0.724,1.6535,0.724,0.841,5.0277,0.840,0.865,-0.1871,0.921,0.886,1
635.6333,0.911,0.879,3.8991,0.911,0.842,0.4985,0.911,0.947,-0.0528,0.879,0.777,-0.0351,0.879,0.824,24.3279,0.879,0.757,-3.5519,0.879,0.812,-0.3805,0.777,0.863,-1.0497,0.863,0.851,0.4375,0.824,0.877,1.1598,0.877,0.824,-0.0007,0.757,0.698,-2.3320,0.698,0.728,-1.1053,0.812,0.726,1.5785,0.726,0.836,4.9567,0.842,0.892,-0.3470,0.947,0.821,1
415.2639,0.924,0.881,3.9028,0.924,0.853,0.4849,0.924,0.908,-0.0347,0.881,0.817,-0.0677,0.881,0.794,24.2874,0.881,0.742,-3.4896,0.881,0.816,-0.3802,0.817,0.810,-1.0738,0.810,0.833,0.4622,0.794,0.843,1.1319,0.843,0.842,-0.0294,0.742,0.685,-1.9781,0.685,0.796,-1.0945,0.816,0.721,1.4350,0.721,0.836,5.1482,0.853,0.873,-0.3142,0.908,0.883,1
225.6352,0.850,0.911,3.8427,0.850,0.847,0.3578,0.850,0.909,-0.0180,0.911,0.832,-0.0354,0.911,0.781,24.5377,0.911,0.729,-3.4556,0.911,0.809,-0.4220,0.832,0.847,-1.0742,0.847,0.815,0.4227,0.781,0.850,1.2110,0.850,0.838,-0.0297,0.729,0.693,-2.0080,0.693,0.828,-1.0446,0.809,0.708,1.4173,0.708,0.842,4.8615,0.847,0.842,-0.1430,0.909,0.876,1
283.2500,0.901,0.898,3.7382,0.901,0.834,0.5006,0.901,0.952,-0.0522,0.898,0.776,-0.0182,0.898,0.829,45.6741,0.898,0.744,-3.4359,0.898,0.823,-0.4082,0.776,0.854,-1.0494,0.854,0.851,0.4368,0.829,0.850,1.1569,0.850,0.812,-0.0010,0.744,0.701,-1.9733,0.701,0.811,-1.0628,0.823,0.702,1.4221,0.702,0.833,4.7582,0.834,0.883,-0.3491,0.952,0.838,1
376.5061,0.917,0.878,3.6375,0.917,0.842,0.5611,0.917,0.905,-0.0695,0.878,0.804,-0.0342,0.878,0.830,46.7385,0.878,0.752,-3.3965,0.878,0.816,-0.3810,0.804,0.827,-1.0049,0.827,0.834,0.4615,0.830,0.901,1.1542,0.901,0.859,-0.0307,0.752,0.709,-1.9703,0.709,0.840,-1.0416,0.816,0.704,1.3070,0.704,0.826,4.6184,0.842,0.880,-0.3723,0.905,0.884,1
494.3300,0.871,0.890,3.7042,0.871,0.836,0.3558,0.871,0.887,-0.0346,0.890,0.816,-0.0703,0.890,0.770,43.9675,0.890,0.776,-3.3250,0.890,0.823,-0.4088,0.816,0.817,-1.0485,0.817,0.805,0.4365,0.770,0.862,1.1008,0.862,0.858,-0.0007,0.776,0.714,-2.0049,0.714,0.821,-1.0311,0.823,0.708,1.2807,0.708,0.827,4.7100,0.836,0.824,-0.2108,0.887,0.911,1
210.2614,0.887,0.912,3.6163,0.887,0.829,0.5642,0.887,0.941,-0.0185,0.912,0.802,-0.0335,0.912,0.782,45.9673,0.912,0.781,-3.2818,0.912,0.815,-0.4122,0.802,0.845,-0.9639,0.845,0.858,0.4324,0.782,0.844,1.2082,0.844,0.802,-0.0010,0.781,0.706,-2.0589,0.706,0.824,-1.0100,0.815,0.732,1.2532,0.732,0.795,4.6062,0.829,0.876,-0.1872,0.941,0.848,1
18.0037,0.906,0.894,3.4799,0.906,0.833,0.5652,0.906,0.913,-0.0530,0.894,0.787,-0.0183,0.894,0.823,45.6275,0.894,0.770,-3.2631,0.894,0.818,-0.3944,0.787,0.842,-0.9819,0.842,0.857,0.4367,0.823,0.872,1.1799,0.872,0.817,-0.0294,0.770,0.694,-1.9503,0.694,0.826,-1.0099,0.818,0.720,1.2229,0.720,0.788,4.4186,0.833,0.872,-0.4171,0.913,0.873,1
19.3608,0.863,0.879,3.4640,0.863,0.834,0.4023,0.863,0.892,-0.0355,0.879,0.830,-0.0685,0.879,0.806,42.8730,0.879,0.752,-3.0901,0.879,0.830,-0.4214,0.830,0.820,-1.0483,0.820,0.798,0.4501,0.806,0.840,1.0753,0.840,0.852,-0.0007,0.752,0.693,-1.8666,0.693,0.838,-0.9710,0.830,0.707,1.2549,0.707,0.771,4.5410,0.834,0.825,-0.2091,0.892,0.890,1
9.4070,0.873,0.908,3.4092,0.873,0.830,0.5652,0.873,0.943,-0.0186,0.908,0.825,-0.0699,0.908,0.774,665.0690,0.908,0.751,-2.9641,0.908,0.836,-0.4286,0.825,0.848,-0.9701,0.848,0.830,0.4646,0.774,0.834,1.1266,0.834,0.839,-0.0314,0.751,0.697,-1.6938,0.697,0.833,-0.9706,0.836,0.714,1.2246,0.714,0.778,4.1607,0.830,0.870,-0.2090,0.943,0.831,1
9.5258,0.894,0.897,3.2930,0.894,0.818,0.5660,0.894,0.909,-0.0512,0.897,0.788,-0.0346,0.897,0.829,582.6736,0.897,0.769,-2.9671,0.897,0.799,-0.4082,0.788,0.852,-0.9639,0.852,0.884,0.4362,0.829,0.868,1.0790,0.868,0.823,-0.0010,0.769,0.722,-1.5374,0.722,0.815,-0.9251,0.799,0.715,1.1506,0.715,0.784,4.1891,0.818,0.876,-0.2821,0.909,0.824,1
249.7192,0.849,0.878,3.3397,0.849,0.835,0.4059,0.849,0.891,-0.0530,0.878,0.809,-0.0521,0.878,0.820,41.8773,0.878,0.772,-3.0041,0.878,0.780,-0.4392,0.809,0.829,-0.9939,0.829,0.831,0.4405,0.820,0.857,1.0323,0.857,0.852,-0.0004,0.772,0.733,-1.4107,0.733,0.806,-0.9041,0.780,0.719,1.1987,0.719,0.806,4.2445,0.835,0.832,-0.1300,0.891,0.901,1
17.0964,0.888,0.903,3.2835,0.888,0.836,0.5655,0.888,0.944,-0.0187,0.903,0.828,-0.0698,0.903,0.781,800.9449,0.903,0.769,-2.9469,0.903,0.778,-0.4391,0.828,0.862,-0.9859,0.862,0.854,0.4513,0.781,0.847,1.1040,0.847,0.851,-0.0003,0.769,0.747,-1.5032,0.747,0.813,-0.9205,0.778,0.726,1.1514,0.726,0.788,4.2165,0.836,0.873,-0.1922,0.944,0.842,1
17.4189,0.895,0.910,3.2830,0.895,0.831,0.4870,0.895,0.901,-0.0526,0.910,0.797,-0.0183,0.910,0.822,40.6795,0.910,0.782,-3.0468,0.910,0.782,-0.4259,0.797,0.828,-0.9868,0.828,0.885,0.4619,0.822,0.882,1.1261,0.882,0.805,0.0001,0.782,0.760,-1.3684,0.760,0.808,-0.9384,0.782,0.773,1.1508,0.773,0.819,4.1967,0.831,0.868,-0.3121,0.901,0.855,1
15.8939,0.869,0.872,3.1663,0.869,0.850,0.4848,0.869,0.923,-0.0724,0.872,0.801,-0.0350,0.872,0.819,39.9103,0.872,0.758,-2.8716,0.872,0.790,-0.4295,0.801,0.867,-1.0084,0.867,0.841,0.4762,0.819,0.846,1.1256,0.846,0.849,-0.0003,0.758,0.735,-1.3630,0.735,0.817,-0.8722,0.790,0.759,1.1505,0.759,0.816,4.0516,0.850,0.861,-0.1270,0.923,0.889,1
17.1368,0.919,0.896,3.1131,0.919,0.862,0.5640,0.919,0.934,-0.0198,0.896,0.804,-0.0697,0.896,0.795,38.3331,0.896,0.757,-2.7594,0.896,0.789,-0.4292,0.804,0.852,-0.9634,0.852,0.880,0.5186,0.795,0.874,1.3574,0.874,0.814,-0.0005,0.757,0.735,-1.4092,0.735,0.830,-0.8615,0.789,0.756,1.1978,0.756,0.798,4.1395,0.862,0.902,-0.3115,0.934,0.855,1
15.6911,0.881,0.887,3.0772,0.881,0.850,0.4812,0.881,0.889,-0.0540,0.887,0.771,-0.0174,0.887,0.822,40.7357,0.887,0.748,-2.8315,0.887,0.782,-0.4667,0.771,0.828,-1.0552,0.828,0.875,0.4908,0.822,0.867,1.1539,0.867,0.826,-0.0305,0.748,0.744,-1.1297,0.744,0.809,-0.8460,0.782,0.721,1.1000,0.721,0.809,4.0986,0.850,0.846,-0.2116,0.889,0.872,1
8.3064,0.914,0.834,2.9776,0.914,0.857,0.5678,0.914,0.918,-0.0537,0.834,0.795,-0.0530,0.834,0.792,1185.0617,0.834,0.761,-2.7581,0.834,0.760,-0.4425,0.795,0.872,-1.0129,0.872,0.823,0.5340,0.792,0.845,1.2913,0.845,0.832,-0.0012,0.761,0.774,-1.1283,0.774,0.775,-0.8399,0.760,0.740,1.1977,0.740,0.789,4.1467,0.857,0.907,-0.0755,0.918,0.837,1
8.5622,0.890,0.878,2.9426,0.890,0.832,0.4874,0.890,0.873,-0.0196,0.878,0.799,-0.0701,0.878,0.769,36.9269,0.878,0.765,-2.7934,0.878,0.767,-0.4584,0.799,0.803,-1.0085,0.803,0.879,0.5345,0.769,0.858,1.2035,0.858,0.790,-0.0291,0.765,0.744,-1.1542,0.744,0.757,-0.8445,0.767,0.777,1.1259,0.777,0.771,4.0807,0.832,0.875,-0.2104,0.873,0.823,1
13.5922,0.901,0.872,2.9376,0.901,0.844,0.5690,0.901,0.912,-0.0795,0.872,0.771,-0.0184,0.872,0.812,37.8962,0.872,0.757,-2.8929,0.872,0.788,-0.4263,0.771,0.835,-1.0360,0.835,0.856,0.5197,0.812,0.827,1.1792,0.827,0.843,-0.0011,0.757,0.742,-1.2669,0.742,0.808,-0.8619,0.788,0.768,1.1251,0.768,0.788,3.9572,0.844,0.912,-0.0634,0.912,0.864,1
15.6937,0.927,0.837,2.9069,0.927,0.844,0.5631,0.927,0.893,-0.0400,0.837,0.822,-0.0898,0.837,0.816,18.4347,0.837,0.741,-2.7735,0.837,0.788,-0.4136,0.822,0.864,-0.8897,0.864,0.856,0.5483,0.816,0.894,1.3312,0.894,0.790,-0.0006,0.741,0.747,-1.1931,0.747,0.780,-0.8044,0.788,0.752,1.0127,0.752,0.812,3.9406,0.844,0.913,-0.2523,0.893,0.838,1
5.4102,0.877,0.843,2.8522,0.877,0.851,0.4047,0.877,0.859,-0.0205,0.843,0.826,-0.0747,0.843,0.769,-36.0664,0.843,0.756,-2.5253,0.843,0.791,-0.4404,0.826,0.827,-0.9532,0.827,0.863,0.5208,0.769,0.902,1.1819,0.902,0.783,-0.0007,0.756,0.763,-1.2583,0.763,0.763,-0.7711,0.791,0.751,1.0034,0.751,0.815,3.8290,0.851,0.875,-0.1867,0.859,0.876,1
13.7053,0.911,0.866,2.7829,0.911,0.858,0.5654,0.911,0.897,-0.0991,0.866,0.786,-0.0191,0.866,0.811,18.3495,0.866,0.768,-2.7293,0.866,0.799,-0.4102,0.786,0.825,-0.9687,0.825,0.810,0.4790,0.811,0.845,1.0757,0.845,0.835,-0.0004,0.768,0.775,-1.2951,0.775,0.862,-0.7818,0.799,0.775,0.9550,0.775,0.795,3.7820,0.858,0.931,-0.1916,0.897,0.800,1
15.4022,0.923,0.822,2.7647,0.923,0.852,0.4855,0.923,0.864,-0.0598,0.822,0.805,-0.0722,0.822,0.839,17.3156,0.822,0.765,-2.6276,0.822,0.797,-0.4198,0.805,0.827,-0.9617,0.827,0.830,0.5081,0.839,0.818,1.1030,0.818,0.849,-0.0286,0.765,0.756,-1.3379,0.756,0.857,-0.7598,0.797,0.781,0.9295,0.781,0.806,3.7371,0.852,0.908,-0.3109,0.864,0.867,1
-8.2502,0.905,0.891,9.8055,0.905,0.814,0.5619,0.905,0.879,-0.0008,0.891,0.805,-0.0725,0.891,0.858,-32.6699,0.891,0.822,-4.5450,0.891,0.898,-2.7421,0.805,0.909,17.5605,0.909,0.869,4.0360,0.858,0.866,16.0145,0.866,0.845,-0.0001,0.822,0.757,-21.5729,0.757,0.870,-1.3989,0.898,0.747,11.3019,0.747,0.863,22.8045,0.814,0.898,-0.2110,0.879,0.927,1
-7.8615,0.843,0.949,10.7835,0.843,0.818,0.5642,0.843,0.939,-0.0280,0.949,0.840,-0.0256,0.949,0.847,-927.4501,0.949,0.856,-4.4834,0.949,0.886,-3.3785,0.840,0.860,16.3255,0.860,0.927,3.8159,0.847,0.877,2916.3328,0.877,0.886,-0.0004,0.856,0.787,-10.8504,0.787,0.882,-1.3796,0.886,0.785,10.8135,0.785,0.865,29.4096,0.818,0.970,-0.1412,0.939,0.872,1
-14.1411,0.931,0.904,9.2541,0.931,0.825,0.9182,0.931,0.867,-0.0554,0.904,0.797,-0.0261,0.904,0.852,-155217.7895,0.904,0.853,-4.3817,0.904,0.883,-4.0055,0.797,0.925,225.2037,0.925,0.898,4.1545,0.852,0.865,-15.4200,0.865,0.869,-0.0000,0.853,0.773,-7.2670,0.773,0.928,-1.3600,0.883,0.789,7.3666,0.789,0.898,28.4186,0.825,0.902,-0.2786,0.867,0.898,1
-14.5222,0.864,0.950,8.9878,0.864,0.834,0.7515,0.864,0.930,-0.0284,0.950,0.838,-0.0551,0.950,0.815,7096.1013,0.950,0.833,-4.4783,0.950,0.879,-4.1656,0.838,0.894,15.3685,0.894,0.945,3.8089,0.815,0.898,-4595.8658,0.898,0.921,-0.0002,0.833,0.757,-5.5010,0.757,0.914,-1.3882,0.879,0.777,5.4836,0.777,0.893,27.4067,0.834,0.958,-0.1434,0.930,0.861,1
-13.8581,0.929,0.934,7.9243,0.929,0.845,0.5617,0.929,0.870,-0.0299,0.934,0.821,-0.0276,0.934,0.860,48885.1754,0.934,0.808,-4.4057,0.934,0.869,-3.5752,0.821,0.953,8.5226,0.953,0.904,4.0295,0.860,0.847,17.6271,0.847,0.860,-0.0003,0.808,0.730,-6.7158,0.730,0.876,-1.3269,0.869,0.750,5.1936,0.750,0.857,20.0647,0.845,0.893,-0.1416,0.870,0.892,1
-13.5881,0.897,0.933,7.5358,0.897,0.839,0.8461,0.897,0.911,-0.0311,0.933,0.844,-0.0561,0.933,0.812,856.2551,0.933,0.850,-4.2082,0.933,0.873,-3.5603,0.844,0.896,5.2086,0.896,0.878,3.9224,0.812,0.906,789.8235,0.906,0.906,-0.0001,0.850,0.794,-3.1017,0.794,0.890,-1.2233,0.873,0.816,4.8949,0.816,0.822,19.5014,0.839,0.938,-0.2374,0.911,0.844,1
-13.5925,0.905,0.928,7.3539,0.905,0.835,0.5590,0.905,0.896,-0.0314,0.928,0.833,-0.0259,0.928,0.872,978.1436,0.928,0.846,-4.0968,0.928,0.862,-3.5619,0.833,0.954,3.3451,0.954,0.886,4.7586,0.872,0.864,17.3767,0.864,0.876,-0.0005,0.846,0.797,-3.0988,0.797,0.866,-1.2035,0.862,0.817,3.3777,0.817,0.806,18.5622,0.835,0.914,-0.0712,0.896,0.880,1
-170.7254,0.907,0.944,6.4871,0.907,0.854,1.1040,0.907,0.892,-0.0302,0.944,0.848,-0.0551,0.944,0.813,584.8767,0.944,0.843,-4.1426,0.944,0.869,-4.0237,0.848,0.887,2.2560,0.887,0.964,3.1809,0.813,0.887,-17.7402,0.887,0.874,-0.0014,0.843,0.783,-3.2777,0.783,0.839,-1.2695,0.869,0.787,2.5366,0.787,0.812,15.0647,0.854,0.921,-0.2410,0.892,0.846,1
-13.3602,0.891,0.932,6.9219,0.891,0.843,0.3872,0.891,0.918,-0.0321,0.932,0.828,-0.0261,0.932,0.861,537.8127,0.932,0.824,-4.1005,0.932,0.875,-3.5714,0.828,0.956,2.0886,0.956,0.912,3.7033,0.861,0.872,-2685.7377,0.872,0.915,-0.0012,0.824,0.792,-2.5755,0.792,0.826,-1.1464,0.875,0.776,2.3232,0.776,0.862,17.3654,0.843,0.927,-0.0728,0.918,0.910,1
-13.0121,0.910,0.930,7.2295,0.910,0.844,1.1128,0.910,0.894,-0.0314,0.930,0.855,-0.0273,0.930,0.813,895.6480,0.930,0.877,-4.1960,0.930,0.857,-3.5949,0.855,0.876,1.6986,0.876,0.925,3.7167,0.813,0.866,-15.5414,0.866,0.895,-0.0014,0.877,0.820,-2.5874,0.820,0.844,-1.2097,0.857,0.819,2.0651,0.819,0.886,22.3709,0.844,0.922,-0.2401,0.894,0.851,1
-12.5254,0.875,0.952,6.3962,0.875,0.840,0.5691,0.875,0.934,-0.0613,0.952,0.847,-0.0292,0.952,0.878,696.3744,0.952,0.871,-4.0188,0.952,0.825,-3.3988,0.847,0.886,1.7645,0.886,0.962,2.8965,0.878,0.876,1663.9370,0.876,0.866,-0.0020,0.871,0.820,-2.9845,0.820,0.832,-1.1049,0.825,0.812,2.1746,0.812,0.850,16.1863,0.840,0.944,-0.0793,0.934,0.901,1
-12.6710,0.937,0.924,6.0023,0.937,0.849,0.7619,0.937,0.880,-0.0319,0.924,0.865,-0.0876,0.924,0.806,930.6957,0.924,0.832,-3.7794,0.924,0.829,-4.1919,0.865,0.852,1.5515,0.852,0.880,2.8072,0.806,0.869,-641.4443,0.869,0.946,-0.1111,0.832,0.753,-2.8375,0.753,0.794,-1.1481,0.829,0.761,1.8826,0.761,0.807,15.5277,0.849,0.898,-0.1619,0.880,0.855,1
-11.0374,0.857,0.952,6.4972,0.857,0.847,1.3475,0.857,0.958,-0.0322,0.952,0.875,-0.0011,0.952,0.873,1317.7382,0.952,0.847,-3.7227,0.952,0.842,-3.4147,0.875,0.856,1.4999,0.856,0.842,3.5658,0.873,0.897,-13.8227,0.897,0.950,-0.0545,0.847,0.807,-2.8341,0.807,0.781,-1.0392,0.842,0.783,2.0908,0.783,0.807,20.1113,0.847,0.965,-0.0695,0.958,0.931,1
-11.1804,0.925,0.910,6.2032,0.925,0.856,0.8186,0.925,0.899,-0.0612,0.910,0.861,-0.0926,0.910,0.815,3714.4160,0.910,0.895,-3.5532,0.910,0.845,-4.4951,0.861,0.878,1.4932,0.878,0.857,2.4954,0.815,0.872,-14.9498,0.872,0.895,-0.0541,0.895,0.820,-2.8612,0.820,0.775,-1.1720,0.845,0.826,1.4095,0.826,0.816,19.1026,0.856,0.894,-0.1396,0.899,0.912,1
-5.3801,0.860,0.955,6.6111,0.860,0.849,0.9332,0.860,0.969,-0.0015,0.955,0.887,-0.0269,0.955,0.870,-424.1333,0.955,0.883,-3.4142,0.955,0.875,-3.9852,0.887,0.810,1.1761,0.810,0.831,3.5681,0.870,0.906,-13.0998,0.906,0.963,-0.0555,0.883,0.794,-3.5113,0.794,0.780,-1.1489,0.875,0.829,1.7547,0.829,0.784,18.5855,0.849,0.965,-0.0811,0.969,0.906,1
-10.8282,0.910,0.894,5.7108,0.910,0.848,0.5669,0.910,0.917,-0.0338,0.894,0.855,-0.0587,0.894,0.824,-478.7646,0.894,0.852,-3.2439,0.894,0.821,-4.8368,0.855,0.867,1.1242,0.867,0.844,2.9194,0.824,0.877,-12.7365,0.877,0.959,-0.1010,0.852,0.759,-5.4414,0.759,0.749,-1.1237,0.821,0.805,1.9304,0.805,0.788,17.3940,0.848,0.916,-0.0703,0.917,0.916,1
-4.9554,0.867,0.945,5.3807,0.867,0.838,1.1141,0.867,0.960,-0.0009,0.945,0.913,-0.0002,0.945,0.866,-164.0476,0.945,0.868,-3.0995,0.945,0.805,-17.7894,0.913,0.861,1.4380,0.861,0.883,4.3354,0.866,0.915,-11.0438,0.915,0.905,-0.0560,0.868,0.803,-2.3801,0.803,0.764,-1.0966,0.805,0.809,1.6871,0.809,0.768,13.0048,0.838,0.967,-0.0043,0.960,0.932,1
-5.0595,0.906,0.936,5.2536,0.906,0.799,0.7493,0.906,0.908,-0.0336,0.936,0.866,-0.0287,0.936,0.865,-16.6735,0.936,0.905,-2.6649,0.936,0.751,-19.1128,0.866,0.824,1.1938,0.824,0.903,2.9213,0.865,0.930,-12.7671,0.930,0.933,-0.0549,0.905,0.823,-5.4514,0.823,0.612,-1.0022,0.751,0.881,1.3167,0.881,0.706,12.4884,0.799,0.909,-0.2377,0.908,0.897,1
-5.4544,0.850,0.893,5.7560,0.850,0.811,0.5618,0.850,0.971,-0.0320,0.893,0.883,-0.0283,0.893,0.818,-203.3812,0.893,0.903,-2.6859,0.893,0.736,-16.9934,0.883,0.863,1.5355,0.863,0.838,3.9043,0.818,0.918,-329.3829,0.918,0.962,-0.0033,0.903,0.841,-4.4214,0.841,0.617,-1.0022,0.736,0.872,1.7627,0.872,0.792,15.9016,0.811,0.975,-0.0768,0.971,0.948,1
-9.3260,0.873,0.943,4.8754,0.873,0.792,1.1081,0.873,0.956,-0.0292,0.943,0.911,-0.0005,0.943,0.878,-14.9020,0.943,0.865,-2.3636,0.943,0.515,-16.9330,0.911,0.902,1.7634,0.902,0.863,5.5075,0.878,0.886,-298.9219,0.886,0.885,-0.0021,0.865,0.815,-3.3965,0.815,0.533,-0.8899,0.515,0.837,2.0537,0.837,0.792,11.7958,0.792,0.961,-0.1556,0.956,0.906,1
-9.7209,0.908,0.918,4.8702,0.908,0.813,0.7515,0.908,0.905,-0.0005,0.918,0.904,0.0001,0.918,0.875,-14.4055,0.918,0.838,-2.8061,0.918,0.383,-222.6378,0.904,0.896,2.0435,0.896,0.894,8.3523,0.875,0.927,-369.6933,0.927,0.906,-0.0607,0.838,0.785,-2.6531,0.785,0.514,-0.9102,0.383,0.811,1.8639,0.811,0.773,11.5170,0.813,0.913,-0.2386,0.905,0.891,1
-526.9754,0.884,0.902,9.1445,0.884,0.765,1.7887,0.884,0.841,0.0020,0.902,0.834,-0.0001,0.902,0.819,166.3368,0.902,0.674,-8.8306,0.902,0.835,-11.6025,0.834,0.855,-40.2782,0.855,0.825,10.8764,0.819,0.838,9.0603,0.838,0.918,0.0004,0.674,0.651,-6.1599,0.651,0.752,-3.6344,0.835,0.665,8.4511,0.665,0.764,10.7572,0.765,0.915,1.1787,0.841,0.805,1
-39.7803,0.882,0.886,9.2151,0.882,0.769,3.0573,0.882,0.866,0.0563,0.886,0.810,-0.0549,0.886,0.812,86.0284,0.886,0.680,-8.9631,0.886,0.834,-11.6024,0.810,0.865,-70.4523,0.865,0.846,10.8350,0.812,0.850,8.7333,0.850,0.908,-0.0005,0.680,0.661,-6.0362,0.661,0.806,-3.6337,0.834,0.666,8.0686,0.666,0.793,10.9575,0.769,0.933,1.1866,0.866,0.801,1
-562.1641,0.916,0.891,9.1793,0.916,0.774,3.0754,0.916,0.903,0.0553,0.891,0.806,-0.0001,0.891,0.803,164.4338,0.891,0.676,-8.7180,0.891,0.843,-11.3688,0.806,0.892,-1129.7384,0.892,0.889,10.1536,0.803,0.867,9.1872,0.867,0.846,-0.0001,0.676,0.656,-5.5694,0.656,0.769,-3.6076,0.843,0.674,7.9439,0.674,0.800,10.9535,0.774,0.952,0.9884,0.903,0.758,1
-709.1728,0.938,0.916,8.9692,0.938,0.773,3.0772,0.938,0.892,-0.0001,0.916,0.836,0.0004,0.916,0.828,160.7529,0.916,0.663,-8.6450,0.916,0.844,-10.9602,0.836,0.891,-1949.5036,0.891,0.900,9.4856,0.828,0.894,11.6144,0.894,0.826,0.0965,0.663,0.644,-5.4222,0.644,0.757,-3.5354,0.844,0.673,8.1811,0.673,0.794,10.6736,0.773,0.943,0.5213,0.892,0.780,1
-1005.1030,0.931,0.929,8.9338,0.931,0.771,3.0794,0.931,0.853,0.0015,0.929,0.834,0.0007,0.929,0.837,164.4159,0.929,0.685,-8.6056,0.929,0.848,-10.6933,0.834,0.891,35.8688,0.891,0.852,10.3326,0.837,0.898,34.7556,0.898,0.833,0.0003,0.685,0.658,-4.9948,0.658,0.734,-3.4607,0.848,0.672,7.6226,0.672,0.838,10.5932,0.771,0.898,0.5157,0.853,0.806,1
-41.8940,0.888,0.896,8.8683,0.888,0.774,2.2139,0.888,0.833,0.0558,0.896,0.826,-0.0003,0.896,0.810,168.8719,0.896,0.726,-8.7020,0.896,0.853,-10.9300,0.826,0.863,22.0282,0.863,0.829,8.2154,0.810,0.900,22526.5750,0.900,0.865,-0.0005,0.726,0.684,-4.4752,0.684,0.771,-3.5073,0.853,0.686,6.6334,0.686,0.832,10.4385,0.774,0.912,0.9755,0.833,0.828,1
-42.5340,0.882,0.901,8.7289,0.882,0.770,4.0678,0.882,0.896,0.0016,0.901,0.806,0.0010,0.901,0.809,164.7958,0.901,0.709,-8.5490,0.901,0.855,-10.4676,0.806,0.860,8.4211,0.860,0.865,7.9821,0.809,0.827,-24.9188,0.827,0.856,0.0949,0.709,0.675,-4.2729,0.675,0.770,-3.4811,0.855,0.678,6.5344,0.678,0.821,10.3919,0.770,0.948,0.9825,0.896,0.795,1
-777.2535,0.927,0.917,8.6915,0.927,0.769,3.0866,0.927,0.879,0.0517,0.917,0.824,0.0014,0.917,0.841,164.3875,0.917,0.715,-8.3095,0.917,0.854,-10.6258,0.824,0.905,5.7753,0.905,0.856,8.5059,0.841,0.857,-4.1168,0.857,0.858,-0.0004,0.715,0.695,-4.0191,0.695,0.774,-3.4032,0.854,0.679,6.0504,0.679,0.814,10.3497,0.769,0.938,0.2606,0.879,0.826,1
-45.5726,0.877,0.880,8.7929,0.877,0.770,3.5019,0.877,0.838,0.0578,0.880,0.805,0.0567,0.880,0.791,169.6514,0.880,0.767,-8.3584,0.880,0.855,-9.6852,0.805,0.849,2.8820,0.849,0.798,8.2253,0.791,0.838,-1.6740,0.838,0.798,0.0000,0.767,0.714,-4.0916,0.714,0.774,-3.3262,0.855,0.707,5.7831,0.707,0.802,10.3895,0.770,0.910,0.5360,0.838,0.811,1
-21.8995,0.891,0.911,8.7516,0.891,0.780,4.6497,0.891,0.915,0.0005,0.911,0.809,0.0009,0.911,0.827,166.2327,0.911,0.746,-8.2092,0.911,0.851,-8.5821,0.809,0.899,1.9203,0.899,0.791,7.9114,0.827,0.851,-0.9855,0.851,0.759,-0.0006,0.746,0.703,-4.2233,0.703,0.774,-3.3001,0.851,0.707,6.1595,0.707,0.795,10.2716,0.780,0.951,0.4008,0.915,0.780,1
-523.3791,0.891,0.888,8.5453,0.891,0.777,3.5133,0.891,0.838,0.0553,0.888,0.806,0.0007,0.888,0.807,4595.8152,0.888,0.731,-7.9416,0.888,0.853,-9.0900,0.806,0.848,0.8887,0.848,0.812,9.2270,0.807,0.851,-0.1679,0.851,0.811,-0.0009,0.731,0.680,-3.9786,0.680,0.797,-3.1989,0.853,0.683,5.8811,0.683,0.784,10.0981,0.777,0.893,0.3973,0.838,0.819,1
-43.7949,0.875,0.910,8.5285,0.875,0.749,4.0916,0.875,0.917,0.0006,0.910,0.801,0.0019,0.910,0.838,-17823.6111,0.910,0.760,-7.7528,0.910,0.853,-9.0617,0.801,0.872,-0.0010,0.872,0.832,9.6071,0.838,0.888,0.0017,0.888,0.844,-0.0898,0.760,0.710,-3.8629,0.710,0.806,-3.1938,0.853,0.691,5.4175,0.691,0.794,10.0143,0.749,0.957,0.3984,0.917,0.792,1
-43.4047,0.880,0.891,8.4192,0.880,0.757,2.6841,0.880,0.840,0.0550,0.891,0.803,0.0012,0.891,0.810,5868.6601,0.891,0.781,-7.6434,0.891,0.849,-9.5896,0.803,0.920,-0.5323,0.920,0.857,10.4004,0.810,0.898,0.5615,0.898,0.843,-0.0026,0.781,0.726,-3.7956,0.726,0.798,-3.1658,0.849,0.710,5.4120,0.710,0.787,9.7704,0.757,0.896,0.5826,0.840,0.802,1
-43.2416,0.899,0.907,8.2026,0.899,0.759,3.1080,0.899,0.891,0.0001,0.907,0.799,0.0021,0.907,0.843,9186.6707,0.907,0.725,-7.4532,0.907,0.847,-9.2329,0.799,0.868,-0.7644,0.868,0.835,10.0555,0.843,0.876,0.6965,0.876,0.831,-0.0015,0.725,0.685,-3.6118,0.685,0.796,-3.0433,0.847,0.689,4.9362,0.689,0.786,9.6400,0.759,0.952,0.5077,0.891,0.825,1
-41.0572,0.853,0.890,8.0961,0.853,0.756,2.3682,0.853,0.868,0.0562,0.890,0.803,0.0566,0.890,0.804,19017.8498,0.890,0.770,-7.3464,0.890,0.849,-9.5517,0.803,0.904,-0.8910,0.904,0.828,11.4335,0.804,0.908,0.9615,0.908,0.847,-0.0031,0.770,0.707,-3.4992,0.707,0.778,-3.0283,0.849,0.690,4.3325,0.690,0.755,9.3993,0.756,0.911,0.8791,0.868,0.798,1
-42.5775,0.897,0.916,7.9126,0.897,0.752,2.6892,0.897,0.872,0.0009,0.916,0.809,0.0541,0.916,0.848,-9997.6681,0.916,0.772,-7.1569,0.916,0.843,-9.0142,0.809,0.858,-0.8521,0.858,0.891,11.1159,0.848,0.871,0.8908,0.871,0.863,-0.0028,0.772,0.704,-3.5545,0.704,0.778,-2.9580,0.843,0.700,4.3288,0.700,0.772,9.2688,0.752,0.919,0.4423,0.872,0.795,1
-40.4080,0.846,0.878,7.6981,0.846,0.750,3.5149,0.846,0.896,0.0578,0.878,0.785,0.0001,0.878,0.807,20348.8578,0.878,0.726,-6.9746,0.878,0.842,-8.4119,0.785,0.900,-1.0695,0.900,0.895,12.9859,0.807,0.894,1.1868,0.894,0.846,-0.1757,0.726,0.688,-3.2018,0.688,0.778,-2.8126,0.842,0.684,4.0957,0.684,0.778,9.0258,0.750,0.933,0.8866,0.896,0.751,1
-42.8042,0.898,0.925,7.5874,0.898,0.763,3.1059,0.898,0.864,0.0011,0.925,0.817,0.0021,0.925,0.856,20314.9387,0.925,0.771,-6.8245,0.925,0.843,-8.8530,0.817,0.848,-1.1823,0.848,0.873,18.2165,0.856,0.808,1.4105,0.808,0.852,-0.0030,0.771,0.715,-3.0402,0.715,0.782,-2.7093,0.843,0.713,3.6324,0.713,0.789,8.8995,0.763,0.902,0.4464,0.864,0.791,1
-40.7747,0.875,0.886,7.3984,0.875,0.746,3.1150,0.875,0.903,0.0568,0.886,0.782,0.0009,0.886,0.810,3961.2192,0.886,0.755,-6.6427,0.886,0.845,-9.0605,0.782,0.908,-1.2094,0.908,0.874,22.6332,0.810,0.865,1.7023,0.865,0.795,-0.0925,0.755,0.689,-2.9256,0.689,0.785,-2.6839,0.845,0.710,3.4868,0.710,0.790,8.7245,0.746,0.948,0.7117,0.903,0.752,1
-43.4482,0.892,0.927,7.3265,0.892,0.754,2.6761,0.892,0.834,0.0017,0.927,0.816,0.0021,0.927,0.847,15422.5771,0.927,0.731,-6.5269,0.927,0.846,-9.0560,0.816,0.848,-1.3184,0.848,0.819,46.3433,0.847,0.836,1.8559,0.836,0.822,-0.0880,0.731,0.693,-2.8413,0.693,0.796,-2.5192,0.846,0.692,3.4159,0.692,0.805,8.5221,0.754,0.893,0.4070,0.834,0.760,1
-40.4283,0.874,0.890,7.1117,0.874,0.749,3.1078,0.874,0.905,0.0580,0.890,0.780,0.0553,0.890,0.812,2799.2443,0.890,0.775,-6.3458,0.890,0.843,-9.1022,0.780,0.913,-1.5135,0.913,0.781,42.9145,0.812,0.886,1.9387,0.886,0.847,-0.0907,0.775,0.727,-2.5050,0.727,0.787,-2.5030,0.843,0.718,3.2161,0.718,0.820,8.3942,0.749,0.939,0.7950,0.905,0.752,1
-604.1942,0.897,0.933,6.9035,0.897,0.750,2.2368,0.897,0.830,0.0005,0.933,0.831,-0.0002,0.933,0.854,3834.8069,0.933,0.758,-6.2346,0.933,0.842,-9.8376,0.831,0.851,-1.2706,0.851,0.812,44.7211,0.854,0.826,2.0289,0.826,0.787,-0.0041,0.758,0.703,-2.4998,0.703,0.797,-2.4771,0.842,0.719,3.1434,0.719,0.808,8.1890,0.750,0.892,0.5937,0.830,0.766,1
-546.0513,0.890,0.889,6.7252,0.890,0.747,4.0676,0.890,0.902,0.0546,0.889,0.781,-0.0006,0.889,0.795,1997.9447,0.889,0.731,-6.0509,0.889,0.845,-10.0656,0.781,0.913,-1.5207,0.913,0.788,22.3150,0.795,0.875,1.7846,0.875,0.830,-0.1857,0.731,0.703,-2.2766,0.703,0.811,-2.4258,0.845,0.694,3.0064,0.694,0.816,8.0973,0.747,0.940,0.5987,0.902,0.747,1
-750.8655,0.915,0.931,6.6514,0.915,0.745,2.6542,0.915,0.838,-0.0001,0.931,0.822,0.0003,0.931,0.852,3178.3208,0.931,0.778,-5.9737,0.931,0.840,-9.8476,0.822,0.849,-1.5833,0.849,0.744,29.4474,0.852,0.831,2.0194,0.831,0.838,-0.0056,0.778,0.739,-2.2197,0.739,0.817,-2.3821,0.840,0.695,2.6995,0.695,0.811,7.9347,0.745,0.889,0.5898,0.838,0.768,1
-39.9112,0.884,0.883,6.4388,0.884,0.752,2.6732,0.884,0.890,0.0566,0.883,0.798,0.0557,0.883,0.796,128.8994,0.883,0.790,-5.9770,0.883,0.838,-10.4466,0.798,0.901,-1.5804,0.901,0.798,29.9716,0.796,0.879,2.2363,0.879,0.780,-0.0042,0.790,0.731,-2.1636,0.731,0.830,-2.3890,0.838,0.727,2.4765,0.727,0.810,7.7271,0.752,0.937,0.9794,0.890,0.753,1
-42.0963,0.912,0.922,6.3676,0.912,0.744,3.0683,0.912,0.849,-0.0002,0.922,0.811,0.0007,0.922,0.843,123.7852,0.922,0.761,-5.7907,0.922,0.848,-9.6258,0.811,0.872,-1.6420,0.872,0.775,22.1376,0.843,0.829,2.0145,0.829,0.803,-0.0981,0.761,0.706,-1.9406,0.706,0.829,-2.3114,0.848,0.716,2.2911,0.716,0.803,7.6435,0.744,0.895,0.4502,0.849,0.764,1
-40.6833,0.869,0.900,6.1791,0.869,0.742,2.3294,0.869,0.858,0.0020,0.900,0.811,0.0565,0.900,0.808,126.6596,0.900,0.789,-5.7137,0.900,0.848,-9.9696,0.811,0.820,-1.5622,0.820,0.797,30.6983,0.808,0.859,2.4247,0.859,0.844,-0.0035,0.789,0.735,-1.7772,0.735,0.826,-2.2319,0.848,0.707,2.0939,0.707,0.808,7.3153,0.742,0.910,0.7153,0.858,0.755,1
-1138.3049,0.920,0.914,6.0806,0.920,0.751,2.4839,0.920,0.874,0.0524,0.914,0.787,0.0015,0.914,0.835,3722.0848,0.914,0.819,-5.3838,0.914,0.848,-8.6633,0.787,0.858,-1.5860,0.858,0.780,29.1324,0.835,0.875,2.3234,0.875,0.782,-0.0025,0.819,0.748,-1.7204,0.748,0.837,-2.1524,0.848,0.758,1.9032,0.758,0.803,7.3505,0.751,0.909,0.4502,0.874,0.753,1
-573.7389,0.883,0.924,6.0466,0.883,0.749,1.7869,0.883,0.829,0.0012,0.924,0.827,0.0562,0.924,0.834,3807.6466,0.924,0.788,-5.3434,0.924,0.850,-7.0991,0.827,0.834,-1.4733,0.834,0.813,31.1778,0.834,0.845,2.7553,0.845,0.800,-0.0949,0.788,0.721,-1.5643,0.721,0.841,-2.1576,0.850,0.758,1.6555,0.758,0.799,7.1492,0.749,0.908,0.9777,0.829,0.776,1
-588.5089,0.901,0.882,5.8376,0.901,0.756,4.0440,0.901,0.902,0.1160,0.882,0.793,0.1166,0.882,0.812,5275.6536,0.882,0.802,-5.1960,0.882,0.848,-6.3608,0.793,0.788,-1.5560,0.788,0.783,43.3945,0.812,0.909,2.7009,0.909,0.854,-0.0013,0.802,0.735,-1.3327,0.735,0.823,-2.0532,0.848,0.735,1.3053,0.735,0.795,7.0674,0.756,0.945,0.3637,0.902,0.748,1
-10.7659,0.859,0.904,23.0844,0.859,0.698,1.5565,0.859,0.895,0.0964,0.904,0.743,0.0905,0.904,0.795,-57.1026,0.904,0.691,-10.5771,0.904,0.760,-3.7461,0.743,0.816,1.8842,0.816,0.779,8.8825,0.795,0.857,-1.7784,0.857,0.834,0.0035,0.691,0.710,-13.7989,0.710,0.814,-4.5503,0.760,0.678,8.9226,0.678,0.811,34.6284,0.698,0.879,-0.7657,0.895,0.854,1
-11.0156,0.859,0.899,23.0645,0.859,0.704,1.5564,0.859,0.890,0.1394,0.899,0.743,0.0923,0.899,0.789,-57.1381,0.899,0.685,-10.4944,0.899,0.763,-3.5554,0.743,0.844,1.6744,0.844,0.721,8.6955,0.789,0.862,-1.7799,0.862,0.820,0.0802,0.685,0.700,-13.7909,0.700,0.795,-4.4893,0.763,0.667,8.9196,0.667,0.811,34.6025,0.704,0.882,-0.8229,0.890,0.849,1
-10.7270,0.881,0.865,22.8367,0.881,0.701,1.5708,0.881,0.915,0.0983,0.865,0.769,0.1825,0.865,0.791,-43.4031,0.865,0.666,-10.4514,0.865,0.771,-3.6608,0.769,0.843,1.7790,0.843,0.700,9.2478,0.791,0.863,-1.7283,0.863,0.784,0.1691,0.666,0.695,-12.4372,0.695,0.792,-4.4267,0.771,0.676,7.8644,0.676,0.842,34.3310,0.701,0.871,-0.8888,0.915,0.922,1
-10.4936,0.886,0.895,23.4167,0.886,0.703,1.5609,0.886,0.930,0.0961,0.895,0.736,0.0902,0.895,0.792,-33.4281,0.895,0.683,-10.2685,0.895,0.759,-3.6541,0.736,0.833,1.6649,0.833,0.719,8.6857,0.792,0.827,-1.7225,0.827,0.799,0.1792,0.683,0.698,-10.9895,0.698,0.787,-4.3982,0.759,0.709,7.7046,0.709,0.845,36.0411,0.703,0.901,-0.8219,0.930,0.851,1
-10.1738,0.870,0.862,22.9269,0.870,0.695,1.5638,0.870,0.900,0.2308,0.862,0.758,0.0911,0.862,0.797,-40.5313,0.862,0.721,-10.0589,0.862,0.760,-3.8552,0.758,0.857,1.7763,0.857,0.751,8.1023,0.797,0.858,-1.6054,0.858,0.776,0.0048,0.721,0.740,-8.8774,0.740,0.768,-4.3651,0.760,0.717,7.0190,0.717,0.843,35.3145,0.695,0.872,-0.4534,0.900,0.848,1
-9.6282,0.860,0.878,22.6185,0.860,0.708,1.5601,0.860,0.888,0.0921,0.878,0.766,0.1367,0.878,0.774,-33.6616,0.878,0.722,-9.8409,0.878,0.756,-3.5553,0.766,0.814,1.6080,0.814,0.830,9.4800,0.774,0.853,-1.7200,0.853,0.837,0.0889,0.722,0.732,-8.0571,0.732,0.786,-4.1461,0.756,0.730,6.5496,0.730,0.809,37.3438,0.708,0.872,-0.5443,0.888,0.893,1
-9.5812,0.875,0.890,20.8991,0.875,0.713,1.7622,0.875,0.874,0.0962,0.890,0.738,0.0912,0.890,0.783,-52.4289,0.890,0.711,-9.5802,0.890,0.744,-3.1870,0.738,0.843,1.6166,0.843,0.772,8.3323,0.783,0.805,-1.6061,0.805,0.775,0.0808,0.711,0.741,-7.9045,0.741,0.775,-4.0520,0.744,0.709,6.0662,0.709,0.786,33.6227,0.713,0.895,-0.6823,0.874,0.880,1
-8.8532,0.866,0.898,19.1479,0.866,0.735,2.2588,0.866,0.874,0.1447,0.898,0.723,0.0467,0.898,0.806,-39.1650,0.898,0.734,-9.1847,0.898,0.754,-3.2726,0.723,0.859,1.7212,0.859,0.694,9.1147,0.806,0.815,-1.4367,0.815,0.800,0.0848,0.734,0.744,-6.6540,0.744,0.809,-3.8343,0.754,0.739,5.1520,0.739,0.811,30.2688,0.735,0.893,-0.5911,0.874,0.865,1
-8.6124,0.862,0.876,20.1826,0.862,0.710,2.2603,0.862,0.873,0.2512,0.876,0.738,0.0040,0.876,0.818,-36.6793,0.876,0.704,-8.8425,0.876,0.744,-3.1340,0.738,0.841,1.7176,0.841,0.792,8.1062,0.818,0.821,-1.4356,0.821,0.838,0.0854,0.704,0.744,-6.7133,0.744,0.800,-3.7108,0.744,0.715,4.6227,0.715,0.832,33.7456,0.710,0.882,-0.4848,0.873,0.865,1
-6.9559,0.872,0.830,19.3993,0.872,0.708,1.7839,0.872,0.884,0.2587,0.830,0.749,0.0919,0.830,0.797,-47.3727,0.830,0.726,-8.7436,0.830,0.719,-3.0731,0.749,0.826,1.7188,0.826,0.802,7.9052,0.797,0.815,-1.4857,0.815,0.835,0.0828,0.726,0.736,-5.7011,0.736,0.783,-3.7084,0.719,0.723,3.9673,0.723,0.824,30.1528,0.708,0.895,-0.1693,0.884,0.857,1
-6.9285,0.877,0.834,19.8326,0.877,0.704,1.7876,0.877,0.876,0.2089,0.834,0.736,0.0914,0.834,0.790,-26.7790,0.834,0.712,-8.3961,0.834,0.692,-2.5532,0.736,0.802,1.5048,0.802,0.821,6.3878,0.790,0.778,-1.4903,0.778,0.880,0.1754,0.712,0.737,-5.7047,0.737,0.822,-3.6180,0.692,0.685,3.7979,0.685,0.815,31.6750,0.704,0.910,-0.1575,0.876,0.842,1
-5.3747,0.870,0.850,20.0170,0.870,0.716,1.5946,0.870,0.885,0.1020,0.850,0.743,0.1829,0.850,0.758,-34.2642,0.850,0.719,-8.2263,0.850,0.642,-2.1893,0.743,0.818,1.7759,0.818,0.771,7.7934,0.758,0.782,-1.2783,0.782,0.802,0.0859,0.719,0.723,-4.7574,0.723,0.825,-3.4925,0.642,0.710,3.5571,0.710,0.807,32.8149,0.716,0.938,-0.0067,0.885,0.843,1
-6.3246,0.892,0.870,17.4756,0.892,0.721,1.7801,0.892,0.910,0.0526,0.870,0.772,0.1850,0.870,0.767,-35.1729,0.870,0.720,-7.7848,0.870,0.638,-2.2744,0.772,0.814,1.5874,0.814,0.792,7.9690,0.767,0.812,-1.3764,0.812,0.802,0.1620,0.720,0.702,-4.1508,0.702,0.826,-3.1863,0.638,0.710,3.1406,0.710,0.787,29.2582,0.721,0.935,0.0045,0.910,0.855,1
-5.3505,0.891,0.867,17.5426,0.891,0.724,1.7804,0.891,0.886,0.0529,0.867,0.735,0.0484,0.867,0.773,-21.6728,0.867,0.705,-7.2412,0.867,0.637,-1.6064,0.735,0.801,1.8523,0.801,0.739,7.3085,0.773,0.743,-1.1038,0.743,0.795,0.0915,0.705,0.718,-3.6807,0.718,0.809,-3.0987,0.637,0.684,2.7130,0.684,0.807,28.1148,0.724,0.932,0.1623,0.886,0.856,1
-5.8396,0.881,0.854,17.7839,0.881,0.728,2.0192,0.881,0.872,0.0490,0.854,0.724,0.0452,0.854,0.800,-18.3399,0.854,0.724,-6.9462,0.854,0.719,-1.6505,0.724,0.828,1.7078,0.828,0.844,7.3186,0.800,0.797,-1.0699,0.797,0.784,0.0935,0.724,0.695,-3.0936,0.695,0.820,-2.9626,0.719,0.714,2.3248,0.714,0.813,29.3630,0.728,0.905,0.1555,0.872,0.862,1
-4.8806,0.891,0.842,15.2633,0.891,0.738,2.0188,0.891,0.877,0.0977,0.842,0.709,0.0456,0.842,0.777,-30.8609,0.842,0.709,-6.7047,0.842,0.660,-1.5978,0.709,0.808,1.6395,0.808,0.717,6.8913,0.777,0.778,-1.0554,0.778,0.775,0.1609,0.709,0.704,-2.8357,0.704,0.779,-2.8031,0.660,0.690,2.1181,0.690,0.787,23.9629,0.738,0.910,0.3041,0.877,0.857,1
-4.2966,0.887,0.843,14.5829,0.887,0.726,2.0263,0.887,0.895,0.0027,0.843,0.740,0.0915,0.843,0.758,-31.2884,0.843,0.710,-6.5789,0.843,0.652,-1.7827,0.740,0.772,1.5058,0.772,0.764,5.7574,0.758,0.798,-0.9529,0.798,0.837,0.1614,0.710,0.691,-2.6081,0.691,0.783,-2.6814,0.652,0.696,1.7023,0.696,0.803,24.6419,0.726,0.894,0.9642,0.895,0.818,1
-3.3370,0.894,0.870,14.6843,0.894,0.721,1.7760,0.894,0.896,0.0526,0.870,0.744,0.0468,0.870,0.782,-29.8726,0.870,0.694,-6.4765,0.870,0.725,-1.8479,0.744,0.815,1.4672,0.815,0.826,6.8597,0.782,0.795,-1.0534,0.795,0.819,0.1610,0.694,0.696,-1.8979,0.696,0.817,-2.6051,0.725,0.657,1.3545,0.657,0.785,23.7271,0.721,0.908,0.8110,0.896,0.827,1
-2.3663,0.890,0.846,15.6336,0.890,0.719,2.0127,0.890,0.882,0.0987,0.846,0.723,0.0461,0.846,0.759,-57.4734,0.846,0.716,-6.4170,0.846,0.709,-1.9300,0.723,0.766,1.2721,0.766,0.844,5.7460,0.759,0.776,-0.8374,0.776,0.840,0.1640,0.716,0.651,-1.2628,0.651,0.792,-2.4845,0.709,0.690,1.2146,0.690,0.822,26.9263,0.719,0.902,1.0388,0.882,0.847,1
-1.7788,0.906,0.911,14.0406,0.906,0.719,1.5742,0.906,0.904,0.0025,0.911,0.744,0.0014,0.911,0.784,-60.8349,0.911,0.678,-6.2416,0.911,0.681,-1.5837,0.744,0.816,1.5036,0.816,0.799,5.7585,0.784,0.753,-0.7122,0.753,0.775,0.1703,0.678,0.599,-0.3125,0.599,0.799,-2.3084,0.681,0.639,0.5635,0.639,0.789,23.3266,0.719,0.908,1.4501,0.904,0.878,1
-1.3794,0.888,0.857,13.3049,0.888,0.723,1.5635,0.888,0.912,0.1417,0.857,0.710,0.0010,0.857,0.787,-57.5046,0.857,0.688,-5.9810,0.857,0.710,-1.5741,0.710,0.787,1.2512,0.787,0.840,5.5517,0.787,0.805,-0.9164,0.805,0.800,0.0055,0.688,0.621,-0.0009,0.621,0.821,-2.2155,0.710,0.662,0.3230,0.662,0.784,22.2527,0.723,0.896,1.6279,0.912,0.822,1
-0.6704,0.841,0.880,12.1102,0.841,0.724,1.5636,0.841,0.865,0.0500,0.880,0.731,0.0464,0.880,0.803,-38.8615,0.880,0.682,-5.7572,0.880,0.683,-1.5131,0.731,0.784,1.3827,0.784,0.816,4.5793,0.803,0.803,-0.7699,0.803,0.804,0.0888,0.682,0.639,0.0957,0.639,0.836,-2.2212,0.683,0.655,0.2218,0.655,0.823,19.7200,0.724,0.901,1.9139,0.865,0.824,1
-0.8857,0.932,0.829,11.2729,0.932,0.711,1.7788,0.932,0.912,0.1461,0.829,0.707,0.0458,0.829,0.784,-57.5297,0.829,0.682,-5.6770,0.829,0.726,-1.3961,0.707,0.807,1.1818,0.807,0.874,4.6505,0.784,0.766,-0.6888,0.766,0.809,0.0031,0.682,0.628,0.6162,0.628,0.820,-2.0317,0.726,0.655,-0.0777,0.655,0.828,17.9461,0.711,0.916,1.4856,0.912,0.810,1
-0.4302,0.866,0.835,10.8724,0.866,0.704,1.7765,0.866,0.877,0.0957,0.835,0.704,0.0022,0.835,0.805,-39.3344,0.835,0.662,-5.5496,0.835,0.728,-1.2068,0.704,0.814,1.1375,0.814,0.872,5.0988,0.805,0.804,-0.8293,0.804,0.819,0.0022,0.662,0.631,0.8455,0.631,0.830,-1.9377,0.728,0.640,-0.2864,0.640,0.820,18.5854,0.704,0.896,1.9111,0.877,0.821,1
0.0035,0.917,0.816,10.6110,0.917,0.714,1.7737,0.917,0.947,0.0495,0.816,0.727,0.0009,0.816,0.808,-41.2673,0.816,0.651,-5.4185,0.816,0.716,-1.2731,0.727,0.742,1.2053,0.742,0.838,5.3049,0.808,0.811,-0.8338,0.811,0.844,0.0973,0.651,0.605,1.0117,0.605,0.806,-1.8423,0.716,0.636,-0.4276,0.636,0.825,18.1619,0.714,0.927,1.6430,0.947,0.790,1
2.6749,0.933,0.869,3.3821,0.933,0.770,0.4788,0.933,0.965,-0.1058,0.869,0.801,-0.1408,0.869,0.807,4.0445,0.869,0.639,-5.2823,0.869,0.839,-0.4687,0.801,0.845,-1.3908,0.845,0.851,0.2379,0.807,0.871,0.8137,0.871,0.902,-0.0248,0.639,0.672,-4.5733,0.672,0.822,-1.2147,0.839,0.627,5.6106,0.627,0.840,4.1409,0.770,0.898,-0.5026,0.965,0.933,0
2.6779,0.934,0.870,3.3837,0.934,0.779,0.4785,0.934,0.964,-0.1057,0.870,0.805,-0.1408,0.870,0.807,4.3413,0.870,0.643,-5.4911,0.870,0.846,-0.4686,0.805,0.850,-1.3910,0.850,0.857,0.2382,0.807,0.873,0.8143,0.873,0.899,-0.0004,0.643,0.677,-4.6452,0.677,0.826,-1.2344,0.846,0.632,5.6724,0.632,0.855,4.1429,0.779,0.899,-0.5605,0.964,0.936,0
2.7330,0.957,0.904,3.3522,0.957,0.774,0.4203,0.957,0.918,-0.1241,0.904,0.818,-0.1576,0.904,0.824,3.6952,0.904,0.642,-5.4060,0.904,0.845,-0.4537,0.818,0.803,-1.6100,0.803,0.879,0.2183,0.824,0.877,0.7865,0.877,0.920,-0.0004,0.642,0.662,-4.1525,0.662,0.828,-1.2242,0.845,0.620,5.0115,0.620,0.841,3.9005,0.774,0.892,-0.4915,0.918,0.868,0
2.3857,0.874,0.899,3.1722,0.874,0.778,0.2146,0.874,0.914,-0.1416,0.899,0.815,-0.1580,0.899,0.842,3.7802,0.899,0.655,-5.4157,0.899,0.848,-0.4722,0.815,0.845,-1.6176,0.845,0.857,0.2174,0.842,0.863,0.7835,0.863,0.893,-0.0004,0.655,0.652,-4.0714,0.652,0.829,-1.1644,0.848,0.600,4.2581,0.600,0.829,3.5948,0.778,0.851,-0.4265,0.914,0.834,0
2.0822,0.880,0.825,3.0535,0.880,0.772,0.4229,0.880,0.903,-0.1587,0.825,0.784,-0.1759,0.825,0.805,3.3123,0.825,0.691,-5.6077,0.825,0.854,-0.4850,0.784,0.798,-1.7275,0.798,0.927,0.2175,0.805,0.825,0.7434,0.825,0.852,-0.0007,0.691,0.659,-4.4660,0.659,0.867,-1.1074,0.854,0.625,4.2137,0.625,0.802,3.4341,0.772,0.932,-0.6418,0.903,0.841,0
1.9950,0.935,0.846,2.8606,0.935,0.783,0.2129,0.935,0.878,-0.1424,0.846,0.799,-0.1868,0.846,0.763,2.8718,0.846,0.697,-6.0579,0.846,0.853,-0.5453,0.799,0.841,-1.7331,0.841,0.888,0.1962,0.763,0.869,0.6996,0.869,0.893,-0.0012,0.697,0.657,-3.9974,0.657,0.876,-1.0813,0.853,0.649,4.7851,0.649,0.815,3.3558,0.783,0.963,-0.3257,0.878,0.795,0
2.0183,0.899,0.850,2.7480,0.899,0.775,0.3506,0.899,0.971,-0.1876,0.850,0.762,-0.1591,0.850,0.804,2.4797,0.850,0.688,-6.6875,0.850,0.853,-0.5471,0.762,0.797,-1.8097,0.797,0.916,0.1717,0.804,0.866,0.6732,0.866,0.874,-0.0591,0.688,0.652,-2.6485,0.652,0.867,-1.0551,0.853,0.682,4.9381,0.682,0.842,3.2863,0.775,0.875,-0.5597,0.971,0.870,0
1.8998,0.957,0.820,2.6054,0.957,0.777,0.4201,0.957,0.920,-0.1764,0.820,0.819,-0.2106,0.820,0.762,2.2074,0.820,0.674,-6.5535,0.820,0.851,-0.5641,0.819,0.839,-1.8256,0.839,0.867,0.1747,0.762,0.887,0.6538,0.887,0.869,-0.0880,0.674,0.689,-2.2657,0.689,0.836,-1.0217,0.851,0.678,5.4419,0.678,0.845,3.0428,0.777,0.898,-0.5569,0.920,0.863,0
1.9620,0.856,0.901,2.5134,0.856,0.773,0.3513,0.856,0.925,-0.1876,0.901,0.794,-0.2116,0.901,0.793,1.9863,0.901,0.700,-7.2701,0.901,0.860,-0.6319,0.794,0.834,-1.9935,0.834,0.879,0.1590,0.793,0.882,0.6179,0.882,0.888,-0.0555,0.700,0.732,-2.4532,0.732,0.814,-1.0033,0.860,0.690,5.0304,0.690,0.812,2.7724,0.773,0.867,-0.4808,0.925,0.767,0
1.6464,0.883,0.871,2.3624,0.883,0.787,0.3752,0.883,0.868,-0.2290,0.871,0.823,-0.1997,0.871,0.833,1.9583,0.871,0.700,-7.1908,0.871,0.838,-0.6564,0.823,0.792,-2.4237,0.792,0.851,0.1201,0.833,0.848,0.5816,0.848,0.896,-0.0296,0.700,0.709,-2.6443,0.709,0.786,-0.9857,0.838,0.686,4.5918,0.686,0.840,2.6261,0.787,0.954,-0.6579,0.868,0.765,0
1.4298,0.863,0.899,2.1810,0.863,0.781,0.1443,0.863,0.925,-0.1774,0.899,0.821,-0.2532,0.899,0.795,1.7288,0.899,0.703,-7.0579,0.899,0.863,-0.6911,0.821,0.834,-2.7690,0.834,0.816,0.1154,0.795,0.813,0.6005,0.813,0.832,-0.0531,0.703,0.704,-2.6447,0.704,0.805,-0.9621,0.863,0.689,4.9585,0.689,0.832,2.5015,0.781,0.930,-0.4841,0.925,0.732,0
1.2815,0.900,0.880,2.1429,0.900,0.795,0.4201,0.900,0.934,-0.2712,0.880,0.815,-0.1832,0.880,0.763,1.6361,0.880,0.695,-7.4959,0.880,0.859,-0.6958,0.815,0.780,-4.0174,0.780,0.875,0.0857,0.763,0.812,0.5008,0.812,0.873,-0.0771,0.695,0.714,-2.2558,0.714,0.803,-0.9695,0.859,0.680,5.1220,0.680,0.807,2.5011,0.795,0.895,-0.6351,0.934,0.851,0
1.4476,0.921,0.821,2.1137,0.921,0.784,0.1438,0.921,0.936,-0.2186,0.821,0.815,-0.2807,0.821,0.795,1.5616,0.821,0.686,-7.8109,0.821,0.859,-0.7838,0.815,0.815,-5.1195,0.815,0.851,0.0805,0.795,0.837,0.4859,0.837,0.906,-0.1061,0.686,0.721,-2.1052,0.721,0.776,-0.9675,0.859,0.676,3.9489,0.676,0.813,2.3932,0.784,0.898,-0.4981,0.936,0.861,0
1.1999,0.909,0.860,2.0033,0.909,0.783,0.4765,0.909,0.937,-0.2554,0.860,0.807,-0.3109,0.860,0.748,1.5313,0.860,0.728,-7.7438,0.860,0.852,-0.8036,0.807,0.782,-5.1706,0.782,0.907,0.0700,0.748,0.897,0.4830,0.897,0.881,-0.0266,0.728,0.735,-2.1723,0.735,0.803,-0.9356,0.852,0.678,3.8140,0.678,0.819,2.1793,0.783,0.898,-0.6447,0.937,0.779,0
1.5095,0.859,0.786,1.9657,0.859,0.782,0.1881,0.859,0.870,-0.2620,0.786,0.804,-0.2717,0.786,0.779,1.3365,0.786,0.738,-9.6104,0.786,0.836,-0.8996,0.804,0.785,-11.7612,0.785,0.871,0.0231,0.779,0.906,0.4627,0.906,0.832,-0.0531,0.738,0.702,-1.9524,0.702,0.805,-0.8974,0.836,0.665,4.3456,0.665,0.777,2.1157,0.782,0.933,-0.7462,0.870,0.744,0
1.0946,0.870,0.845,1.8082,0.870,0.786,0.3146,0.870,0.899,-0.3218,0.845,0.823,-0.3211,0.845,0.808,1.2685,0.845,0.750,-9.4428,0.845,0.830,-0.9231,0.823,0.842,-12.7986,0.842,0.872,0.0115,0.808,0.897,0.3753,0.897,0.849,-0.0539,0.750,0.684,-1.9034,0.684,0.873,-0.8964,0.830,0.669,3.5489,0.669,0.788,2.0271,0.786,0.920,-1.1237,0.899,0.706,0
1.1936,0.890,0.812,1.7727,0.890,0.810,0.1428,0.890,0.907,-0.3676,0.812,0.788,-0.3374,0.812,0.809,1.2028,0.812,0.723,-11.3053,0.812,0.846,-1.0077,0.788,0.836,-25.4995,0.836,0.919,0.0111,0.809,0.902,0.3528,0.902,0.919,-0.1072,0.723,0.709,-1.7511,0.709,0.829,-0.8924,0.846,0.691,3.1854,0.691,0.796,2.0164,0.810,0.943,-0.9009,0.907,0.710,0
0.9742,0.918,0.838,1.6906,0.918,0.796,0.4181,0.918,0.931,-0.3552,0.838,0.824,-0.3418,0.838,0.748,1.1732,0.838,0.719,-9.9938,0.838,0.854,-0.9863,0.824,0.846,-25.4001,0.846,0.873,-0.0230,0.748,0.860,0.3661,0.860,0.890,-0.1068,0.719,0.710,-1.7251,0.710,0.797,-0.8926,0.854,0.687,3.2791,0.687,0.835,1.9303,0.796,0.887,-0.4979,0.931,0.859,0
1.0267,0.902,0.851,1.6732,0.902,0.803,0.1285,0.902,0.936,-0.4101,0.851,0.804,-0.3125,0.851,0.799,1.1427,0.851,0.720,-10.9690,0.851,0.853,-1.1013,0.804,0.883,-680.1216,0.883,0.896,-0.0231,0.799,0.858,0.3376,0.858,0.880,-0.0767,0.720,0.713,-1.8492,0.713,0.810,-0.8843,0.853,0.682,3.2291,0.682,0.846,1.8829,0.803,0.888,-0.6437,0.936,0.824,0
0.9732,0.919,0.858,1.5945,0.919,0.788,0.4168,0.919,0.917,-0.3694,0.858,0.835,-0.3687,0.858,0.723,1.0837,0.858,0.763,-10.6309,0.858,0.823,-1.1511,0.835,0.817,-2328.2455,0.817,0.876,-0.0475,0.723,0.873,0.3169,0.873,0.856,-0.0798,0.763,0.696,-1.6886,0.696,0.819,-0.8494,0.823,0.685,3.0284,0.685,0.820,1.7411,0.788,0.880,-0.6392,0.917,0.867,0
0.9368,0.867,0.877,1.5755,0.867,0.762,0.1874,0.867,0.916,-0.4281,0.877,0.800,-0.3749,0.877,0.717,1.0837,0.877,0.754,-11.7801,0.877,0.840,-1.1787,0.800,0.795,26.6354,0.795,0.848,-0.0699,0.717,0.861,0.3183,0.861,0.803,-0.1027,0.754,0.694,-1.6285,0.694,0.792,-0.8451,0.840,0.729,2.9709,0.729,0.812,1.6989,0.762,0.897,-0.7394,0.916,0.889,0
0.8738,0.913,0.822,1.5258,0.913,0.773,0.2514,0.913,0.857,-0.4497,0.822,0.810,-0.3967,0.822,0.769,1.0956,0.822,0.740,-11.5661,0.822,0.843,-1.3948,0.810,0.800,12.8213,0.800,0.849,-0.0334,0.769,0.785,0.2698,0.785,0.872,-0.1122,0.740,0.717,-1.5738,0.717,0.798,-0.8368,0.843,0.724,3.6191,0.724,0.765,1.6397,0.773,0.900,-0.6530,0.857,0.759,0
0.8734,0.859,0.862,1.5310,0.859,0.753,0.1902,0.859,0.932,-0.4688,0.862,0.762,-0.3973,0.862,0.688,1.0957,0.862,0.768,-11.2608,0.862,0.806,-1.4732,0.762,0.833,8.4317,0.833,0.813,-0.0562,0.688,0.821,0.2816,0.821,0.854,-0.0300,0.768,0.729,-1.6007,0.729,0.811,-0.8222,0.806,0.727,3.7009,0.727,0.806,1.6395,0.753,0.898,-0.5691,0.932,0.852,0
0.8087,0.885,0.810,1.4645,0.885,0.751,0.0687,0.885,0.895,-0.4921,0.810,0.789,-0.3829,0.810,0.756,1.0665,0.810,0.777,-12.5820,0.810,0.808,-1.5945,0.789,0.866,12.4111,0.866,0.827,-0.0801,0.756,0.832,0.2332,0.832,0.836,-0.0546,0.777,0.712,-1.6529,0.712,0.840,-0.8079,0.808,0.748,3.9739,0.748,0.812,1.5561,0.751,0.937,-0.6563,0.895,0.811,0
0.6743,0.910,0.824,1.4155,0.910,0.748,0.3127,0.910,0.875,-0.4649,0.824,0.743,-0.4545,0.824,0.705,1.0627,0.824,0.772,-8.5729,0.824,0.810,-1.5119,0.743,0.828,8.5371,0.828,0.885,-0.0790,0.705,0.833,0.2331,0.833,0.870,-0.0810,0.772,0.711,-1.5581,0.711,0.801,-0.7777,0.810,0.762,4.3978,0.762,0.813,1.5145,0.748,0.888,-0.6540,0.875,0.795,0
0.7096,0.858,0.799,1.3595,0.858,0.764,0.1279,0.858,0.927,-0.5629,0.799,0.769,-0.4468,0.799,0.731,1.0023,0.799,0.740,-9.3353,0.799,0.833,-1.6903,0.769,0.817,5.0534,0.817,0.868,-0.0862,0.731,0.897,0.2207,0.897,0.851,-0.1073,0.740,0.726,-1.4226,0.726,0.781,-0.7776,0.833,0.746,5.1571,0.746,0.841,1.4537,0.764,0.904,-0.6583,0.927,0.847,0
0.7080,0.925,0.831,1.3187,0.925,0.768,0.1273,0.925,0.871,-0.5624,0.831,0.745,-0.5161,0.831,0.718,1.0304,0.831,0.755,-8.9098,0.831,0.806,-1.9122,0.745,0.842,3.7841,0.842,0.922,-0.0760,0.718,0.816,0.2164,0.816,0.884,-0.0293,0.755,0.749,-1.2980,0.749,0.807,-0.7334,0.806,0.733,4.8390,0.733,0.829,1.4052,0.768,0.931,-0.7451,0.871,0.810,0
0.5366,0.881,0.783,1.2714,0.881,0.752,0.3496,0.881,0.875,-0.5900,0.783,0.786,-0.4899,0.783,0.704,1.0414,0.783,0.766,-7.9156,0.783,0.817,-1.9183,0.786,0.830,3.2429,0.830,0.873,-0.0759,0.704,0.868,0.2154,0.868,0.847,-0.0582,0.766,0.738,-1.1031,0.738,0.780,-0.7271,0.817,0.756,3.4691,0.756,0.839,1.3915,0.752,0.875,-0.6574,0.875,0.810,0
0.5890,0.875,0.814,1.2481,0.875,0.762,0.1263,0.875,0.891,-0.5134,0.814,0.768,-0.5386,0.814,0.746,1.0364,0.814,0.763,-6.8697,0.814,0.803,-2.0958,0.768,0.863,2.9423,0.863,0.910,-0.0904,0.746,0.883,0.2034,0.883,0.858,-0.0881,0.763,0.728,-1.1255,0.728,0.738,-0.7088,0.803,0.774,3.4592,0.774,0.831,1.3424,0.762,0.920,-0.5690,0.891,0.820,0
0.4616,0.913,0.792,1.1752,0.913,0.762,0.3118,0.913,0.844,-0.5886,0.792,0.796,-0.5388,0.792,0.694,1.0167,0.792,0.754,-6.7718,0.792,0.808,-2.5592,0.796,0.779,2.0720,0.779,0.900,-0.1034,0.694,0.804,0.2130,0.804,0.861,-0.0896,0.754,0.727,-1.0478,0.727,0.751,-0.7001,0.808,0.766,3.3871,0.766,0.818,1.2843,0.762,0.887,-0.7816,0.844,0.709,0
0.4416,0.861,0.780,1.1748,0.861,0.747,0.1395,0.861,0.910,-0.5388,0.780,0.815,-0.5625,0.780,0.729,1.0694,0.780,0.738,-6.0650,0.780,0.791,-3.4320,0.815,0.819,1.8911,0.819,0.898,-0.0778,0.729,0.852,0.2076,0.852,0.830,-0.0882,0.738,0.746,-0.9567,0.746,0.770,-0.6904,0.791,0.760,3.3140,0.760,0.814,1.2834,0.747,0.924,-0.6415,0.910,0.819,0
0.4795,0.867,0.831,1.1350,0.867,0.751,0.3469,0.867,0.876,-0.6507,0.831,0.780,-0.5883,0.831,0.772,0.8948,0.831,0.747,-7.8749,0.831,0.776,-3.6101,0.780,0.853,1.5818,0.853,0.850,-0.0872,0.772,0.851,0.1950,0.851,0.865,-0.0591,0.747,0.741,-0.9125,0.741,0.746,-0.6813,0.776,0.759,3.7100,0.759,0.808,1.2583,0.751,0.871,-0.6590,0.876,0.836,0
0.4764,0.895,0.838,1.1261,0.895,0.767,0.1903,0.895,0.842,-0.6194,0.838,0.781,-0.5617,0.838,0.732,0.9384,0.838,0.768,-7.1315,0.838,0.820,-4.4534,0.781,0.841,1.6918,0.841,0.868,-0.1014,0.732,0.826,0.1963,0.826,0.854,-0.0325,0.768,0.749,-0.8343,0.749,0.761,-0.6714,0.820,0.738,3.6097,0.738,0.805,1.2172,0.767,0.905,-0.4701,0.842,0.655,0
0.4565,0.868,0.778,1.1261,0.868,0.785,0.1238,0.868,0.903,-0.6176,0.778,0.797,-0.5124,0.778,0.731,0.9316,0.778,0.776,-6.4108,0.778,0.835,-4.3615,0.797,0.859,1.5915,0.859,0.846,-0.1172,0.731,0.821,0.2013,0.821,0.824,-0.0329,0.776,0.744,-0.8444,0.744,0.779,-0.6619,0.835,0.744,3.5144,0.744,0.788,1.2197,0.785,0.934,-0.7440,0.903,0.808,0
0.4779,0.827,0.803,1.0781,0.827,0.785,0.1857,0.827,0.881,-0.5934,0.803,0.800,-0.5155,0.803,0.753,0.8623,0.803,0.781,-7.6023,0.803,0.819,-4.4301,0.800,0.867,1.8436,0.867,0.847,-0.0866,0.753,0.832,0.1956,0.832,0.847,-0.0604,0.781,0.725,-0.8046,0.725,0.788,-0.6628,0.819,0.742,3.1132,0.742,0.789,1.1919,0.785,0.881,-0.7840,0.881,0.645,0
0.4352,0.838,0.850,1.0404,0.838,0.776,0.2505,0.838,0.866,-0.5651,0.850,0.758,-0.5632,0.850,0.756,0.8279,0.850,0.789,-7.5401,0.850,0.824,-5.0717,0.758,0.869,1.7237,0.869,0.854,-0.0880,0.756,0.859,0.1920,0.859,0.872,-0.0942,0.789,0.715,-0.7592,0.715,0.778,-0.6545,0.824,0.751,3.0316,0.751,0.792,1.1836,0.776,0.859,-1.3027,0.866,0.684,0
0.4155,0.860,0.867,1.0328,0.860,0.771,0.3113,0.860,0.868,-0.6224,0.867,0.761,-0.5860,0.867,0.781,0.8287,0.867,0.780,-7.4573,0.867,0.820,-4.1103,0.761,0.835,1.6167,0.835,0.851,-0.0796,0.781,0.854,0.1919,0.854,0.861,-0.1327,0.780,0.723,-0.6313,0.723,0.802,-0.6453,0.820,0.776,2.5763,0.776,0.823,1.1925,0.771,0.856,-2.1836,0.868,0.686,0
0.4154,0.861,0.863,1.0250,0.861,0.776,0.3112,0.861,0.883,-0.5654,0.863,0.755,-0.5851,0.863,0.774,0.8061,0.863,0.773,-7.5394,0.863,0.839,-4.2417,0.755,0.816,1.7319,0.816,0.868,-0.0798,0.774,0.873,0.1959,0.873,0.864,-0.1557,0.773,0.729,-0.6112,0.729,0.781,-0.6543,0.839,0.785,2.5773,0.785,0.813,1.1682,0.776,0.854,-1.3096,0.883,0.567,0
-81.8020,0.936,0.923,4.0007,0.936,0.895,0.4227,0.936,0.853,-0.0255,0.923,0.869,-0.0938,0.923,0.848,389.1688,0.923,0.829,-4.2814,0.923,0.931,-2.2471,0.869,0.929,-2.3235,0.929,0.840,1.9339,0.848,0.845,1.2517,0.845,0.962,-0.0006,0.829,0.770,-1.9128,0.770,0.919,-1.2242,0.931,0.749,1.6382,0.749,0.857,5.6102,0.895,0.871,0.5622,0.853,0.781,0
-80.1800,0.907,0.937,3.7126,0.907,0.894,0.5584,0.907,0.887,-0.0507,0.937,0.819,-0.0312,0.937,0.911,409.2100,0.937,0.870,-4.2031,0.937,0.923,-2.3077,0.819,0.881,-1.7631,0.881,0.932,1.6339,0.911,0.897,1.1766,0.897,0.942,-0.0006,0.870,0.808,-1.8443,0.808,0.929,-1.1246,0.923,0.776,1.5387,0.776,0.852,4.8487,0.894,0.892,0.2230,0.887,0.802,0
-7.9414,0.959,0.909,3.9875,0.959,0.903,0.7849,0.959,0.881,-0.0518,0.909,0.829,-0.0940,0.909,0.859,552.9227,0.909,0.884,-3.7804,0.909,0.941,-1.8059,0.829,0.935,-1.8184,0.935,0.902,1.4122,0.859,0.872,1.4738,0.872,0.912,-0.0004,0.884,0.815,-1.5021,0.815,0.892,-1.1076,0.941,0.801,1.2811,0.801,0.876,5.5263,0.903,0.881,0.1183,0.881,0.820,0
-107.6888,0.957,0.943,3.5632,0.957,0.901,0.8279,0.957,0.853,-0.0271,0.943,0.832,-0.0309,0.943,0.908,503.6909,0.943,0.860,-3.8991,0.943,0.948,-1.7989,0.832,0.931,-1.8612,0.931,0.901,1.3562,0.908,0.833,1.1724,0.833,0.910,-0.0004,0.860,0.795,-1.3838,0.795,0.860,-1.1632,0.948,0.793,1.0259,0.793,0.890,5.0224,0.901,0.844,0.1855,0.853,0.819,0
-137.7352,0.911,0.900,3.6253,0.911,0.899,0.4494,0.911,0.904,-0.0274,0.900,0.829,-0.1295,0.900,0.880,560.1354,0.900,0.850,-3.4994,0.900,0.951,-1.7930,0.829,0.938,-1.3336,0.938,0.871,1.2515,0.880,0.886,1.0113,0.886,0.841,-0.0386,0.850,0.783,-1.1256,0.783,0.868,-1.0865,0.951,0.777,0.8592,0.777,0.899,4.8077,0.899,0.899,0.1106,0.904,0.816,0
-105.9593,0.961,0.940,3.3218,0.961,0.889,0.5645,0.961,0.867,-0.0274,0.940,0.833,-0.0328,0.940,0.919,489.4227,0.940,0.876,-3.3963,0.940,0.949,-1.5911,0.833,0.961,-1.1216,0.961,0.849,1.0565,0.919,0.863,0.9830,0.863,0.937,-0.0009,0.876,0.818,-0.9286,0.818,0.904,-1.0631,0.949,0.781,0.6998,0.781,0.922,4.3925,0.889,0.846,0.0945,0.867,0.827,0
-166.3082,0.905,0.906,3.1707,0.905,0.882,0.5566,0.905,0.915,-0.0267,0.906,0.845,-0.1297,0.906,0.872,450.1665,0.906,0.899,-3.3440,0.906,0.939,-1.5380,0.845,0.924,-0.9138,0.924,0.920,1.0897,0.872,0.916,0.8286,0.916,0.953,-0.0005,0.899,0.835,-0.8911,0.835,0.915,-1.0389,0.939,0.809,0.6722,0.809,0.928,3.9411,0.882,0.907,0.0057,0.915,0.818,0
-157.1106,0.957,0.937,3.0531,0.957,0.884,0.5569,0.957,0.859,-0.0285,0.937,0.823,-0.0325,0.937,0.912,478.8317,0.937,0.921,-3.0765,0.937,0.947,-1.2995,0.823,0.931,-0.7984,0.931,0.820,0.9509,0.912,0.895,0.8741,0.895,0.877,-0.0006,0.921,0.854,-0.8130,0.854,0.931,-1.0019,0.947,0.851,0.6693,0.851,0.935,3.8022,0.884,0.841,0.0809,0.859,0.808,0
-9.0308,0.923,0.900,3.0248,0.923,0.864,0.5694,0.923,0.917,-0.0548,0.900,0.833,-0.0987,0.900,0.871,415.3399,0.900,0.931,-3.0754,0.900,0.916,-1.0161,0.833,0.825,-0.7579,0.825,0.876,1.0163,0.871,0.903,0.6137,0.903,0.932,-0.0011,0.931,0.843,-0.7403,0.843,0.919,-1.0544,0.916,0.861,0.5889,0.861,0.946,3.8314,0.864,0.894,0.0016,0.917,0.840,0
-252.7118,0.953,0.940,2.9060,0.953,0.862,0.2334,0.953,0.861,-0.0309,0.940,0.819,-0.0019,0.940,0.922,707.8093,0.940,0.919,-2.7447,0.940,0.907,-0.9055,0.819,0.837,-0.6967,0.837,0.889,0.8453,0.922,0.825,0.5894,0.825,0.887,-0.0410,0.919,0.828,-0.7083,0.828,0.905,-0.9586,0.907,0.847,0.6130,0.847,0.953,3.8092,0.862,0.869,-0.0044,0.861,0.840,0
-209.8949,0.931,0.921,2.7544,0.931,0.874,0.6707,0.931,0.895,-0.0289,0.921,0.841,-0.0338,0.921,0.864,571.2781,0.921,0.877,-2.5346,0.921,0.889,-0.7695,0.841,0.883,-0.6373,0.883,0.824,0.7317,0.864,0.873,0.5883,0.873,0.867,-0.0008,0.877,0.792,-0.6489,0.792,0.920,-0.9498,0.889,0.801,0.5378,0.801,0.956,3.5311,0.874,0.883,-0.1048,0.895,0.847,0
-284.6767,0.932,0.938,2.6247,0.932,0.854,0.2867,0.932,0.880,-0.0325,0.938,0.825,-0.0012,0.938,0.913,1135.9081,0.938,0.896,-2.4634,0.938,0.902,-0.7678,0.825,0.938,-0.5632,0.938,0.935,0.6433,0.913,0.879,0.5179,0.879,0.897,-0.0453,0.896,0.822,-0.5073,0.822,0.931,-0.8871,0.902,0.814,0.4607,0.814,0.931,3.2259,0.854,0.885,-0.0018,0.880,0.845,0
-172.9433,0.930,0.904,2.3813,0.930,0.853,0.8294,0.930,0.888,-0.0319,0.904,0.853,-0.1038,0.904,0.864,-14.5883,0.904,0.895,-2.2567,0.904,0.905,-0.6953,0.853,0.920,-0.5399,0.920,0.935,0.6805,0.864,0.810,0.4281,0.810,0.916,-0.0012,0.895,0.866,-0.5301,0.866,0.957,-0.8785,0.905,0.851,0.3199,0.851,0.889,3.2935,0.853,0.868,-0.0056,0.888,0.846,0
-197.3286,0.950,0.935,2.4463,0.950,0.880,0.2300,0.950,0.873,-0.0025,0.935,0.849,-0.0341,0.935,0.908,-584.5758,0.935,0.899,-2.1162,0.935,0.875,-0.7671,0.849,0.917,-0.5381,0.917,0.905,0.6869,0.908,0.846,0.3885,0.846,0.872,-0.0008,0.899,0.860,-0.4486,0.860,0.921,-0.8112,0.875,0.865,0.2704,0.865,0.885,3.0493,0.880,0.877,-0.1100,0.873,0.862,0
-356.6049,0.894,0.919,2.3166,0.894,0.899,0.3796,0.894,0.939,-0.0667,0.919,0.816,-0.0346,0.919,0.904,-14.0912,0.919,0.863,-2.0459,0.919,0.879,-0.7509,0.816,0.897,-0.5406,0.897,0.927,0.6801,0.904,0.884,0.4411,0.884,0.864,-0.0005,0.863,0.817,-0.4449,0.817,0.894,-0.7669,0.879,0.845,0.2454,0.845,0.869,2.7846,0.899,0.919,-0.1408,0.939,0.861,0
-220.4576,0.950,0.891,2.2196,0.950,0.901,0.6669,0.950,0.884,-0.0989,0.891,0.854,-0.0699,0.891,0.889,1080.8143,0.891,0.858,-1.9030,0.891,0.907,-0.7771,0.854,0.844,-0.5164,0.844,0.882,0.7199,0.889,0.859,0.4606,0.859,0.868,-0.0511,0.858,0.797,-0.2967,0.797,0.861,-0.6964,0.907,0.804,0.2939,0.804,0.897,2.9336,0.901,0.871,-0.1105,0.884,0.847,0
-1216.9729,0.961,0.898,2.2188,0.961,0.900,0.4498,0.961,0.867,-0.0362,0.898,0.875,-0.0698,0.898,0.849,-1208.3171,0.898,0.858,-1.8637,0.898,0.883,-0.8723,0.875,0.830,-0.5874,0.830,0.834,0.7293,0.849,0.803,0.4116,0.803,0.885,-0.0550,0.858,0.819,-0.2960,0.819,0.855,-0.6744,0.883,0.803,0.2562,0.803,0.872,2.7091,0.900,0.857,-0.2267,0.867,0.848,0
-1159.7842,0.962,0.897,2.1825,0.962,0.915,0.3793,0.962,0.875,-0.0690,0.897,0.885,-0.0753,0.897,0.839,-697.0005,0.897,0.856,-1.8705,0.897,0.879,-0.9092,0.885,0.829,-0.6623,0.829,0.889,0.7402,0.839,0.827,0.4544,0.827,0.852,-0.0009,0.856,0.813,-0.3262,0.813,0.848,-0.6529,0.879,0.811,0.2304,0.811,0.867,2.6688,0.915,0.858,-0.2826,0.875,0.842,0
-3011.1496,0.966,0.897,2.1467,0.966,0.924,0.4693,0.966,0.888,-0.0692,0.897,0.890,-0.0706,0.897,0.845,14.8349,0.897,0.893,-1.9504,0.897,0.892,-0.9617,0.890,0.853,-0.6646,0.853,0.926,0.7787,0.845,0.834,0.4549,0.834,0.834,-0.0018,0.893,0.867,-0.2678,0.867,0.814,-0.6068,0.892,0.821,0.2410,0.821,0.882,2.6260,0.924,0.874,-0.4164,0.888,0.832,0
553.0699,0.939,0.893,2.1468,0.939,0.940,0.5611,0.939,0.911,-0.0698,0.893,0.881,-0.0703,0.893,0.857,238.8685,0.893,0.879,-1.8712,0.893,0.904,-1.0539,0.881,0.874,-0.6607,0.874,0.941,0.8093,0.857,0.831,0.4734,0.831,0.846,-0.0021,0.879,0.854,-0.3085,0.854,0.814,-0.6066,0.904,0.802,0.2561,0.802,0.902,2.6613,0.940,0.901,-0.1406,0.911,0.823,0
523.4479,0.934,0.897,2.1811,0.934,0.921,0.4737,0.934,0.925,-0.1039,0.897,0.866,-0.0695,0.897,0.878,404.0387,0.897,0.883,-1.9035,0.897,0.899,-1.0199,0.866,0.867,-0.6620,0.867,0.926,0.8111,0.878,0.827,0.4952,0.827,0.849,-0.0541,0.883,0.845,-0.2969,0.845,0.812,-0.5855,0.899,0.799,0.2421,0.799,0.891,2.7017,0.921,0.918,-0.1465,0.925,0.822,0
-8.4661,0.946,0.899,5.2495,0.946,0.923,0.1910,0.946,0.921,-0.0011,0.899,0.896,-0.0306,0.899,0.859,27.7029,0.899,0.821,-4.5126,0.899,0.935,-18.7976,0.896,0.926,8.5707,0.926,0.907,2.6685,0.859,0.927,15.2900,0.927,0.896,-0.0458,0.821,0.747,-4.9644,0.747,0.916,-1.4155,0.935,0.740,3.4867,0.740,0.889,6.5564,0.923,0.887,-0.1899,0.921,0.853,0
-13.4970,0.956,0.905,4.7705,0.956,0.932,0.5559,0.956,0.865,-0.0496,0.905,0.854,-0.0017,0.905,0.909,15.4035,0.905,0.832,-4.4752,0.905,0.938,-226.9347,0.854,0.901,14.6135,0.901,0.928,2.6703,0.909,0.909,16.7807,0.909,0.962,-0.0009,0.832,0.770,-3.7411,0.770,0.927,-1.2628,0.938,0.740,4.7993,0.740,0.891,6.4760,0.932,0.846,-0.3511,0.865,0.895,0
-7.9121,0.919,0.900,4.9450,0.919,0.938,0.2812,0.919,0.920,-0.0246,0.900,0.879,-0.0318,0.900,0.861,26.8220,0.900,0.869,-4.2542,0.900,0.945,-18.3366,0.879,0.929,8.4322,0.929,0.910,2.6654,0.861,0.917,14.8705,0.917,0.905,-0.0005,0.869,0.800,-4.5063,0.800,0.925,-1.3335,0.945,0.792,3.2954,0.792,0.865,6.2295,0.938,0.898,-0.2803,0.920,0.846,0
-7.0414,0.968,0.908,4.7684,0.968,0.932,0.2872,0.968,0.854,-0.0529,0.908,0.841,-0.0024,0.908,0.922,13.5977,0.908,0.857,-4.1770,0.908,0.942,-20.1035,0.841,0.941,7.1652,0.941,0.897,2.6622,0.922,0.901,16.0917,0.901,0.948,-0.0008,0.857,0.792,-3.0177,0.792,0.899,-1.2677,0.942,0.791,3.9462,0.791,0.860,6.0589,0.932,0.843,-0.2777,0.854,0.909,0
-7.2649,0.910,0.921,4.5758,0.910,0.949,0.5610,0.910,0.901,-0.0267,0.921,0.885,-0.0316,0.921,0.871,12.4622,0.921,0.824,-3.9183,0.921,0.936,-19.0623,0.885,0.906,7.6994,0.906,0.906,2.5859,0.871,0.899,14.9783,0.899,0.900,-0.0506,0.824,0.763,-2.9210,0.763,0.847,-1.2270,0.936,0.753,3.4669,0.753,0.836,6.3385,0.949,0.895,-0.3119,0.901,0.858,0
-6.6569,0.931,0.888,4.4348,0.931,0.944,0.2818,0.931,0.908,-0.1067,0.888,0.837,-0.0315,0.888,0.922,24.1910,0.888,0.857,-4.0898,0.888,0.947,-18.1578,0.837,0.968,4.9862,0.968,0.857,2.6704,0.922,0.884,15.8721,0.884,0.967,-0.0017,0.857,0.798,-3.5705,0.798,0.848,-1.2795,0.947,0.789,2.6534,0.789,0.837,6.0479,0.944,0.874,-0.1280,0.908,0.861,0
-6.7480,0.954,0.938,4.2188,0.954,0.930,0.5603,0.954,0.848,-0.0286,0.938,0.858,-0.0325,0.938,0.884,11.8707,0.938,0.886,-3.8815,0.938,0.941,-9.4656,0.858,0.904,4.0715,0.904,0.904,2.5765,0.884,0.909,15.7223,0.909,0.892,-0.0013,0.886,0.826,-3.0009,0.826,0.893,-1.2558,0.941,0.832,2.5036,0.832,0.857,5.8602,0.930,0.847,-0.2517,0.848,0.894,0
-6.0462,0.875,0.878,4.0582,0.875,0.917,0.7319,0.875,0.916,-0.1120,0.878,0.841,-0.0616,0.878,0.915,21.3164,0.878,0.872,-3.7639,0.878,0.947,-9.6527,0.841,0.940,3.6713,0.940,0.832,2.7433,0.915,0.871,15.3193,0.871,0.927,-0.0021,0.872,0.799,-2.8229,0.799,0.884,-1.2358,0.947,0.830,2.7972,0.830,0.863,6.1300,0.917,0.915,-0.2270,0.916,0.844,0
-4.5353,0.932,0.943,4.1919,0.932,0.926,0.1514,0.932,0.910,-0.0311,0.943,0.837,-0.0611,0.943,0.889,19.8697,0.943,0.857,-3.3028,0.943,0.929,-6.7643,0.837,0.909,2.9542,0.909,0.857,2.5892,0.889,0.884,15.6035,0.884,0.878,-0.0614,0.857,0.803,-2.5378,0.803,0.854,-1.1257,0.929,0.805,2.6038,0.805,0.888,5.3479,0.926,0.870,-0.1285,0.910,0.871,0
-5.7271,0.915,0.884,3.9377,0.915,0.903,0.9192,0.915,0.879,-0.0838,0.884,0.837,-0.0985,0.884,0.908,254.9093,0.884,0.912,-2.9668,0.884,0.888,-6.2188,0.837,0.930,3.0436,0.930,0.794,2.6760,0.908,0.851,8.1375,0.851,0.893,-0.0014,0.912,0.859,-2.4357,0.859,0.835,-1.1023,0.888,0.872,2.1050,0.872,0.845,6.2104,0.903,0.891,-0.2810,0.879,0.890,0
-6.2129,0.898,0.944,3.6642,0.898,0.861,0.3669,0.898,0.937,-0.0591,0.944,0.817,-0.0340,0.944,0.911,372.3209,0.944,0.906,-2.7249,0.944,0.829,-6.5610,0.817,0.856,3.6185,0.856,0.834,3.4859,0.911,0.852,4.3655,0.852,0.873,-0.0013,0.906,0.830,-3.2678,0.830,0.830,-1.0825,0.829,0.882,2.3307,0.882,0.858,5.0217,0.861,0.895,-0.2490,0.937,0.844,0
-4.0395,0.909,0.895,3.9364,0.909,0.846,0.5587,0.909,0.883,-0.0594,0.895,0.843,-0.1316,0.895,0.909,361.4597,0.895,0.877,-2.4780,0.895,0.804,-4.5857,0.843,0.880,2.4741,0.880,0.814,3.0144,0.909,0.862,5.6997,0.862,0.903,-0.0013,0.877,0.797,-3.2708,0.797,0.807,-1.0629,0.804,0.860,2.3395,0.860,0.858,5.8367,0.846,0.902,-0.2260,0.883,0.896,0
-3.1975,0.860,0.945,4.1949,0.860,0.793,0.2785,0.860,0.963,-0.0031,0.945,0.837,-0.0642,0.945,0.897,502.9033,0.945,0.867,-2.5204,0.945,0.725,-3.7596,0.837,0.874,2.7418,0.874,0.836,2.8979,0.897,0.848,5.8077,0.848,0.849,-0.0545,0.867,0.800,-2.8131,0.800,0.769,-1.0157,0.725,0.840,2.1632,0.840,0.879,5.5623,0.793,0.913,-0.2239,0.963,0.847,0
-2.5145,0.900,0.916,4.1222,0.900,0.776,0.4199,0.900,0.890,-0.1248,0.916,0.819,-0.0343,0.916,0.936,2136.9477,0.916,0.913,-2.4239,0.916,0.615,-3.7578,0.819,0.867,2.3622,0.867,0.878,2.9115,0.936,0.897,5.8689,0.897,0.893,-0.0017,0.913,0.865,-2.8270,0.865,0.735,-0.9327,0.615,0.888,1.9996,0.888,0.872,5.8744,0.776,0.904,-0.1719,0.890,0.924,0
-2.4531,0.875,0.951,4.0890,0.875,0.653,0.2227,0.875,0.967,-0.0311,0.951,0.866,-0.0660,0.951,0.876,341.6597,0.951,0.906,-2.2567,0.951,0.486,-3.6028,0.866,0.950,2.2599,0.950,0.875,2.7024,0.876,0.859,5.5826,0.859,0.873,-0.0015,0.906,0.841,-2.0164,0.841,0.698,-0.9298,0.486,0.881,1.9936,0.881,0.847,5.0813,0.653,0.908,-0.2487,0.967,0.868,0
-2.5081,0.867,0.959,3.7871,0.867,0.556,0.6945,0.867,0.922,-0.0318,0.959,0.830,-0.0331,0.959,0.922,424.2014,0.959,0.878,-2.1560,0.959,0.565,-3.4972,0.830,0.921,2.4606,0.921,0.813,2.4263,0.922,0.876,8.4726,0.876,0.846,0.0001,0.878,0.813,-1.5538,0.813,0.690,-0.8224,0.565,0.847,1.8284,0.847,0.767,5.4193,0.556,0.945,-0.3706,0.922,0.910,0
-3.3343,0.908,0.901,3.4661,0.908,0.629,0.2782,0.908,0.912,-0.1250,0.901,0.844,-0.0658,0.901,0.914,544.5761,0.901,0.900,-2.1826,0.901,0.413,-3.2700,0.844,0.886,2.6149,0.886,0.813,2.4980,0.914,0.921,8.6794,0.921,0.888,-0.0605,0.900,0.866,-1.5599,0.866,0.501,-0.7651,0.413,0.855,1.7566,0.855,0.747,5.4466,0.629,0.868,-0.1274,0.912,0.899,0
-2.9350,0.880,0.916,4.6266,0.880,0.545,0.2746,0.880,0.960,-0.0342,0.916,0.866,-0.1318,0.916,0.868,1945.7204,0.916,0.911,-2.0586,0.916,0.292,-3.0296,0.866,0.911,4.1709,0.911,0.837,2.5701,0.868,0.900,8.2957,0.900,0.900,-0.0018,0.911,0.859,-2.5606,0.859,0.559,-0.8017,0.292,0.880,1.7543,0.880,0.780,7.2032,0.545,0.910,-0.1886,0.960,0.887,0
-3.3437,0.860,0.945,3.2104,0.860,0.438,0.6974,0.860,0.939,-0.0333,0.945,0.870,-0.0337,0.945,0.881,13.9405,0.945,0.920,-2.2529,0.945,0.175,-2.9330,0.870,0.890,3.2768,0.890,0.861,2.4109,0.881,0.877,7.9525,0.877,0.859,-0.0018,0.920,0.861,-1.8226,0.861,0.515,-0.7857,0.175,0.835,1.8402,0.835,0.703,5.0010,0.438,0.938,-0.3460,0.939,0.849,0
-3.3368,0.871,0.960,3.3827,0.871,0.525,0.7031,0.871,0.916,-0.0027,0.960,0.861,-0.0641,0.960,0.902,400.5938,0.960,0.908,-2.1818,0.960,0.220,-2.9275,0.861,0.892,4.5350,0.892,0.889,2.5504,0.902,0.898,5.2417,0.898,0.830,-0.0535,0.908,0.821,-2.3244,0.821,0.534,-0.7949,0.220,0.873,1.4058,0.873,0.712,5.4795,0.525,0.940,-0.3510,0.916,0.907,0
-4.8577,0.891,0.960,3.1651,0.891,0.576,0.9203,0.891,0.901,-0.0342,0.960,0.847,-0.0340,0.960,0.902,266.1244,0.960,0.914,-2.1470,0.960,0.287,-2.9329,0.847,0.893,4.3573,0.893,0.882,2.4100,0.902,0.887,3.4816,0.887,0.813,-0.0546,0.914,0.831,-1.9267,0.831,0.531,-0.7727,0.287,0.881,1.4663,0.881,0.705,4.9394,0.576,0.921,-0.4140,0.901,0.899,0
-4.6200,0.871,0.956,2.9811,0.871,0.491,0.9170,0.871,0.915,-0.0333,0.956,0.848,-0.0343,0.956,0.900,442.5802,0.956,0.899,-2.4379,0.956,0.157,-2.9365,0.848,0.894,4.5374,0.894,0.902,2.4907,0.900,0.875,2.8870,0.875,0.817,-0.0546,0.899,0.811,-2.6826,0.811,0.644,-0.9356,0.157,0.871,1.8100,0.871,0.745,4.4989,0.491,0.931,-0.3135,0.915,0.884,0
-5.5097,0.870,0.952,3.0610,0.870,0.611,0.4239,0.870,0.928,-0.0320,0.952,0.856,-0.0660,0.952,0.879,243.9821,0.952,0.928,-2.4033,0.952,0.171,-3.6169,0.856,0.899,3.2755,0.899,0.902,2.5743,0.879,0.889,2.3260,0.889,0.839,-0.0030,0.928,0.853,-2.6209,0.853,0.633,-0.9129,0.171,0.888,1.9656,0.888,0.800,4.5068,0.611,0.918,-0.2110,0.928,0.823,0
-5.9729,0.932,0.900,2.5624,0.932,0.300,0.1938,0.932,0.940,-0.0324,0.900,0.859,-0.1317,0.900,0.879,182.7054,0.900,0.923,-2.2987,0.900,0.160,-3.6251,0.859,0.900,6.8286,0.900,0.898,2.9853,0.879,0.857,2.0127,0.857,0.852,-0.0590,0.923,0.860,-2.3478,0.860,0.602,-0.8420,0.160,0.861,2.2668,0.861,0.823,3.1550,0.300,0.887,-0.1278,0.940,0.876,0
-4.8476,0.921,0.921,3.2274,0.921,0.742,0.5524,0.921,0.879,-0.1248,0.921,0.822,-0.0341,0.921,0.935,584.1402,0.921,0.897,-2.2202,0.921,0.308,-3.6368,0.822,0.875,6.9806,0.875,0.857,2.9828,0.935,0.912,2.0087,0.912,0.917,-0.0544,0.897,0.849,-2.9061,0.849,0.585,-0.7036,0.308,0.865,1.7495,0.865,0.848,4.8529,0.742,0.897,-0.2483,0.879,0.903,0
-5.7322,0.877,0.954,3.3891,0.877,0.751,0.3734,0.877,0.943,-0.0318,0.954,0.844,-0.0346,0.954,0.891,256.9257,0.954,0.869,-2.4311,0.954,0.412,-3.6286,0.844,0.893,15.2713,0.893,0.831,2.5690,0.891,0.898,2.3271,0.898,0.906,-0.0019,0.869,0.803,-2.4401,0.803,0.674,-0.8992,0.412,0.830,1.8319,0.830,0.809,4.9038,0.751,0.913,-0.2519,0.943,0.844,0
