-0.27578800000000003,-0.4305901,0.940437,-0.15318022,-0.3653417,0.639248,-0.1746029,-0.354445,0.522136,-0.12249720000000001,-0.163626,0.237962,-0.18386560000000002,-0.13098300000000002,0.489579,-0.13476760000000002,-0.3814076,0.742152,-0.061189300000000016,-0.13639999999999997,0.846509,-0.146984141,-0.218406,0.762091,0.0,0.0,0.512343,-0.012251000000000012,-0.005574999999999997,0.33553,-0.2021979,-0.060118000000000005,0.312991,-0.09189710000000001,0.234184,0.57864,0.015362999999999988,0.010749000000000009,0.652756,-0.22665220000000003,-0.04374699999999998,0.807014,-0.08267890000000001,0.28328800000000004,0.682245,-1.14652,-1.456559,0,-0.275578,-0.4739643,0.909281,-1.14652,-1.456559,0,-0.223661,-0.4797727,0.903972,-0.17760140000000002,0.39228900000000005,0.552353,-0.1531742,0.397808,0.54147,-0.05504110000000001,0.299598,0.560041,-0.16536700000000001,0.27237400000000006,0.666157,-0.1593204,0.26679800000000004,0.672707,-0.055139300000000016,0.22345399999999999,0.28054,1
-0.287944,-0.425013,0.913834,-0.16533578000000002,-0.3541871,0.706092,-0.1867911,-0.3540965,0.572146,-0.1255279,-0.12535499999999997,0.314739,-0.1899789,-0.07600499999999999,0.642886,-0.144006,-0.3541704,0.741783,-0.0734199,-0.13066199999999997,0.849825,-0.1501109,-0.21792999999999998,0.679723,0.0,0.0,0.520531,-0.018291,-0.010857000000000006,0.340785,-0.2113558,0.010918000000000039,0.347904,-0.11624090000000001,0.343328,0.682338,0.00626199999999999,0.005454000000000014,0.656402,-0.2358064,0.021919000000000022,0.762975,-0.0917756,0.38703899999999997,0.672557,-1.15875,-1.369152,0,-0.284779,-0.46318729999999997,0.842528,-1.15875,-1.369152,0,-0.232829,-0.474247,0.899041,-0.186769,0.47945600000000005,0.622308,-0.16229135,0.48519400000000007,0.625849,-0.0611642,0.40341600000000005,0.577378,-0.1776084,0.359929,0.601521,-0.1715328,0.3542,0.632041,-0.0918183,0.343234,0.164534,1
-0.272552,-0.4307486,0.956662,-0.15007726,-0.381557,0.7441,-0.17163509999999998,-0.376081,0.61202,-0.1255812,-0.168952,0.177894,-0.17472739999999998,-0.16361699999999996,0.469729,-0.12861399999999998,-0.38682099999999997,0.77091,-0.052138199999999996,-0.15783599999999998,0.85043,-0.12872409999999998,-0.21807499999999996,0.700694,0.0,0.0,0.523379,-0.01834899999999999,-0.02174699999999996,0.337521,-0.205196,-0.08175499999999997,0.253919,-0.09183139999999998,0.20159300000000002,0.58822,0.015309000000000017,0.010832000000000064,0.647415,-0.2206666,-0.08160499999999998,0.819091,-0.07648319999999999,0.239792,0.679518,-1.140393,-1.4945439999999999,0,-0.269493,-0.4739679,0.949043,-1.140393,-1.4945439999999999,0,-0.2204485,-0.48494013999999996,0.880581,-0.17148,0.354182,0.499743,-0.14394274999999998,0.35985100000000003,0.482848,-0.045912599999999984,0.25619900000000007,0.564508,-0.1562152,0.23445300000000002,0.650626,-0.1531437,0.22880900000000004,0.663387,-0.04897679999999999,0.18556700000000004,0.255894,1
-0.27877799999999997,-0.435785,0.884385,-0.16237577,-0.35425829999999997,0.654031,-0.1808137,-0.3488925,0.523448,-1.158834,-1.281935,0,-1.158834,-1.281935,0,-0.1439392,-0.3650033,0.772215,-0.0735884,-0.130692,0.773144,-0.1440354,-0.23428349999999998,0.474467,0.0,0.0,0.522735,-0.012311000000000016,-0.005365000000000009,0.35098,-0.1869326,0.076438,0.364176,-0.0981105,0.430486,0.657624,0.012192000000000008,0.005396999999999985,0.614256,-0.2174859,0.092725,0.859429,-0.09189180000000001,0.47978400000000004,0.67739,-1.158834,-1.281935,0,-0.269652,-0.474203,0.919492,-1.158834,-1.281935,0,-0.2206715,-0.484938,0.883972,-0.1899878,0.567002,0.670744,-0.16849031,0.5777270000000001,0.654965,-0.061341400000000004,0.506915,0.587959,-0.174713,0.44165899999999997,0.585319,-0.16867461,0.436097,0.592828,-0.0673797,0.43059300000000006,0.252583,1
-0.27587700000000004,-0.4306641,0.920359,-0.15617661000000002,-0.3652622,0.688701,-0.1778083,-0.3597663,0.530151,-1.146574,-1.418382,0,-1.146574,-1.418382,0,-0.1318639,-0.3707256,0.706602,-0.05836090000000001,-0.147258,0.774704,-0.13784824,-0.22913999999999998,0.670338,0.0,0.0,0.526251,-0.015315000000000023,-0.00012599999999995948,0.363939,-0.1776445,0.043432000000000026,0.418039,-0.0797105,0.28871600000000003,0.591102,0.018318,0.005343000000000042,0.65009,-0.226611,-0.02185699999999996,0.77872,-0.0796401,0.326941,0.578029,-1.146574,-1.418382,0,-0.27560700000000005,-0.46878759999999997,0.872366,-1.146574,-1.418382,0,-0.2236706,-0.47988299999999995,0.916384,-0.17467680000000002,0.43015600000000004,0.540491,-0.15316633000000002,0.43580900000000006,0.537877,-0.04595200000000001,0.354219,0.49593,-0.1593311,0.31055400000000005,0.546531,-0.15633253,0.3049720000000001,0.561814,-0.03389600000000001,0.29953900000000006,0.278019,1
-0.272656,-0.419732,0.832941,-0.15622329000000001,-0.3544482,0.72791,-0.17774,-0.3488016,0.622473,-0.128592,-0.087055,0.0912042,-0.1685043,-0.010857999999999979,0.0953537,-0.1347963,-0.3706804,0.777299,-0.0613692,-0.13083999999999998,0.870989,-0.1348495,-0.21808919999999998,0.750528,0.0,0.0,0.508227,-0.024521000000000015,-0.00547700000000001,0.364661,-0.1837772,0.04904700000000001,0.408483,-0.0950026,0.41950400000000004,0.613365,0.018447999999999992,0.005593000000000015,0.605279,-0.2114144,0.08739800000000003,0.827461,-0.0797074,0.474269,0.666221,-1.149621,-1.287518,0,-0.263477,-0.457825,0.832863,-1.149621,-1.287518,0,-0.2144126,-0.479704,0.898575,-0.1807577,0.561002,0.581552,-0.15632378,0.5667120000000001,0.586892,-0.05208170000000001,0.506791,0.617576,-0.1654827,0.44131099999999995,0.587951,-0.15945142,0.430595,0.585825,-0.0704554,0.41956,0.175206,1
-0.290882,-0.4249383,0.866163,-0.16537616000000002,-0.35968110000000003,0.659477,-0.1807008,-0.3649215,0.518453,-0.11948260000000001,-0.10360100000000003,0.29667,-0.19590950000000001,-0.05434300000000003,0.628763,-0.14999410000000002,-0.35962530000000004,0.750841,-0.07356080000000001,-0.11976200000000004,0.817835,-0.15311119,-0.22887900000000003,0.669728,0.0,0.0,0.523364,-0.015230000000000021,-0.01617500000000005,0.351811,-0.19901390000000002,0.005501999999999951,0.459497,-0.11322030000000001,0.3596329999999999,0.62639,0.003243999999999997,0.016302999999999956,0.633671,-0.2357613,0.049023999999999957,0.768514,-0.0918791,0.414147,0.669198,-1.161782,-1.347382,0,-0.28486900000000004,-0.463067,0.859071,-1.161782,-1.347382,0,-0.2357499,-0.479591,0.837519,-0.1928271,0.50132,0.66404,-0.16838095,0.5070239999999999,0.65397,-0.06120500000000001,0.44142599999999993,0.601542,-0.18071720000000002,0.381457,0.595513,-0.1745921,0.37068799999999996,0.614743,-0.07649710000000001,0.35978799999999994,0.1712,1
-0.275803,-0.43074999999999997,0.867271,-0.16534905,-0.3704751,0.658421,-0.1808083,-0.3651765,0.527239,-1.158832,-1.2765819999999999,0,-1.158832,-1.2765819999999999,0,-0.1441054,-0.370616,0.779479,-0.0706059,-0.136174,0.788048,-0.1439457,-0.2287785,0.618938,0.0,0.0,0.533457,-0.021454,-0.016307000000000016,0.367749,-0.189952,0.038167000000000006,0.523074,-0.1041517,0.41424099999999997,0.656517,0.01527400000000001,0.005572999999999995,0.640809,-0.21460780000000002,0.09815400000000002,0.869137,-0.0918701,0.48513700000000004,0.720005,-1.158832,-1.2765819999999999,0,-0.269646,-0.474053,0.927363,-1.158832,-1.2765819999999999,0,-0.2206378,-0.485081,0.866564,-0.1898616,0.572049,0.669769,-0.16542159,0.577796,0.699707,-0.06129660000000001,0.51766,0.623616,-0.1807847,0.45228,0.587539,-0.1716253,0.44153,0.596971,-0.064408,0.40869,0.300513,1
-0.269628,-0.4305419,0.887767,-0.15001474,-0.36533899999999997,0.686562,-0.17145290000000002,-0.359741,0.577292,-0.1286149,-0.15283799999999997,0.209509,-0.18375060000000001,-0.136332,0.40401,-0.13470648000000002,-0.37074989999999997,0.720631,-0.05516720000000001,-0.136573,0.833626,-0.14387314,-0.223778,0.778645,0.0,0.0,0.536495,-0.018345000000000014,-0.010955999999999966,0.364941,-0.2021186,-0.092862,0.385412,-0.07965130000000001,0.21792300000000003,0.613741,0.015390999999999988,0.02695700000000001,0.630647,-0.220619,-0.054472999999999994,0.833522,-0.0764361,0.26141300000000006,0.712503,-1.140357,-1.467493,0,-0.269346,-0.45802206,0.869462,-1.140357,-1.467493,0,-0.2174329,-0.48488539999999997,0.905013,-0.15001838,0.35409700000000005,0.386751,-0.125566,0.375744,0.420719,-0.04587640000000001,0.283193,0.565923,-0.1531863,0.261376,0.696977,-0.1530728,0.25582600000000005,0.686776,-0.04887540000000001,0.212439,0.287226,1
-0.269703,-0.4358277,0.911013,-0.14695576999999999,-0.365271,0.683206,-0.1653751,-0.365221,0.522336,-0.1225754,-0.163572,0.253505,-0.183782,-0.136374,0.499022,-0.1286819,-0.365055,0.746064,-0.055212399999999995,-0.141515,0.813076,-0.14093910299999998,-0.223633,0.719107,0.0,0.0,0.532847,-0.012254999999999988,-0.016351999999999978,0.348676,-0.1991549,-0.098213,0.479561,-0.08888599999999999,0.21802700000000003,0.612916,0.015257999999999994,0.02724700000000002,0.632368,-0.22057569999999999,-0.05442399999999997,0.831634,-0.07656249999999999,0.26175200000000004,0.701993,-1.1404239999999999,-1.46735,0,-0.269462,-0.46859079,0.871162,-1.1404239999999999,-1.46735,0,-0.22044209999999997,-0.484863,0.916515,-0.1714803,0.38140199999999996,0.544886,-0.14403074,0.38691800000000004,0.53582,-0.0459753,0.28867899999999996,0.56753,-0.15624,0.261584,0.656485,-0.1531805,0.25598899999999997,0.67059,-0.05204349999999999,0.21251800000000004,0.256313,1
-0.28801699999999997,-0.43584849999999997,0.899148,-0.16854243,-0.3811125,0.700031,-0.1898528,-0.3810868,0.572698,-1.158823,-1.407217,0,-1.158823,-1.407217,0,-0.15629552,-0.3811639,0.764118,-0.0705069,-0.157831,0.839934,-0.1441066,-0.234174,0.664854,0.0,0.0,0.500799,-0.00924999999999998,-0.010757000000000017,0.331513,-0.1930535,-0.016183999999999976,0.323837,-0.09504359999999999,0.305293,0.634742,0.00617100000000001,0.005475000000000008,0.653803,-0.232894,-0.021523000000000014,0.752914,-0.08272399999999999,0.359736,0.639209,-1.158823,-1.407217,0,-0.284885,-0.4740818,0.903633,-1.158823,-1.407217,0,-0.2328019,-0.4957849,0.844164,-0.1899225,0.441329,0.581742,-0.16547339,0.447139,0.585462,-0.04914199999999999,0.392453,0.621118,-0.1746608,0.32170499999999996,0.584788,-0.16862886,0.31090500000000004,0.604698,-0.052087999999999995,0.310676,0.226243,1
-0.27576999999999996,-0.4250874,0.939072,-0.15625194,-0.35977796999999995,0.685219,-0.177738,-0.35427884,0.589435,-0.1318316,-0.12539899999999998,0.0778534,-0.1715747,-0.076096,0.101334,-0.13787154,-0.37048755,0.727055,-0.058177099999999995,-0.13632399999999997,0.841514,-0.1319263,-0.22345199999999998,0.686007,0.0,0.0,0.481275,-0.01230400000000001,-0.01093299999999997,0.31568,-0.19306109999999999,-6.199999999995098e-05,0.401297,-0.0858423,0.3378630000000001,0.634144,0.015297000000000005,0.01075100000000001,0.631475,-0.2205385,0.027233000000000007,0.754101,-0.07359339999999999,0.39760600000000007,0.641733,-1.146588,-1.363789,0,-0.27261,-0.46851,0.88971,-1.146588,-1.363789,0,-0.2206311,-0.47955899999999996,0.86529,-0.1776933,0.48473400000000005,0.593284,-0.15328273,0.490532,0.583787,-0.04293999999999999,0.41418000000000005,0.580433,-0.1624019,0.365165,0.627956,-0.15638748,0.35435500000000003,0.640976,-0.046013,0.332435,0.233763,1
-0.272688,-0.4358087,0.947655,-0.1471352,-0.3814023,0.653249,-0.171688,-0.37041060000000003,0.513183,-0.12567689999999998,-0.152538,0.112103,-0.1715947,-0.14173400000000003,0.136775,-0.1256012,-0.3868247,0.728278,-0.0522517,-0.15253,0.843598,-0.140937274,-0.22890100000000002,0.729542,0.0,0.0,0.5404,-0.012347999999999998,-0.005476000000000036,0.343936,-0.19004189999999999,-0.081561,0.239672,-0.0980543,0.223634,0.683458,0.01835500000000001,0.00567200000000001,0.648437,-0.2206003,-0.054367,0.823171,-0.076641,0.27251899999999996,0.688775,-1.140481,-1.46177,0,-0.269602,-0.4740805,0.910571,-1.140481,-1.46177,0,-0.2175887,-0.4849753,0.903213,-0.1685513,0.38679699999999995,0.477013,-0.14401597,0.39241899999999996,0.485124,-0.04896059999999999,0.294246,0.55018,-0.15627839999999998,0.26729899999999995,0.741425,-0.1532262,0.261567,0.751866,-0.06743299999999999,0.21828000000000003,0.21495,1
-0.26668000000000003,-0.4251397,0.890865,-0.14406762999999997,-0.365321,0.714305,-0.16551819999999998,-0.364952,0.586163,-0.11952679999999999,-0.152762,0.197182,-0.18389149999999999,-0.141467,0.289474,-0.12275309999999999,-0.370591,0.751461,-0.05219359999999999,-0.14167000000000002,0.852887,-0.12876634999999997,-0.223478,0.695998,0.0,0.0,0.541322,-0.01543499999999999,-0.016349000000000002,0.365169,-0.1992107,-0.136164,0.564706,-0.07673339999999998,0.21790199999999998,0.589579,0.018241000000000007,0.02701999999999999,0.649891,-0.2205827,-0.059763999999999984,0.856707,-0.07356679999999999,0.25611199999999995,0.708164,-1.137448,-1.472783,0,-0.263596,-0.46317628,0.871747,-1.137448,-1.472783,0,-0.2145452,-0.4850449,0.901258,-0.1532527,0.35969100000000004,0.380708,-0.1257344,0.370589,0.411891,-0.04298759999999999,0.272561,0.556175,-0.15025249999999998,0.256095,0.672609,-0.15015409999999998,0.250573,0.665299,-0.04593459999999999,0.20723399999999997,0.280707,1
-0.26982,-0.4303616,0.932343,-0.14713214,-0.3706936,0.659167,-0.1716705,-0.3597652,0.52082,-0.14712408999999999,-0.136334,0.0971972,-0.1747902,-0.13643,0.10269,-0.125664,-0.3762393,0.727526,-0.05223359999999999,-0.13118800000000003,0.876941,-0.13799646999999998,-0.21836,0.75773,0.0,0.0,0.525852,-0.015385999999999983,-0.005612999999999979,0.341732,-0.1962321,-0.07098500000000002,0.339096,-0.0950116,0.22339499999999995,0.683344,0.02127799999999999,0.010755999999999988,0.644649,-0.2206903,-0.043883000000000005,0.821658,-0.0767105,0.272384,0.687916,-1.14051,-1.456567,0,-0.269606,-0.46332712,0.886654,-1.14051,-1.456567,0,-0.2205472,-0.4744972,0.918483,-0.1654746,0.38680600000000004,0.44593,-0.13796059,0.392349,0.460428,-0.0490998,0.283193,0.531114,-0.15629969999999999,0.27245400000000003,0.741671,-0.1532292,0.26674400000000004,0.745911,-0.052253999999999995,0.22313999999999995,0.332065,1
-0.27257699999999996,-0.4304783,0.891904,-0.15012834,-0.375907,0.750559,-0.17459529999999998,-0.365196,0.613546,-0.13181321,-0.15809,0.159398,-0.18083909999999997,-0.147119,0.270693,-0.1257912,-0.381397,0.752235,-0.05223059999999999,-0.15261400000000003,0.874043,-0.13179269999999998,-0.234301,0.702013,0.0,0.0,0.52179,-0.01844499999999999,-0.016303000000000012,0.352031,-0.1930733,-0.05988199999999999,0.292899,-0.08276119999999998,0.21799100000000005,0.627342,0.021293000000000006,0.016154,0.649086,-0.2206425,-0.071017,0.769011,-0.07357369999999999,0.26694399999999996,0.649473,-1.140474,-1.483657,0,-0.269491,-0.4685335,0.897779,-1.140474,-1.483657,0,-0.22045309999999999,-0.49038231,0.882727,-0.1624116,0.359773,0.503984,-0.13487640999999997,0.370429,0.532368,-0.04297489999999998,0.28332899999999994,0.589677,-0.1563259,0.24541400000000002,0.689657,-0.15322529999999998,0.23970899999999995,0.703669,-0.04904889999999999,0.20710399999999995,0.273571,1
-0.27559,-0.4303793,0.885709,-0.15615253999999998,-0.3704561,0.681148,-0.1745812,-0.3704261,0.545341,-0.1348286,-0.119805,0.0618637,-0.16847089999999998,-0.076038,0.0935575,-0.1439315,-0.3704964,0.750403,-0.058151499999999995,-0.141691,0.832276,-0.1347203,-0.228782,0.711495,0.0,0.0,0.501819,-0.01832499999999998,-0.02165499999999998,0.345835,-0.18989219999999998,0.016419000000000017,0.285621,-0.0949585,0.34886599999999995,0.660922,0.015322000000000002,0.010927999999999993,0.645881,-0.2175226,0.022013999999999978,0.772031,-0.073516,0.39787500000000003,0.633997,-1.146528,-1.358265,0,-0.269627,-0.468684,0.890698,-1.146528,-1.358265,0,-0.2174834,-0.49569399999999997,0.836884,-0.17756909999999998,0.49041799999999997,0.541806,-0.15009151999999998,0.49613199999999996,0.528171,-0.042903,0.41427699999999995,0.564198,-0.1593707,0.370782,0.694093,-0.15624075999999998,0.365018,0.715351,-0.07042499999999999,0.34881599999999996,0.200223,1
-0.26955399999999996,-0.4361676,0.956847,-0.14709999,-0.38675,0.764029,-0.1715838,-0.38127900000000003,0.639004,-0.1256302,-0.16903200000000002,0.197513,-0.1746448,-0.17421399999999998,0.502292,-0.1225762,-0.386995,0.765505,-0.049157000000000006,-0.157999,0.837318,-0.13180491,-0.22891699999999998,0.688362,0.0,0.0,0.54083,-0.018472000000000002,-0.010848000000000024,0.35885,-0.2022169,-0.08172800000000002,0.22633,-0.0858292,0.19088499999999997,0.575251,0.018276999999999988,0.005496999999999974,0.638863,-0.2205096,-0.08715800000000001,0.815868,-0.0705921,0.22906700000000002,0.676145,-1.137405,-1.5,0,-0.266494,-0.4794391,0.947138,-1.137405,-1.5,0,-0.2174717,-0.49046338,0.878511,-0.1685055,0.34870999999999996,0.473597,-0.14097985,0.35438800000000004,0.45897,-0.0428689,0.25062700000000004,0.553964,-0.1531902,0.22899000000000003,0.65445,-0.1501283,0.223341,0.668635,-0.0459623,0.18009299999999995,0.249623,1
-0.269719,-0.43592569999999997,0.907292,-0.15005137999999998,-0.381376,0.748923,-0.1715766,-0.375975,0.610058,-0.11942409999999999,-0.16873899999999997,0.234151,-0.1746375,-0.14702299999999996,0.414102,-0.1286812,-0.386598,0.75413,-0.052242099999999986,-0.15777599999999997,0.83277,-0.1256926,-0.217916,0.666958,0.0,0.0,0.510407,-0.021397999999999986,-0.01621499999999998,0.329866,-0.20225279999999998,-0.076158,0.277265,-0.08270349999999999,0.19633400000000006,0.612647,0.018363000000000018,0.005506000000000011,0.641903,-0.2235893,-0.08144099999999999,0.792674,-0.07362219999999998,0.23997200000000002,0.663024,-1.140417,-1.494434,0,-0.26657,-0.4740816,0.92171,-1.140417,-1.494434,0,-0.2174525,-0.49026107999999996,0.855953,-0.1715091,0.354307,0.526575,-0.14699770999999998,0.36000499999999996,0.516132,-0.04594859999999999,0.256276,0.563928,-0.15629449999999998,0.23454400000000003,0.664365,-0.15317699999999998,0.22890499999999997,0.678825,-0.04894769999999998,0.18566200000000005,0.328437,1
-0.272678,-0.4411124,0.961992,-0.14709649000000002,-0.3920211,0.660221,-0.1685473,-0.3867082,0.485974,-0.1287923,-0.174085,0.0854019,-1.140497,-1.461733,0,-0.12876390000000001,-0.3920227,0.712596,-0.052198900000000006,-0.15251900000000002,0.843522,-0.141039462,-0.239648,0.72014,0.0,0.0,0.551412,-0.009283000000000013,-0.010852000000000028,0.364477,-0.1930225,-0.10334900000000002,0.400399,-0.0919578,0.22361800000000004,0.622005,0.018244999999999983,0.011100999999999972,0.633727,-0.2206104,-0.054481,0.81138,-0.0766001,0.26714,0.676821,-1.140497,-1.461733,0,-0.269569,-0.4793746,0.932084,-1.140497,-1.461733,0,-0.2205149,-0.4850629,0.906101,-0.1685819,0.386817,0.446653,-0.14403036000000002,0.39238,0.461859,-0.04605790000000001,0.288989,0.55462,-0.1532522,0.26711100000000004,0.728875,-0.15028343000000002,0.25648699999999997,0.731992,-0.05216180000000001,0.21832199999999996,0.23143,1
-0.284889,-0.419623,0.874465,-0.15936627,-0.3486797,0.734808,-0.186773,-0.33785178,0.616495,-0.12261330000000001,-0.10347300000000001,0.432056,-0.1900524,-0.043422000000000016,0.603008,-0.1377414,-0.3542175,0.780471,-0.0675374,-0.130745,0.81843,-0.1501778,-0.223588,0.738384,0.0,0.0,0.544419,-0.018440000000000012,-0.005346000000000017,0.395577,-0.2053187,0.04362299999999997,0.496369,-0.11026369999999999,0.365211,0.690931,0.012263999999999997,0.005390000000000006,0.639462,-0.220567,0.065467,0.746742,-0.0857926,0.425073,0.709496,-1.15575,-1.33654,0,-0.278797,-0.45241200000000004,0.845599,-1.15575,-1.33654,0,-0.22973670000000002,-0.479367,0.854037,-0.1867873,0.5122070000000001,0.657125,-0.16231754,0.517951,0.639743,-0.055168999999999996,0.446908,0.604233,-0.1716354,0.39232300000000003,0.720848,-0.1655623,0.381534,0.724634,-0.0857393,0.370492,0.210296,1
-0.272581,-0.4251512,0.863892,-0.15336717000000002,-0.3650821,0.756339,-0.1747436,-0.35980670000000003,0.662298,-0.1255705,-0.10352900000000001,0.0934007,-1.143551,-1.342052,0,-0.14098013,-0.3652783,0.771204,-0.05520640000000002,-0.141748,0.880443,-0.1258016,-0.223532,0.703511,0.0,0.0,0.515059,-0.015401999999999999,-0.010898000000000019,0.382442,-0.1747737,0.04902999999999996,0.378537,-0.07964950000000001,0.36505,0.663128,0.021343,0.02175699999999997,0.624506,-0.2114601,0.038080999999999976,0.780495,-0.07057580000000001,0.419547,0.683898,-1.143551,-1.342052,0,-0.26357600000000003,-0.46320300000000003,0.832925,-1.143551,-1.342052,0,-0.2114118,-0.49034600000000006,0.891486,-0.16548090000000001,0.501307,0.582008,-0.14100922000000002,0.512011,0.588525,-0.039915000000000006,0.441279,0.587827,-0.15633760000000002,0.386883,0.615724,-0.15319664000000002,0.376155,0.606765,-0.04295200000000002,0.36503399999999997,0.273463,1
-0.278861,-0.43083899999999997,0.949155,-0.15931599,-0.3761303,0.661138,-0.1836893,-0.3544791,0.542864,-1.14959,-1.412948,0,-1.14959,-1.412948,0,-0.14092444,-0.3868444,0.744708,-0.061264700000000005,-0.147281,0.849677,-0.1378372,-0.234365,0.690967,0.0,0.0,0.516099,-0.012286999999999992,-0.00010499999999996623,0.354054,-0.18681999999999999,0.005298000000000025,0.320203,-0.0826707,0.299528,0.609033,0.015256999999999993,0.005333000000000032,0.661256,-0.22666039999999998,-0.021834999999999993,0.758064,-0.076539,0.34314900000000004,0.592523,-1.14959,-1.412948,0,-0.275739,-0.474334,0.91842,-1.14959,-1.412948,0,-0.22367589999999998,-0.48520769999999996,0.861164,-0.1806277,0.43571100000000007,0.553896,-0.15619783,0.44135900000000006,0.536698,-0.04283000000000001,0.37038000000000004,0.555986,-0.1654168,0.32135,0.521535,-0.15941201,0.31045900000000004,0.543526,-0.036895,0.30503100000000005,0.281874,1
-0.272709,-0.4196959,0.884284,-0.15315835,-0.3544014,0.740711,-0.17763500000000002,-0.3487547,0.641141,-1.1435170000000001,-1.374737,0,-1.1435170000000001,-1.374737,0,-0.12876490000000002,-0.37056599,0.755706,-0.05534220000000001,-0.136178,0.861895,-0.13490127000000002,-0.223348,0.765355,0.0,0.0,0.530725,-0.018436000000000008,-0.005508999999999986,0.375061,-0.17776730000000002,0.010873000000000022,0.392004,-0.0827135,0.332276,0.650274,0.02135999999999999,0.010838999999999988,0.621892,-0.2205278,0.016324000000000005,0.760283,-0.0734902,0.386841,0.662657,-1.1435170000000001,-1.374737,0,-0.26962600000000003,-0.45790949999999997,0.844638,-1.1435170000000001,-1.374737,0,-0.2175226,-0.47964799999999996,0.899024,-0.1746415,0.47396400000000005,0.573963,-0.15019171,0.479753,0.564303,-0.03986200000000001,0.408705,0.582688,-0.1563909,0.354178,0.670282,-0.15330158,0.34338,0.686345,-0.03991900000000001,0.33233100000000004,0.292968,1
-0.272536,-0.4357575,0.930357,-0.15006685,-0.38125000000000003,0.73752,-0.1744869,-0.375803,0.619717,-0.14394778,-0.16878400000000005,0.176928,-0.1807064,-0.16314500000000004,0.266688,-0.1285813,-0.38145700000000005,0.747973,-0.052065700000000006,-0.15252500000000002,0.850624,-0.1256881,-0.22319,0.700511,0.0,0.0,0.519471,-0.021404000000000006,-0.021614000000000022,0.347181,-0.1899382,-0.043432000000000026,0.264614,-0.082635,0.19633699999999993,0.637911,0.01832800000000001,0.005605000000000027,0.648935,-0.2206519,-0.08159700000000003,0.795352,-0.0734983,0.24533199999999994,0.667002,-1.1403780000000001,-1.494416,0,-0.26950799999999997,-0.4739991,0.948707,-1.1403780000000001,-1.494416,0,-0.22039150000000002,-0.48498273000000003,0.872783,-0.168443,0.35427899999999996,0.47639,-0.13782239000000002,0.3599109999999999,0.466288,-0.04581020000000001,0.261708,0.573953,-0.1561577,0.23461799999999994,0.681716,-0.15022719,0.22894399999999998,0.692358,-0.0489594,0.18560099999999996,0.332551,1
-0.28791500000000003,-0.41434508,0.882384,-0.16525386,-0.35417469999999995,0.714878,-0.1837255,-0.3542091,0.563398,-0.1438661,-0.13638,0.213862,-0.1930359,-0.10905199999999998,0.330745,-0.14700000000000002,-0.349093,0.771679,-0.07340270000000002,-0.13067799999999996,0.857966,-0.15615587,-0.21813799999999997,0.764422,0.0,0.0,0.508926,-0.009156999999999998,-0.005630999999999997,0.337038,-0.19295110000000001,0.005298999999999998,0.282954,-0.11021890000000001,0.272397,0.655864,0.006163000000000002,0.016296000000000033,0.63469,-0.2389673,-0.01124799999999998,0.799162,-0.09176250000000001,0.33770900000000004,0.637636,-1.1587290000000001,-1.418415,0,-0.284854,-0.45242309999999997,0.864229,-1.1587290000000001,-1.418415,0,-0.2357834,-0.47415029999999997,0.884376,-0.1898582,0.43048700000000006,0.593457,-0.16837321,0.44121299999999997,0.568415,-0.05503000000000001,0.359565,0.50959,-0.1715902,0.310415,0.704717,-0.16853081,0.29974,0.729226,-0.07350740000000001,0.261748,0.226779,1
-0.27570300000000003,-0.430552,0.894316,-0.16533302,-0.349044,0.676868,-0.18067729999999999,-0.348798,0.565109,-1.161826,-1.238585,0,-1.161826,-1.238585,0,-0.1469989,-0.349116,0.794258,-0.0795661,-0.125297,0.749288,-0.1469321,-0.2124993,0.278209,0.0,0.0,0.523511,-0.006078,0.005245,0.337275,-0.174674,0.16874700000000004,0.46702,-0.09797739999999999,0.479207,0.687539,0.003155999999999992,0.005216999999999999,0.617344,-0.2174617,0.13613999999999998,0.864519,-0.0888427,0.5283519999999999,0.716484,-1.161826,-1.238585,0,-0.26965300000000003,-0.468727,0.917132,-1.161826,-1.238585,0,-0.2206324,-0.47953599999999996,0.94646,-0.1929096,0.6103019999999999,0.717449,-0.17146944,0.6159190000000001,0.683655,-0.05817599999999999,0.5610900000000001,0.636047,-0.1806739,0.490346,0.641967,-0.17159322999999999,0.47960700000000006,0.672904,-0.055099999999999996,0.479431,0.267727,1
-0.272725,-0.43042850000000005,0.941958,-0.15009777000000002,-0.3761334,0.641286,-0.1745034,-0.3706953,0.480681,-0.12556060000000002,-0.15266200000000002,0.104612,-0.1776085,-0.12001800000000001,0.139743,-0.12874010000000002,-0.3760762,0.695202,-0.055111300000000016,-0.13643700000000003,0.846094,-0.13476352000000003,-0.21821100000000002,0.672115,0.0,0.0,0.51757,-0.009187,-0.005583000000000005,0.332398,-0.19600410000000001,-0.081895,0.335636,-0.09798180000000001,0.228755,0.638819,0.015370999999999996,0.010841999999999963,0.643228,-0.22362740000000003,-0.043837000000000015,0.820793,-0.07962340000000001,0.272546,0.672706,-1.143441,-1.456506,0,-0.272502,-0.46854890000000005,0.88368,-1.143441,-1.456506,0,-0.22355260000000002,-0.4794155,0.928627,-0.17447210000000002,0.392183,0.473587,-0.14702968000000002,0.39770500000000003,0.468559,-0.051944900000000016,0.288816,0.529357,-0.15631080000000003,0.272507,0.707042,-0.1561722,0.2668519999999999,0.71851,-0.05816070000000001,0.223346,0.249178,1
-0.26965,-0.435751,0.865486,-0.15311664000000003,-0.3545461,0.715658,-0.174684,-0.3489861,0.633614,-1.146604,-1.287584,0,-1.146604,-1.287584,0,-0.13168960000000002,-0.3706471,0.776588,-0.06129820000000001,-0.131085,0.832406,-0.13187300000000002,-0.21813670000000002,0.679218,0.0,0.0,0.536102,-0.015422000000000019,-0.005508000000000013,0.404271,-0.1807639,0.08159299999999997,0.306,-0.09805450000000002,0.41945400000000005,0.627219,0.021355999999999986,0.016210000000000002,0.615542,-0.2053066,0.08732400000000001,0.812741,-0.07657500000000002,0.47403999999999996,0.689773,-1.146604,-1.287584,0,-0.26049500000000003,-0.474003,0.854652,-1.146604,-1.287584,0,-0.21140810000000002,-0.48503,0.906212,-0.17471240000000002,0.5610139999999999,0.608756,-0.15317571000000002,0.566678,0.615808,-0.04603700000000001,0.49583000000000005,0.606171,-0.16548290000000002,0.43609499999999995,0.608546,-0.1593843,0.43049999999999994,0.594973,-0.07659080000000001,0.42477499999999996,0.177253,1
-0.27569,-0.430606,0.910318,-0.16543389,-0.35401,0.643571,-0.1837997,-0.343352,0.542228,-1.161811,-1.238312,0,-1.161811,-1.238312,0,-0.1470332,-0.36494099999999996,0.774276,-0.07649960000000001,-0.130626,0.804688,-0.1469861,-0.23416054,0.586603,0.0,0.0,0.523881,-0.0030160000000000187,0.00013799999999999923,0.339966,-0.17158443,0.17464900000000003,0.504654,-0.0980251,0.47949300000000006,0.657356,0.0030779999999999974,-4.299999999998749e-05,0.59771,-0.2174451,0.13633599999999998,0.85724,-0.0917696,0.5234230000000001,0.711232,-1.161811,-1.238312,0,-0.269625,-0.47390299999999996,0.948809,-1.161811,-1.238312,0,-0.2205371,-0.479634,0.935625,-0.19291470000000002,0.610583,0.714339,-0.1714747,0.616209,0.681917,-0.05816800000000001,0.5560350000000001,0.627502,-0.1837202,0.490683,0.637163,-0.17164362,0.484943,0.659718,-0.052099000000000006,0.48508400000000007,0.242631,1
-0.28505800000000003,-0.4358302,0.930157,-0.16236826000000001,-0.3649929,0.678564,-0.1838171,-0.3595852,0.520472,-0.12564430000000001,-0.14157999999999998,0.192816,-0.18992530000000002,-0.10355799999999998,0.393119,-0.1439871,-0.36508799999999997,0.732338,-0.06759060000000001,-0.13643499999999997,0.791228,-0.14703014,-0.223375,0.690626,0.0,0.0,0.531334,-0.018371,-0.00531100000000001,0.365544,-0.1961135,-0.03259299999999998,0.293889,-0.09188990000000001,0.28898500000000005,0.571293,0.012188999999999978,0.00010599999999999499,0.652123,-0.23593960000000003,-0.016235,0.798414,-0.08572810000000002,0.33790200000000004,0.610778,-1.155759,-1.418199,0,-0.28476900000000005,-0.479192,0.892601,-1.155759,-1.418199,0,-0.2327761,-0.484821,0.902532,-0.1868933,0.430628,0.548483,-0.16244992,0.43626699999999996,0.518075,-0.04899500000000001,0.37056900000000004,0.548354,-0.168551,0.30551000000000006,0.616419,-0.16553690000000001,0.29996200000000006,0.625672,-0.045945000000000014,0.29981,0.227757,1
-0.27873000000000003,-0.4305253,0.920655,-0.15319622,-0.3758541,0.701605,-0.1777092,-0.37048410000000004,0.57525,-0.15019846,-0.14714300000000002,0.126116,-0.1777145,-0.12551600000000002,0.0799648,-0.1288081,-0.3759962,0.775026,-0.05826840000000001,-0.14722100000000005,0.857228,-0.1348519,-0.23434800000000003,0.732349,0.0,0.0,0.509989,-0.012284000000000017,-0.010938000000000003,0.34062,-0.18089460000000002,0.01078399999999996,0.312986,-0.0981262,0.245278,0.609296,0.015296000000000004,0.010824999999999974,0.666331,-0.22676590000000002,-0.038356,0.793368,-0.0797704,0.288914,0.639838,-1.146599,-1.4455740000000001,0,-0.27568800000000004,-0.46879360000000003,0.940706,-1.146599,-1.4455740000000001,0,-0.22371380000000002,-0.49050530000000003,0.867914,-0.1746357,0.403034,0.514452,-0.15016705,0.408659,0.522439,-0.0490907,0.315951,0.52307,-0.15945800000000002,0.283381,0.701514,-0.15644402000000002,0.277679,0.716781,-0.06129760000000001,0.23968699999999998,0.191851,1
-0.269718,-0.446655,0.890681,-0.15008636,-0.381508,0.718398,-0.1746069,-0.375765,0.613566,-0.13482167,-0.16351,0.122165,-0.1837981,-0.152526,0.17525,-0.1256107,-0.3976613,0.723559,-0.0551469,-0.16347500000000004,0.851374,-0.14400251,-0.250532,0.798222,0.0,0.0,0.52755,-0.021461999999999995,-0.016159000000000034,0.362498,-0.1899069,-0.05443400000000004,0.28179,-0.0888376,0.20711499999999994,0.610138,0.021337999999999996,0.005554999999999977,0.633918,-0.2205877,-0.07642100000000002,0.792323,-0.0764824,0.245402,0.653979,-1.140404,-1.4890240000000001,0,-0.269436,-0.47416780000000003,0.890205,-1.140404,-1.4890240000000001,0,-0.217557,-0.5012412,0.906177,-0.16844409999999999,0.35950499999999996,0.480605,-0.14392157,0.36519999999999997,0.502537,-0.04586710000000001,0.267173,0.529507,-0.1562576,0.24003799999999997,0.693492,-0.1531578,0.23432799999999998,0.712908,-0.05196630000000001,0.19110899999999997,0.237159,1
-0.275768,-0.430672,0.830514,-0.16834419,-0.370496,0.717476,-0.18982,-0.36505160000000003,0.601919,-1.16183,-1.265712,0,-1.16183,-1.265712,0,-0.1469318,-0.370729,0.810219,-0.0735585,-0.141644,0.83937,-0.1471444,-0.2343739,0.768741,0.0,0.0,0.50588,-0.012214000000000003,0.005402999999999991,0.338972,-0.1868214,0.130749,0.468658,-0.10111110000000001,0.441304,0.670308,0.006182999999999994,-6.60000000000105e-05,0.593172,-0.21756,0.10903499999999999,0.864484,-0.0948116,0.495736,0.732264,-1.16183,-1.265712,0,-0.26974,-0.46864700000000004,0.899821,-1.16183,-1.265712,0,-0.2207213,-0.49589,0.913837,-0.1899531,0.5830569999999999,0.705648,-0.16845965,0.5887100000000001,0.694847,-0.06430140000000001,0.5122610000000001,0.622041,-0.1806995,0.463166,0.651262,-0.1716569,0.452405,0.674867,-0.0673234,0.43058599999999997,0.276233,1
-0.293878,-0.4303621,0.945649,-0.16529121,-0.3651534,0.617348,-0.1867401,-0.3597653,0.442694,-0.1469223,-0.13096600000000003,0.129032,-0.1959428,-0.10897800000000002,0.281722,-0.1468772,-0.3651179,0.706407,-0.0735837,-0.13092200000000004,0.809695,-0.16832789,-0.234444,0.657383,0.0,0.0,0.51739,-0.015222000000000013,-0.010904000000000025,0.339513,-0.2082315,-0.054523000000000044,0.38702,-0.0949455,0.30503600000000003,0.569249,0.006204999999999988,0.005451999999999957,0.645759,-0.24194690000000002,-0.005547000000000024,0.804902,-0.0918183,0.34879,0.635919,-1.161774,-1.407434,0,-0.287875,-0.46888040000000003,0.915538,-1.161774,-1.407434,0,-0.2358044,-0.4744572,0.875908,-0.192932,0.44143899999999997,0.573777,-0.16847803,0.447054,0.535347,-0.058134000000000005,0.37598499999999996,0.558774,-0.1746106,0.31624899999999995,0.607033,-0.17158367,0.31071299999999996,0.619816,-0.049047999999999994,0.31605500000000003,0.253431,1
-0.27251400000000003,-0.4304696,0.891076,-0.15001416,-0.365054,0.734542,-0.17453059999999998,-0.359464,0.615195,-0.156248,-0.14699299999999998,0.0945723,-0.1868831,-0.14160499999999998,0.0903048,-0.1255577,-0.370573,0.750274,-0.05506799999999999,-0.147115,0.861943,-0.14092207099999998,-0.234099,0.809584,0.0,0.0,0.504457,-0.02143099999999999,-0.010853000000000002,0.340536,-0.1960663,-0.05446200000000001,0.29468,-0.0980668,0.21805500000000005,0.677877,0.02135100000000001,0.016347,0.619424,-0.22057729999999998,-0.065272,0.799606,-0.07659529999999999,0.26704100000000003,0.665286,-1.140396,-1.472717,0,-0.269502,-0.46323307,0.883045,-1.140396,-1.472717,0,-0.22045749999999997,-0.4849255,0.914365,-0.1623273,0.370507,0.410383,-0.13477886,0.37606900000000004,0.437421,-0.04891279999999999,0.28345899999999996,0.527952,-0.1561996,0.256395,0.754059,-0.1531274,0.250704,0.765529,-0.07045889999999999,0.21265499999999998,0.211106,1
-0.278691,-0.4196901,0.873714,-0.15622851000000001,-0.3597804,0.707164,-0.17763130000000002,-0.35439800000000005,0.541186,-1.149627,-1.342106,0,-1.149627,-1.342106,0,-0.13793660000000002,-0.35991690000000004,0.778843,-0.061350600000000005,-0.13635200000000003,0.855078,-0.14098647,-0.22364700000000004,0.734724,0.0,0.0,0.496492,-0.015324000000000004,-0.010877999999999999,0.353321,-0.18996410000000002,0.027121000000000006,0.364396,-0.09189940000000002,0.37036499999999994,0.68014,0.015261999999999998,0.021632999999999958,0.635593,-0.2175242,0.038051,0.75777,-0.0766373,0.419644,0.646164,-1.149627,-1.342106,0,-0.272669,-0.45274600000000004,0.870253,-1.149627,-1.342106,0,-0.22063320000000003,-0.479595,0.840085,-0.1776662,0.506603,0.597313,-0.15316167,0.51232,0.588905,-0.042978000000000016,0.45217699999999994,0.584003,-0.162443,0.386864,0.68606,-0.15932867,0.38118799999999997,0.693979,-0.06122520000000001,0.35419999999999996,0.221533,1
-0.27280800000000005,-0.4356977,0.928764,-0.14714182,-0.3813072,0.621001,-0.1563325,-0.38137889999999997,0.437711,-0.1225669,-0.157997,0.124577,-0.17781560000000002,-0.13627,0.25238,-0.13489802,-0.3759597,0.699848,-0.055349200000000015,-0.13595000000000002,0.865374,-0.13173980000000002,-0.228732,0.744551,0.0,0.0,0.529236,-0.006201000000000012,-0.010940000000000005,0.356206,-0.20218080000000002,-0.12521300000000002,0.545116,-0.09801670000000001,0.21821199999999996,0.628703,0.015222999999999987,0.021785,0.619645,-0.22369740000000002,-0.04907600000000001,0.820372,-0.0797212,0.267251,0.705477,-1.143524,-1.461808,0,-0.26970000000000005,-0.4738886,0.86714,-1.143524,-1.461808,0,-0.2206441,-0.484728,0.914582,-0.17160540000000002,0.38694399999999995,0.514902,-0.14710928,0.392431,0.504192,-0.05205140000000001,0.288813,0.559694,-0.16239940000000003,0.267185,0.678403,-0.15639050000000002,0.261567,0.68072,-0.05820850000000001,0.21792599999999995,0.251546,1
-0.284934,-0.4411761,0.921702,-0.16227787000000002,-0.3651231,0.72698,-0.183728,-0.3596967,0.599531,-0.11945190000000001,-0.14733999999999997,0.269565,-0.18986150000000002,-0.11985400000000002,0.526692,-0.1409668,-0.3653192,0.749326,-0.06752000000000001,-0.141679,0.867731,-0.14396360000000002,-0.223651,0.725181,0.0,0.0,0.512818,-0.021422000000000024,0.010770000000000002,0.329064,-0.1991293,0.032548999999999995,0.293968,-0.11028180000000001,0.277874,0.64689,0.012322,-0.005496000000000001,0.642707,-0.23587200000000003,-0.021838000000000024,0.79955,-0.0888247,0.33227999999999996,0.632693,-1.155734,-1.423788,0,-0.281801,-0.4742492,0.853414,-1.155734,-1.423788,0,-0.23281190000000002,-0.4851515,0.911074,-0.18680670000000002,0.42502100000000004,0.586756,-0.16241365000000002,0.43582000000000004,0.573957,-0.05513100000000001,0.34332599999999996,0.498639,-0.1716202,0.305316,0.694128,-0.16846440000000001,0.29949699999999996,0.720658,-0.0796507,0.267098,0.1961,1
-0.26958499999999996,-0.4305362,0.888294,-0.14998174,-0.370452,0.769687,-0.1744742,-0.359809,0.643366,-0.140823308,-0.15821799999999997,0.193319,-0.18071790000000001,-0.147304,0.347245,-0.1256049,-0.370874,0.777435,-0.055076,-0.14183999999999997,0.847425,-0.13780046,-0.23444199999999998,0.751185,0.0,0.0,0.5088,-0.024347000000000008,-0.016374999999999973,0.337826,-0.2051567,-0.08722099999999999,0.314502,-0.08565500000000001,0.21785699999999997,0.577437,0.015444999999999987,0.01633000000000001,0.638703,-0.2204605,-0.060238000000000014,0.819965,-0.076402,0.250683,0.678966,-1.1403240000000001,-1.478313,0,-0.266493,-0.46350009999999997,0.874312,-1.1403240000000001,-1.478313,0,-0.2173792,-0.49042959999999997,0.886015,-0.1530916,0.35413000000000006,0.41499,-0.1285749,0.370309,0.447165,-0.0457978,0.272405,0.559419,-0.156104,0.250703,0.676183,-0.1530646,0.24507599999999996,0.678507,-0.0488079,0.20183600000000002,0.256358,1
-0.275821,-0.4357316,0.930349,-0.15627775,-0.3598305,0.716462,-0.1808226,-0.3542024,0.602084,-0.13786754,-0.136318,0.0628143,-0.1745834,-0.09278399999999998,0.0544507,-0.13188,-0.3813859,0.737942,-0.061233499999999996,-0.14704099999999998,0.824819,-0.13795135,-0.23971399999999998,0.667412,0.0,0.0,0.51945,-0.015350000000000003,-0.005291999999999963,0.360901,-0.1838784,0.032625000000000015,0.361945,-0.0796741,0.288811,0.539267,0.018303000000000014,0.00022500000000003073,0.650324,-0.22371249999999998,-0.021804999999999963,0.766671,-0.0796813,0.31612,0.583979,-1.146561,-1.418251,0,-0.275559,-0.4740358,0.882451,-1.146561,-1.418251,0,-0.2237056,-0.48489499999999996,0.914504,-0.1746656,0.425105,0.484857,-0.15313991999999998,0.430664,0.482778,-0.042942999999999995,0.34891500000000003,0.493317,-0.159314,0.31071200000000004,0.528875,-0.15633586,0.30514900000000006,0.536375,-0.033770999999999995,0.305132,0.242704,1
-0.281675,-0.4303708,0.952737,-0.15624570000000002,-0.37596229999999997,0.645136,-0.1776358,-0.3651103,0.473578,-0.1194023,-0.163445,0.217673,-0.183886,-0.12544899999999998,0.434847,-0.14391362,-0.3812295,0.726484,-0.061309600000000006,-0.13621,0.816461,-0.14094805,-0.21797699999999998,0.678705,0.0,0.0,0.498858,-0.012261999999999995,-0.01091700000000001,0.336454,-0.2051254,-0.07626899999999998,0.343641,-0.101097,0.23975100000000005,0.607487,0.012299000000000004,0.005584000000000033,0.657705,-0.2297103,-0.03827900000000001,0.812011,-0.08572010000000001,0.28880300000000003,0.687936,-1.149567,-1.4510049999999999,0,-0.278605,-0.4688447,0.93572,-1.149567,-1.4510049999999999,0,-0.22669640000000002,-0.4795523,0.881869,-0.1805932,0.39788999999999997,0.558022,-0.15615027,0.40338300000000005,0.548111,-0.058049100000000006,0.30518,0.555563,-0.1684136,0.27800900000000006,0.683112,-0.1623555,0.272382,0.705687,-0.061289800000000005,0.22902600000000006,0.218735,1
-0.284901,-0.4250733,0.862235,-0.16533584,-0.3598782,0.652965,-0.18375840000000002,-0.3544874,0.503116,-0.13778790000000002,-0.098273,0.0840475,-0.1836971,-0.04921700000000001,0.0840088,-0.1470606,-0.3652324,0.753803,-0.07044160000000001,-0.13103399999999998,0.842126,-0.1470372,-0.223401,0.700684,0.0,0.0,0.537619,-0.015261999999999998,-0.010907999999999973,0.363267,-0.1990923,0.02183099999999999,0.407465,-0.0980507,0.37056999999999995,0.649535,0.006272,0.01633499999999999,0.632888,-0.2265832,0.04907100000000003,0.766277,-0.08263000000000001,0.430443,0.6744,-1.158727,-1.3311169999999999,0,-0.27876,-0.46331,0.826376,-1.158727,-1.3311169999999999,0,-0.22361330000000001,-0.484939,0.888513,-0.1775736,0.512155,0.593235,-0.15006859,0.517859,0.602024,-0.05203600000000001,0.446929,0.600706,-0.1715673,0.397911,0.615954,-0.16847737000000002,0.392162,0.61035,-0.07046930000000001,0.359777,0.215902,1
-0.287972,-0.41424609999999995,0.879045,-0.16531891,-0.3487459,0.71839,-0.183735,-0.3487591,0.565958,-0.1224848,-0.13622499999999998,0.287152,-0.1899327,-0.076241,0.582461,-0.14707920000000002,-0.3486666,0.7658,-0.07346000000000001,-0.125544,0.787392,-0.15015221,-0.21261599999999997,0.647744,0.0,0.0,0.5044,-0.015294000000000002,-0.016340999999999994,0.321316,-0.21433480000000002,-0.032797999999999994,0.455939,-0.1162514,0.34313600000000005,0.682694,0.006217,0.010796000000000028,0.647573,-0.2358457,0.027224000000000026,0.791659,-0.09184210000000001,0.38675600000000004,0.6864,-1.158759,-1.369291,0,-0.284847,-0.4524221,0.837885,-1.158759,-1.369291,0,-0.2327073,-0.473931,0.884782,-0.18674190000000002,0.479331,0.61388,-0.16229159,0.48499600000000004,0.621392,-0.061259400000000006,0.39794100000000004,0.575028,-0.17770180000000002,0.365045,0.602796,-0.1715915,0.35411,0.632902,-0.09188190000000002,0.337826,0.167059,1
-0.26947699999999997,-0.42512639999999996,0.920102,-0.14704879,-0.375896,0.716658,-0.1685544,-0.365235,0.593827,-0.13173093,-0.163653,0.18229,-0.17459380000000002,-0.15278699999999995,0.403733,-0.12864019000000002,-0.376235,0.729228,-0.04903070000000001,-0.152526,0.875082,-0.13176085,-0.23432099999999997,0.732428,0.0,0.0,0.523497,-0.021465000000000012,-0.021695999999999993,0.376498,-0.199166,-0.09803899999999999,0.270366,-0.09178620000000001,0.20704499999999998,0.621816,0.018350000000000005,0.01622100000000004,0.641838,-0.2175857,-0.07094699999999998,0.807227,-0.07047700000000001,0.25074900000000006,0.676171,-1.137329,-1.483712,0,-0.266397,-0.46330669999999996,0.938555,-1.137329,-1.483712,0,-0.21447280000000002,-0.47953312,0.873355,-0.16235760000000002,0.364832,0.446437,-0.13171496000000002,0.370435,0.453885,-0.039801,0.2723590000000001,0.557372,-0.1531264,0.24536799999999998,0.720713,-0.1500402,0.23968300000000003,0.737448,-0.04904860000000001,0.19615600000000005,0.250767,1
-0.278733,-0.43052999999999997,0.842571,-0.16545958,-0.354448,0.720421,-0.18987300000000001,-0.3487452,0.621632,-1.161856,-1.249385,0,-1.161856,-1.249385,0,-0.1440286,-0.365055,0.797913,-0.0765395,-0.136112,0.847057,-0.1471602,-0.2288715,0.797914,0.0,0.0,0.529902,-0.006112000000000006,0.005380999999999997,0.353031,-0.177685,0.163438,0.46667,-0.1011185,0.46306,0.658468,0.0061340000000000006,-8.199999999999874e-05,0.606839,-0.21756520000000001,0.12544000000000002,0.865811,-0.088883,0.512341,0.718792,-1.161856,-1.249385,0,-0.272613,-0.463361,0.875345,-1.161856,-1.249385,0,-0.2207046,-0.485248,0.943478,-0.192884,0.5994710000000001,0.715233,-0.16852421,0.605101,0.696507,-0.058191999999999994,0.544927,0.633348,-0.1808069,0.479646,0.643564,-0.174561,0.46883300000000006,0.666874,-0.055131,0.468577,0.230394,1
-0.275732,-0.43054800000000004,0.915218,-0.15633313,-0.3595572,0.686693,-0.1806485,-0.3540339,0.566707,-0.1316088,-0.092444,0.0837202,-1.149631,-1.325496,0,-0.1349367,-0.3704171,0.758308,-0.06134669999999999,-0.13628,0.833011,-0.1378634,-0.2288591,0.708246,0.0,0.0,0.530538,-0.018421999999999994,-0.016208,0.366695,-0.1838593,0.043796999999999975,0.412908,-0.09807619999999999,0.38154299999999997,0.644738,0.015373000000000026,0.005572999999999995,0.641521,-0.21446719999999997,0.05475799999999997,0.766963,-0.07959129999999999,0.436234,0.687004,-1.149631,-1.325496,0,-0.266548,-0.47392900000000004,0.886263,-1.149631,-1.325496,0,-0.2144554,-0.484794,0.877404,-0.1776352,0.523128,0.578368,-0.150148547,0.528757,0.562044,-0.04599599999999998,0.46334299999999995,0.600677,-0.16543619999999998,0.40343300000000004,0.669272,-0.15943447,0.392641,0.664711,-0.07654549999999999,0.38155799999999995,0.199948,1
-0.275829,-0.4196949,0.913415,-0.15308791,-0.3650999,0.664354,-0.1715919,-0.364984,0.517858,-0.14092933,-0.141783,0.132508,-0.1838109,-0.10377799999999998,0.115788,-0.1318008,-0.3651947,0.777774,-0.058238399999999996,-0.125456,0.850236,-0.1317879,-0.207149,0.668054,0.0,0.0,0.487583,-0.01224900000000001,-0.011064000000000018,0.328339,-0.2022645,-0.06545299999999998,0.32632,-0.1040879,0.26150199999999996,0.668461,0.015252999999999989,0.02164900000000003,0.64594,-0.2267315,-0.02726200000000001,0.80695,-0.0826352,0.315942,0.682321,-1.146564,-1.434718,0,-0.272691,-0.4579317,0.926772,-1.146564,-1.434718,0,-0.2236317,-0.4742153,0.863043,-0.1775783,0.41417299999999996,0.605129,-0.15318393,0.41978,0.584605,-0.052056099999999994,0.332232,0.534303,-0.1654513,0.299557,0.736923,-0.1593236,0.288704,0.753841,-0.0705204,0.25074100000000005,0.199635,1
-0.27560399999999996,-0.4356908,0.951509,-0.15305099,-0.3864842,0.71832,-0.1775952,-0.3704442,0.579443,-0.14701089,-0.152414,0.125773,-0.17766490000000001,-0.163234,0.103918,-0.1286459,-0.3867002,0.749688,-0.055208400000000005,-0.15240900000000002,0.846318,-0.14092419,-0.234256,0.717238,0.0,0.0,0.545273,-0.018359999999999987,-0.02159099999999997,0.35989,-0.1990418,-0.07611899999999999,0.326523,-0.0918554,0.229086,0.641088,0.018316,0.005670999999999982,0.662244,-0.223597,-0.048904999999999976,0.789793,-0.0795334,0.278203,0.64495,-1.1434549999999999,-1.456252,0,-0.272488,-0.4740644,0.932004,-1.1434549999999999,-1.456252,0,-0.22055160000000001,-0.48491249999999997,0.875046,-0.1745333,0.39248800000000006,0.506572,-0.15006504,0.398068,0.511467,-0.0489671,0.305304,0.543562,-0.1562516,0.27261900000000006,0.72376,-0.1532695,0.26194399999999995,0.730243,-0.055051199999999995,0.22370900000000005,0.277905,1
-0.284961,-0.41416909,0.888749,-0.16225592,-0.3543501,0.725372,-0.1867584,-0.348825,0.594547,-0.1409045,-0.136326,0.242532,-0.1960642,-0.10357299999999997,0.383947,-0.13784639999999998,-0.35964589999999996,0.798021,-0.07040989999999998,-0.12535799999999997,0.835228,-0.15316115,-0.223236,0.732742,0.0,0.0,0.477332,-0.018347000000000002,-0.005471000000000004,0.307051,-0.21136629999999998,-0.03812599999999999,0.262434,-0.10416229999999999,0.28329000000000004,0.580681,0.00929000000000002,0.00553300000000001,0.626844,-0.2360146,-0.016311999999999993,0.815166,-0.08893499999999999,0.32147899999999996,0.624239,-1.15574,-1.423759,0,-0.28179699999999996,-0.4471399,0.88508,-1.15574,-1.423759,0,-0.2327329,-0.4740157,0.85868,-0.18690579999999998,0.425238,0.604513,-0.16542045,0.43596,0.566316,-0.058178499999999994,0.343201,0.497037,-0.1685969,0.305175,0.630299,-0.16556964,0.299577,0.652982,-0.0673172,0.261706,0.179546,1
-0.278727,-0.4305928,0.932026,-0.15916515,-0.37042761999999996,0.663629,-0.1806234,-0.3650638,0.543176,-0.1378614,-0.13077399999999997,0.0504942,-1.149566,-1.363764,0,-0.1378674,-0.37054372999999996,0.72373,-0.06110750000000001,-0.14706099999999997,0.852242,-0.1377693,-0.23424299999999998,0.740654,0.0,0.0,0.513958,-0.018366999999999994,-0.016349000000000002,0.356689,-0.199084,-0.021809999999999996,0.378166,-0.0949783,0.343283,0.628612,0.01536599999999999,0.005608000000000002,0.659077,-0.2204762,0.016555000000000042,0.770348,-0.07964510000000001,0.392393,0.637918,-1.149566,-1.363764,0,-0.27259900000000004,-0.47390299999999996,0.889969,-1.149566,-1.363764,0,-0.21747149999999998,-0.484909,0.851162,-0.18070250000000002,0.4847830000000001,0.586551,-0.15625829,0.490588,0.582919,-0.04896600000000001,0.414138,0.551936,-0.1653655,0.36515,0.645432,-0.15937484000000002,0.354364,0.664828,-0.0581738,0.33248200000000006,0.203038,1
-0.291032,-0.4304813,0.900847,-0.16852134,-0.3757072,0.682911,-0.1867757,-0.3705691,0.511877,-0.1285943,-0.157952,0.227667,-0.195942,-0.09798400000000002,0.495896,-0.162266367,-0.3757091,0.742718,-0.07355930000000001,-0.14164700000000002,0.780639,-0.16225683,-0.234188,0.539726,0.0,0.0,0.515194,-0.006061000000000011,-0.005464999999999998,0.338227,-0.2143025,-0.048965000000000036,0.373764,-0.0979686,0.31067500000000003,0.649619,0.0031889999999999974,0.005581000000000003,0.646422,-0.24186370000000001,-5.500000000002725e-05,0.793375,-0.09178850000000001,0.36504099999999995,0.642553,-1.161803,-1.4018760000000001,0,-0.28783800000000004,-0.4687044,0.908157,-1.161803,-1.4018760000000001,0,-0.238793,-0.48492480000000004,0.845312,-0.1959258,0.44690799999999997,0.611179,-0.17151057,0.452643,0.582304,-0.055117,0.39786699999999997,0.58735,-0.1745999,0.32699599999999995,0.585786,-0.17151057,0.316265,0.606823,-0.055079,0.31071099999999996,0.253723,1
-0.281853,-0.43043159999999997,0.905528,-0.16233328,-0.3597744,0.707266,-0.1837899,-0.3595762,0.584443,-1.152697,-1.374658,0,-1.152697,-1.374658,0,-0.1410526,-0.3597806,0.729369,-0.0644874,-0.136461,0.832226,-0.1410114,-0.22884,0.67541,0.0,0.0,0.487863,-0.012306000000000011,-0.005381999999999998,0.322617,-0.190064,-0.010805999999999982,0.441621,-0.09198229999999999,0.327023,0.6482,0.012217000000000006,0.005485000000000018,0.625208,-0.2266832,0.01640600000000003,0.745685,-0.0827133,0.38678799999999997,0.661664,-1.152697,-1.374658,0,-0.278725,-0.468601,0.844771,-1.152697,-1.374658,0,-0.226779,-0.484758,0.907326,-0.18379109999999999,0.473933,0.591449,-0.15935228,0.47971100000000005,0.593739,-0.052066,0.403349,0.583931,-0.1655667,0.35416,0.638071,-0.16246358,0.343454,0.653249,-0.055175699999999994,0.32156900000000005,0.248372,1
-0.281963,-0.43588908,0.901123,-0.1623786,-0.3651115,0.755361,-0.18698150000000002,-0.3595722,0.612597,-1.152678,-1.429114,0,-1.152678,-1.429114,0,-0.13785840000000002,-0.375952,0.749298,-0.06446280000000001,-0.152511,0.849299,-0.1561427,-0.234318,0.784114,0.0,0.0,0.496769,-0.018359000000000014,-0.005377000000000021,0.341398,-0.1807166,0.032826999999999995,0.3961,-0.08888520000000001,0.278038,0.477941,0.012328999999999979,0.00016399999999999748,0.631975,-0.2297534,-0.027121000000000006,0.781477,-0.0887711,0.299898,0.582431,-1.152678,-1.429114,0,-0.281731,-0.4686937,0.871299,-1.152678,-1.429114,0,-0.2326628,-0.4902682,0.919963,-0.1806627,0.41422000000000003,0.418069,-0.15622138000000002,0.419725,0.427101,-0.055104700000000006,0.337858,0.465521,-0.1654584,0.29978899999999997,0.602551,-0.16251384000000002,0.29425100000000004,0.60551,-0.036807000000000006,0.35424999999999995,0.237194,1
-0.27281,-0.4413305,0.881692,-0.15319387,-0.3759715,0.773656,-0.1778716,-0.35951140000000004,0.628456,-0.1532356,-0.14161600000000002,0.0972663,-0.180889,-0.130664,0.0589225,-0.1257033,-0.3867615,0.771616,-0.0582859,-0.15795700000000001,0.870851,-0.144018274,-0.250597,0.788358,0.0,0.0,0.539014,-0.02155299999999999,0.005460999999999994,0.382957,-0.1778245,0.01646900000000001,0.399062,-0.08589369999999999,0.26171099999999997,0.557976,0.021455000000000002,-0.010821000000000025,0.638943,-0.22368470000000001,-0.04348200000000002,0.775511,-0.0766288,0.299818,0.568659,-1.143562,-1.44544,0,-0.272555,-0.4742188,0.868722,-1.143562,-1.44544,0,-0.220648,-0.5012075,0.890038,-0.1716355,0.403113,0.483678,-0.15011808999999998,0.408796,0.492319,-0.03991,0.32707400000000003,0.484149,-0.156381,0.283492,0.667214,-0.15341095,0.27781300000000003,0.675934,-0.033872,0.27791400000000005,0.173052,1
-0.272573,-0.4359339,0.883081,-0.15005957,-0.375899,0.745603,-0.174655,-0.365229,0.617498,-0.14711491999999998,-0.158009,0.144635,-0.1868917,-0.14716300000000004,0.129518,-0.12266149999999999,-0.376282,0.7502,-0.0522087,-0.15272800000000003,0.878439,-0.13793909,-0.239853,0.764131,0.0,0.0,0.51567,-0.021487999999999993,-0.005482000000000042,0.352132,-0.1869485,-0.038158000000000025,0.308445,-0.0950475,0.21248399999999995,0.623178,0.02140800000000001,0.005459999999999965,0.630837,-0.2206763,-0.07109500000000002,0.793848,-0.0765711,0.250759,0.661862,-1.140455,-1.483725,0,-0.269547,-0.46884200000000004,0.892853,-1.140455,-1.483725,0,-0.2204567,-0.4957918,0.894025,-0.1685228,0.36484,0.495261,-0.14403235,0.37053699999999995,0.509728,-0.0459565,0.27241999999999994,0.5399,-0.1593021,0.24538699999999997,0.721532,-0.153235,0.23965699999999995,0.74428,-0.055159799999999995,0.201544,0.199999,1
-0.275597,-0.4143057,0.869084,-0.15017976,-0.35971169999999997,0.742303,-0.1776849,-0.3489625,0.643339,-0.1319133,-0.092919,0.114323,-0.1776433,-0.049277000000000015,0.0698794,-0.1256691,-0.3653832,0.767643,-0.058173,-0.13096,0.887706,-0.13785137,-0.22369499999999998,0.789245,0.0,0.0,0.506083,-0.021461000000000008,-0.005564999999999987,0.378305,-0.1899777,0.016303999999999985,0.368845,-0.094978,0.375769,0.684076,0.021438999999999986,0.016342999999999996,0.610211,-0.2174772,0.04367500000000002,0.772943,-0.07652640000000001,0.42501999999999995,0.668067,-1.1465670000000001,-1.336638,0,-0.269601,-0.45247899999999996,0.854465,-1.1465670000000001,-1.336638,0,-0.22051690000000002,-0.479589,0.861038,-0.1746657,0.512116,0.614841,-0.15017195,0.517833,0.598361,-0.04291500000000001,0.45224200000000003,0.583984,-0.1594028,0.392323,0.713136,-0.15629931,0.38664299999999996,0.727404,-0.0704348,0.37047700000000006,0.198544,1
-0.281781,-0.430473,0.893854,-0.16230339,-0.3545187,0.654246,-0.18375039999999998,-0.3490401,0.534538,-0.13786759999999998,-0.08754600000000001,0.0737054,-0.18067339999999998,-0.04380600000000001,0.063285,-0.14101339999999998,-0.3652818,0.758399,-0.073487,-0.13107600000000003,0.769011,-0.14392159999999998,-0.223757,0.672779,0.0,0.0,0.530748,-0.018301999999999985,-0.005682999999999994,0.372458,-0.18689,0.04342499999999999,0.431011,-0.0918692,0.386738,0.651697,0.009315000000000018,0.010741999999999974,0.612009,-0.22358519999999998,0.05451299999999998,0.774499,-0.0857598,0.43576099999999995,0.679971,-1.155689,-1.325782,0,-0.275626,-0.468799,0.854298,-1.155689,-1.325782,0,-0.22053869999999998,-0.47965100000000005,0.904798,-0.1836941,0.522928,0.584885,-0.15925002,0.52854,0.570727,-0.0581145,0.45221599999999995,0.58455,-0.17155969999999998,0.403243,0.665954,-0.16552716,0.39751400000000003,0.666791,-0.04905499999999999,0.39216399999999996,0.269716,1
-0.266589,-0.4306948,0.885698,-0.14703573,-0.37597400000000003,0.730979,-0.16847330000000002,-0.370628,0.607908,-0.1348011,-0.15819,0.217514,-0.18380860000000002,-0.15247,0.365845,-0.12867541000000002,-0.376184,0.761534,-0.05216000000000001,-0.152461,0.832696,-0.137847553,-0.234262,0.669092,0.0,0.0,0.533453,-0.018401000000000015,-0.021828000000000014,0.368214,-0.19915270000000002,-0.1199,0.395611,-0.09191020000000001,0.20169700000000002,0.650819,0.012248999999999982,0.016376999999999975,0.649222,-0.21755610000000003,-0.06565300000000002,0.830802,-0.073439,0.250702,0.686403,-1.137361,-1.483719,0,-0.263474,-0.4688057,0.874271,-1.137361,-1.483719,0,-0.21443440000000002,-0.4957552,0.883549,-0.16547030000000001,0.36491300000000004,0.512438,-0.14090551,0.37058800000000003,0.513136,-0.042845200000000014,0.272443,0.583547,-0.1562378,0.245259,0.709392,-0.15019790000000002,0.23956999999999995,0.719317,-0.049089700000000014,0.19613199999999997,0.259329,1
-0.275832,-0.43064564,0.886641,-0.15616812000000002,-0.3706774,0.762984,-0.18073170000000002,-0.35967319999999997,0.621029,-0.15616049,-0.14714299999999997,0.106316,-0.18083510000000003,-0.11999299999999996,0.0995093,-0.1316533,-0.376156,0.774106,-0.05830920000000002,-0.152702,0.858406,-0.13780160000000002,-0.23964199999999997,0.76662,0.0,0.0,0.523316,-0.01835400000000001,-0.016347,0.363579,-0.18067870000000003,0.016237,0.34735,-0.09183840000000001,0.25608600000000004,0.546254,0.015421999999999991,0.016147000000000022,0.654894,-0.2266669,-0.03830699999999998,0.781362,-0.08262200000000001,0.288902,0.613069,-1.146522,-1.440144,0,-0.272683,-0.46360049999999997,0.891529,-1.146522,-1.440144,0,-0.22360600000000003,-0.4904144,0.874111,-0.1715307,0.403084,0.420292,-0.15005059,0.408737,0.442956,-0.051950200000000016,0.31601100000000004,0.488127,-0.1592829,0.28875000000000006,0.674629,-0.15633984,0.28313,0.676735,-0.03983900000000001,0.26155300000000004,0.198108,1
-0.278922,-0.4253012,0.923509,-0.15613814999999998,-0.3706754,0.677799,-0.1777114,-0.365117,0.5072,-0.1317362,-0.15274700000000002,0.171716,-0.186919,-0.11981600000000003,0.228884,-0.1347351,-0.3758549,0.725585,-0.06122979999999999,-0.13097600000000004,0.816528,-0.14102497,-0.21813100000000002,0.627395,0.0,0.0,0.509586,-0.015316999999999997,-0.011033000000000015,0.354289,-0.20226339999999998,-0.08175199999999999,0.429501,-0.1041626,0.24523799999999996,0.631007,0.015272000000000008,0.010786999999999991,0.664191,-0.22979549999999999,-0.032723,0.819453,-0.08282519999999999,0.29432,0.674293,-1.149632,-1.445589,0,-0.27579299999999995,-0.46860250000000003,0.91924,-1.149632,-1.445589,0,-0.22661759999999997,-0.4742135,0.871287,-0.180659,0.403386,0.550802,-0.15627637,0.414038,0.527435,-0.05510709999999999,0.31592699999999996,0.542593,-0.1685118,0.28346399999999994,0.725562,-0.1624254,0.27781,0.737593,-0.06745979999999999,0.239688,0.195194,1
-0.284891,-0.4413466,0.876325,-0.16544542,-0.3759133,0.731658,-0.1869465,-0.3704311,0.603861,-0.15934,-0.13611600000000001,0.0647526,-1.155749,-1.407296,0,-0.14704434,-0.3812069,0.774385,-0.0674689,-0.15792699999999998,0.851268,-0.14705113,-0.250349,0.735505,0.0,0.0,0.502758,-0.018455,0.005444000000000004,0.338345,-0.1869586,0.005572999999999995,0.29009,-0.09192789999999999,0.30518199999999995,0.5749,0.012294,-0.010847999999999969,0.604831,-0.2297571,-0.021642999999999968,0.743475,-0.0796566,0.354151,0.566923,-1.155749,-1.407296,0,-0.278841,-0.4793829,0.863121,-1.155749,-1.407296,0,-0.2297492,-0.5065088,0.854679,-0.186829,0.44136600000000004,0.523997,-0.1623638,0.44716600000000006,0.511704,-0.046020000000000005,0.38151900000000005,0.537852,-0.1745978,0.32706100000000005,0.58657,-0.1685208,0.316036,0.604526,-0.042943999999999996,0.32167,0.234909,1
-0.269696,-0.44129480000000004,0.898175,-0.15003616,-0.38152600000000003,0.72804,-0.1715959,-0.38127700000000003,0.603866,-0.14700324,-0.17961900000000003,0.160417,-0.1746625,-0.168806,0.232878,-0.12868269999999998,-0.386672,0.762733,-0.05214479999999999,-0.157999,0.854287,-0.13178677,-0.25031800000000004,0.710032,0.0,0.0,0.528078,-0.018382999999999997,-0.021620000000000028,0.343073,-0.1838288,-0.07607800000000003,0.294996,-0.08578649999999999,0.20169499999999996,0.606335,0.018310999999999994,0.005668000000000006,0.650653,-0.2206339,-0.08177900000000005,0.818993,-0.0734934,0.245371,0.667283,-1.1404,-1.4944410000000001,0,-0.269399,-0.47425900000000004,0.900018,-1.1404,-1.4944410000000001,0,-0.22038259999999998,-0.49573061,0.874412,-0.1623092,0.348946,0.490394,-0.13175256,0.354494,0.519182,-0.042894,0.267224,0.595816,-0.1562694,0.23463599999999996,0.708425,-0.15316079999999999,0.22893699999999995,0.720825,-0.05198849999999999,0.18563299999999994,0.242819,1
-0.272508,-0.4412766,0.936982,-0.15009825000000002,-0.386797,0.722475,-0.1714966,-0.386633,0.584778,-0.13785385,-0.174356,0.154793,-0.18685200000000002,-0.16344999999999998,0.272297,-0.1317278,-0.38688100000000003,0.736265,-0.05218540000000001,-0.15796500000000002,0.835198,-0.12873710000000002,-0.223501,0.654954,0.0,0.0,0.533061,-0.015286000000000022,-0.010865999999999987,0.339091,-0.2022729,-0.16329100000000002,0.430814,-0.08876610000000001,0.19633899999999999,0.569148,0.015305999999999986,0.005602999999999969,0.63803,-0.22349180000000002,-0.08694099999999999,0.827331,-0.07648790000000001,0.23985700000000004,0.660395,-1.140388,-1.499944,0,-0.26946000000000003,-0.4794265,0.947207,-1.140388,-1.499944,0,-0.2204811,-0.49040404,0.885473,-0.1715681,0.34883800000000004,0.517157,-0.14705013,0.354554,0.506109,-0.04592120000000001,0.25081099999999995,0.542312,-0.15618920000000003,0.22895499999999996,0.65742,-0.15311260000000002,0.22334499999999996,0.673781,-0.04590140000000001,0.18546,0.25892,1
-0.275626,-0.41980300000000004,0.880194,-0.1531958,-0.3651061,0.69276,-0.1746032,-0.359722,0.551924,-1.149607,-1.30934,0,-1.149607,-1.30934,0,-0.1347371,-0.3703472,0.780632,-0.061280899999999985,-0.1471,0.858854,-0.13492359999999998,-0.2287956,0.760058,0.0,0.0,0.52449,-0.02144299999999999,-0.021799999999999986,0.403674,-0.1868964,0.016264,0.517598,-0.09805829999999999,0.38152,0.628626,0.018353000000000008,0.016432000000000002,0.65214,-0.20844859999999998,0.07075300000000001,0.80559,-0.07967119999999998,0.45215199999999994,0.681372,-1.149607,-1.30934,0,-0.266497,-0.463212,0.887016,-1.149607,-1.30934,0,-0.21446569999999998,-0.47968900000000003,0.836398,-0.17761,0.5340929999999999,0.600779,-0.15311925999999998,0.5448120000000001,0.600397,-0.049047999999999994,0.47403900000000004,0.596005,-0.1684501,0.419522,0.615264,-0.16235429999999998,0.408781,0.612416,-0.06740159999999999,0.37611500000000003,0.200161,1
-0.28794200000000003,-0.4197392,0.892983,-0.16528054,-0.3648903,0.703664,-0.1867248,-0.3649685,0.574101,-0.1316415,-0.136289,0.206588,-0.1898283,-0.081764,0.47693,-0.1439933,-0.3597296,0.755858,-0.07048259999999999,-0.12528099999999998,0.833662,-0.15004373999999998,-0.223311,0.686554,0.0,0.0,0.501715,-0.015229999999999994,-0.01620100000000002,0.344776,-0.2021188,-0.027191999999999994,0.349059,-0.09499429999999999,0.32159400000000005,0.634754,0.0061470000000000136,0.01630999999999999,0.647325,-0.2387248,0.005473999999999979,0.795336,-0.0887535,0.370603,0.676358,-1.158713,-1.391011,0,-0.284787,-0.45799080000000003,0.889676,-1.158713,-1.391011,0,-0.2327051,-0.4794254,0.83745,-0.1867718,0.457577,0.580577,-0.1622891,0.463249,0.584118,-0.05509099999999999,0.39791,0.590868,-0.1715132,0.33785,0.593531,-0.16845960999999998,0.32718800000000003,0.607595,-0.052050999999999986,0.32157199999999997,0.2251,1
-0.272631,-0.441295,0.839512,-0.15929977,-0.365166,0.679431,-0.183702,-0.35427569999999997,0.560814,-1.155731,-1.276553,0,-1.155731,-1.276553,0,-0.137916,-0.37586949999999997,0.794673,-0.0674957,-0.141586,0.826708,-0.1410587,-0.2451129,0.774175,0.0,0.0,0.526372,-0.018345,-0.005504000000000009,0.372217,-0.1838242,0.12534299999999998,0.344286,-0.1071502,0.43049600000000005,0.712044,0.01225699999999999,0.005443000000000031,0.627355,-0.211433,0.09815000000000002,0.863443,-0.08569410000000001,0.48526300000000006,0.705791,-1.155731,-1.276553,0,-0.26648,-0.47430700000000003,0.910582,-1.155731,-1.276553,0,-0.21751410000000002,-0.495969,0.874473,-0.1867521,0.572244,0.672284,-0.16234008,0.577971,0.680579,-0.05207400000000001,0.5177970000000001,0.623946,-0.1777314,0.45241000000000003,0.666923,-0.168516,0.441622,0.678273,-0.08268740000000001,0.430588,0.217819,1
-0.272506,-0.4361106,0.954132,-0.15001431999999998,-0.38697000000000004,0.719055,-0.17139959999999999,-0.38681400000000005,0.554425,-0.12561309999999998,-0.17451100000000003,0.142361,-0.1776457,-0.16880700000000004,0.31505,-0.13171069,-0.38696800000000003,0.718695,-0.052117899999999995,-0.16328800000000004,0.827124,-0.13170735,-0.22889800000000005,0.644886,0.0,0.0,0.531844,-0.015266000000000002,-0.010866000000000042,0.340251,-0.20213209999999998,-0.13080600000000003,0.291896,-0.0857435,0.201648,0.549838,0.012330000000000008,0.005578000000000027,0.635244,-0.2206286,-0.08705400000000002,0.827233,-0.0764608,0.234481,0.658367,-1.140366,-1.499972,0,-0.26943799999999996,-0.4793579,0.942214,-1.140366,-1.499972,0,-0.2203854,-0.48513520000000004,0.882779,-0.1715745,0.34877699999999995,0.514194,-0.14703861999999998,0.35450699999999996,0.497974,-0.04586649999999999,0.25069899999999995,0.543476,-0.15614899999999998,0.22892099999999999,0.640875,-0.153086,0.22333299999999995,0.65724,-0.045887899999999995,0.18539999999999995,0.24891,1
-0.26666900000000004,-0.425039,0.886255,-0.14409321,-0.370603,0.703254,-0.16848000000000002,-0.365118,0.569363,-0.1195641,-0.152769,0.192392,-0.17475210000000002,-0.14706799999999998,0.420827,-0.1227059,-0.375903,0.745975,-0.05216870000000001,-0.14146599999999998,0.831183,-0.12873184000000001,-0.21784399999999998,0.638355,0.0,0.0,0.501137,-0.021439000000000014,-0.016274999999999984,0.333841,-0.1992498,-0.10899199999999998,0.353186,-0.08884990000000001,0.212712,0.601756,0.018264000000000002,0.01636399999999999,0.613173,-0.21769550000000001,-0.065214,0.818023,-0.07058610000000001,0.256312,0.66768,-1.137416,-1.478151,0,-0.26350300000000004,-0.4579455,0.890263,-1.137416,-1.478151,0,-0.21449420000000002,-0.47951088,0.865788,-0.16850920000000003,0.37063500000000005,0.51883,-0.1409685,0.37631100000000006,0.502976,-0.04290500000000001,0.27252699999999996,0.57022,-0.1532707,0.250845,0.666852,-0.15017180000000002,0.245197,0.684806,-0.046043600000000004,0.202013,0.276712,1
-0.27581999999999995,-0.4360774,0.935909,-0.15929349999999998,-0.36521879999999995,0.678665,-0.1808853,-0.3542896,0.602426,-0.14706087699999998,-0.13630599999999998,0.0712728,-0.1807088,-0.10898399999999997,0.0719358,-0.13787121,-0.3868532,0.733042,-0.05823089999999999,-0.147212,0.843367,-0.13790507,-0.239699,0.686605,0.0,0.0,0.522833,-0.012306999999999985,-0.005432999999999966,0.362799,-0.18694039999999998,0.027183000000000013,0.28728,-0.07975729999999999,0.29429900000000003,0.58438,0.015377000000000002,0.005594000000000043,0.647442,-0.22366599999999998,-0.021816000000000002,0.755227,-0.0796334,0.32699400000000006,0.537279,-1.146581,-1.418278,0,-0.27273499999999995,-0.4794345,0.906368,-1.146581,-1.418278,0,-0.22365179999999998,-0.48521119999999995,0.894199,-0.17773049999999999,0.43039600000000006,0.535468,-0.15624016999999998,0.43604899999999996,0.51629,-0.04292699999999999,0.35965300000000006,0.491236,-0.15940949999999998,0.310733,0.504661,-0.15635317999999998,0.305143,0.524771,-0.03390599999999999,0.305162,0.263596,1
-0.278833,-0.4360941,0.887669,-0.15932306000000002,-0.3758855,0.779548,-0.18680950000000002,-0.36507049999999996,0.634328,-0.15615018,-0.15247699999999997,0.10631,-0.1868857,-0.12541000000000002,0.0619358,-0.1347699,-0.3816211,0.754593,-0.0613436,-0.15268500000000002,0.87769,-0.13790550000000001,-0.240036,0.746393,0.0,0.0,0.522376,-0.018314999999999998,0.01069199999999998,0.371814,-0.1807504,0.021633999999999987,0.409639,-0.08580890000000001,0.256086,0.531824,0.015446999999999989,-0.005531999999999981,0.634406,-0.2296521,-0.03826999999999997,0.78742,-0.08272840000000001,0.288803,0.59336,-1.149565,-1.440162,0,-0.278558,-0.4689628,0.87785,-1.149565,-1.440162,0,-0.2266696,-0.4960782,0.904458,-0.17756450000000001,0.40318099999999996,0.430495,-0.153147,0.408722,0.43853,-0.04900700000000001,0.32144,0.465905,-0.1623628,0.28877899999999995,0.631046,-0.15940751,0.283139,0.636552,-0.036687,0.29420399999999997,0.230199,1
-0.272471,-0.4361324,0.939732,-0.14998448,-0.38687699999999997,0.714123,-0.1684577,-0.386741,0.540321,-0.1255384,-0.17972299999999997,0.136724,-0.1776476,-0.168701,0.334641,-0.13468998,-0.38691299999999995,0.724167,-0.05501669999999999,-0.163184,0.806605,-0.13469892,-0.22880799999999996,0.640279,0.0,0.0,0.533729,-0.018281999999999993,-0.016246999999999956,0.345323,-0.2021178,-0.125299,0.268503,-0.08571949999999999,0.20171,0.57005,0.012306000000000011,0.005572000000000077,0.640848,-0.223482,-0.08698799999999995,0.818381,-0.0735396,0.23993199999999998,0.65669,-1.140338,-1.499893,0,-0.269406,-0.4793491,0.946705,-1.140338,-1.499893,0,-0.22037439999999997,-0.485073,0.881328,-0.17150659999999998,0.34888800000000003,0.515847,-0.14698599999999998,0.35461500000000007,0.505047,-0.04582919999999999,0.250852,0.542516,-0.1561155,0.22901200000000005,0.654974,-0.15304379999999998,0.22340200000000004,0.670909,-0.045883699999999986,0.18550000000000005,0.256349,1
-0.26975899999999997,-0.4356404,0.931255,-0.14698519999999998,-0.37053119999999995,0.65988,-0.1624156,-0.37051629999999997,0.497302,-0.1164962,-0.16885999999999995,0.141124,-0.1776973,-0.13629699999999995,0.286208,-0.1257487,-0.3704381,0.721842,-0.05230759999999998,-0.130656,0.867351,-0.12882939999999998,-0.22366599999999998,0.723248,0.0,0.0,0.547675,-0.015380999999999978,-0.016320999999999974,0.348938,-0.19933849999999997,-0.11977399999999999,0.597147,-0.09497,0.22352500000000003,0.617973,0.018286999999999998,0.016436000000000006,0.632353,-0.22054269999999998,-0.048898,0.826379,-0.07663889999999998,0.27262100000000006,0.688394,-1.140475,-1.46184,0,-0.269495,-0.46862229,0.872382,-1.140475,-1.46184,0,-0.22048059999999997,-0.4796117,0.922218,-0.1715129,0.38687,0.546191,-0.14406730999999998,0.392384,0.537406,-0.048946799999999985,0.294367,0.583606,-0.1563387,0.26713000000000003,0.660548,-0.1532809,0.26152100000000006,0.671323,-0.055166699999999985,0.21807100000000007,0.226228,1
-0.275711,-0.441404,0.831987,-0.15937195899999998,-0.37067,0.678524,-0.180811,-0.3651584,0.567374,-1.158823,-1.265755,0,-1.158823,-1.265755,0,-0.1408961,-0.37607,0.796327,-0.0735289,-0.1471,0.82608,-0.1470675,-0.239852,0.771712,0.0,0.0,0.538052,-0.018369999999999997,-0.00013299999999999423,0.393522,-0.1716772,0.14716999999999997,0.506388,-0.09495379999999999,0.44127999999999995,0.676433,0.012197000000000013,0.005423999999999984,0.618114,-0.2145647,0.10907699999999998,0.859733,-0.09183329999999999,0.49582699999999996,0.733326,-1.158823,-1.265755,0,-0.269574,-0.47409500000000004,0.881736,-1.158823,-1.265755,0,-0.2205487,-0.501274,0.925412,-0.1899184,0.5830629999999999,0.713363,-0.1655442,0.5886899999999999,0.697772,-0.061287499999999995,0.5230319999999999,0.613511,-0.1777733,0.46315499999999993,0.603946,-0.17152309999999998,0.452409,0.614292,-0.05210699999999999,0.44139999999999996,0.328462,1
-0.281781,-0.4357048,0.927774,-0.16228612,-0.3595265,0.737019,-0.1867743,-0.3539307,0.622902,-0.14397044,-0.11432200000000003,0.0616322,-1.152667,-1.374564,0,-0.1379394,-0.37580008,0.726427,-0.0643768,-0.146992,0.836095,-0.1409021,-0.22886800000000002,0.707312,0.0,0.0,0.50319,-0.015344999999999998,-0.010722999999999983,0.339001,-0.1961057,-0.010882000000000003,0.401668,-0.0918633,0.332426,0.636961,0.012324000000000002,0.005676999999999988,0.627883,-0.2267158,0.011069999999999969,0.763916,-0.0826894,0.38692000000000004,0.645208,-1.152667,-1.374564,0,-0.275756,-0.4739962,0.862143,-1.152667,-1.374564,0,-0.2266901,-0.485023,0.881929,-0.1837751,0.474032,0.572223,-0.15933992,0.47979700000000003,0.559961,-0.052074999999999996,0.408857,0.579989,-0.1684547,0.35445400000000005,0.616067,-0.16246106,0.343646,0.625865,-0.0551474,0.32167999999999997,0.260179,1
-0.272497,-0.4303909,0.894897,-0.15002129,-0.359892,0.734602,-0.17455959999999998,-0.35424,0.603596,-0.16232169999999999,-0.141667,0.0710065,-1.140398,-1.467331,0,-0.1255668,-0.3759744,0.736261,-0.05223219999999999,-0.14173399999999997,0.867006,-0.13779173,-0.228845,0.774094,0.0,0.0,0.528229,-0.01839099999999999,-0.010788999999999993,0.353338,-0.1807419,-0.01635700000000001,0.27538,-0.09795229999999999,0.218096,0.675303,0.018349000000000004,0.016351000000000004,0.61916,-0.2206304,-0.059948999999999975,0.815843,-0.07662559999999999,0.272464,0.661374,-1.140398,-1.467331,0,-0.269511,-0.4579199,0.878622,-1.140398,-1.467331,0,-0.2203868,-0.4848157,0.91306,-0.1684156,0.38125499999999996,0.478789,-0.14391557,0.38684900000000005,0.490663,-0.04895819999999999,0.288819,0.534934,-0.1562406,0.261746,0.725058,-0.1531622,0.256049,0.732581,-0.0582472,0.21267300000000006,0.244132,1
-0.269767,-0.4306184,0.910399,-0.14697517999999998,-0.3654109,0.674937,-0.1715283,-0.354629,0.527132,-0.15014358,-0.13662200000000002,0.0986115,-0.1746255,-0.13097599999999998,0.0626662,-0.1226511,-0.3763173,0.73211,-0.0551478,-0.136677,0.85592,-0.14088674299999998,-0.22378900000000002,0.77232,0.0,0.0,0.54329,-0.015372999999999998,-0.005703000000000014,0.36806,-0.1960599,-0.054771000000000014,0.303686,-0.09504209999999999,0.223138,0.685216,0.021286,0.026907000000000014,0.637163,-0.2206299,-0.049427,0.823403,-0.0766664,0.272199,0.678478,-1.140453,-1.462096,0,-0.269517,-0.46337279000000003,0.868248,-1.140453,-1.462096,0,-0.2204929,-0.4797068,0.92328,-0.1654506,0.38130899999999995,0.462616,-0.140952427,0.39199900000000004,0.478943,-0.0490428,0.28321499999999994,0.526095,-0.1562442,0.26691400000000004,0.744779,-0.1531702,0.26121500000000003,0.751841,-0.0552342,0.21774999999999994,0.29636,1
-0.28186,-0.430327,0.915302,-0.1593465,-0.3650997,0.664463,-0.18072380000000002,-0.35954830000000004,0.517625,-1.155758,-1.3201260000000001,0,-1.155758,-1.3201260000000001,0,-0.14095380000000002,-0.3757941,0.776464,-0.06755580000000001,-0.13624100000000003,0.728704,-0.1409708,-0.22330490000000003,0.438157,0.0,0.0,0.528641,-0.01843800000000001,-0.021767000000000036,0.368992,-0.193098,0.02189399999999997,0.419727,-0.1041465,0.38692399999999993,0.649498,0.01225699999999999,0.010776999999999981,0.659249,-0.2175531,0.06008399999999997,0.790465,-0.0827085,0.441551,0.677074,-1.155758,-1.3201260000000001,0,-0.272678,-0.46880900000000003,0.892014,-1.155758,-1.3201260000000001,0,-0.2205835,-0.484927,0.849824,-0.18071790000000001,0.528395,0.590745,-0.15318928,0.534044,0.59402,-0.049069,0.46865999999999997,0.59437,-0.1716104,0.40882299999999994,0.655214,-0.16557286000000002,0.398035,0.650013,-0.0827205,0.38689299999999993,0.193502,1
-0.26674200000000003,-0.4359981,0.917622,-0.14415865,-0.38134,0.726798,-0.1686049,-0.375958,0.601246,-0.12874614,-0.16347299999999998,0.179359,-0.1777797,-0.163371,0.342485,-0.1225775,-0.38151599999999997,0.759267,-0.04922410000000001,-0.15789199999999998,0.849751,-0.137948858,-0.23975999999999997,0.688732,0.0,0.0,0.530576,-0.018497,-0.016341999999999968,0.351496,-0.2023374,-0.10900099999999996,0.283718,-0.0828072,0.19623100000000004,0.571856,0.01827099999999998,0.010709999999999997,0.638396,-0.220558,-0.08157799999999998,0.787507,-0.073524,0.23975900000000006,0.663446,-1.137439,-1.4945979999999999,0,-0.266471,-0.47421559999999996,0.936692,-1.137439,-1.4945979999999999,0,-0.2174319,-0.49038287999999997,0.866498,-0.16853600000000002,0.35409999999999997,0.501131,-0.14401166,0.359807,0.494376,-0.042941900000000005,0.25603700000000007,0.546065,-0.15327090000000002,0.23439500000000002,0.664528,-0.1501863,0.228746,0.67744,-0.045938400000000004,0.185446,0.277136,1
-0.275808,-0.430705,0.893268,-0.16236406,-0.37034,0.619698,-0.17464405,-0.370484,0.473413,-1.164936,-1.232892,0,-1.164936,-1.232892,0,-0.1501962,-0.35959399999999997,0.742036,-0.0796047,-0.14695329999999998,0.736537,-0.1470491,-0.22334393,0.379407,0.0,0.0,0.535899,-1.164936,-1.232892,0,-1.164936,-1.232892,0,-1.164936,-1.232892,0,0.0030880000000000074,-2.5999999999998247e-05,0.593383,-0.2175544,0.14163000000000003,0.824054,-0.0949501,0.528777,0.718523,-1.164936,-1.232892,0,-0.272737,-0.474075,0.945015,-1.164936,-1.232892,0,-0.2236535,-0.495714,0.891945,-0.1930088,0.615814,0.721854,-0.17156207,0.62147,0.733356,-0.064282,0.56146,0.613944,-1.164936,-1.232892,0,-1.164936,-1.232892,0,-1.164936,-1.232892,0,1
-0.272588,-0.414475,0.852886,-0.15002911,-0.35957799999999995,0.697672,-0.1715504,-0.3542957,0.565989,-1.14656,-1.298517,0,-1.14656,-1.298517,0,-0.1286285,-0.3596774,0.774996,-0.0582289,-0.12553799999999998,0.810721,-0.1348136,-0.2289307,0.757129,0.0,0.0,0.532684,-0.018424999999999997,-0.011003999999999958,0.419557,-0.180767,0.048972000000000016,0.444128,-0.0888726,0.40855100000000005,0.607766,0.018453999999999998,0.02177000000000001,0.635113,-0.208336,0.08159500000000003,0.807707,-0.0766502,0.463076,0.663272,-1.14656,-1.298517,0,-0.263467,-0.45267599999999997,0.877653,-1.14656,-1.298517,0,-0.21141959999999999,-0.479612,0.853858,-0.1746501,0.5447960000000001,0.555215,-0.15015803,0.555587,0.570986,-0.04898559999999999,0.48495800000000006,0.582524,-0.1623518,0.430301,0.584875,-0.15636347,0.4195940000000001,0.581007,-0.05825129999999999,0.403152,0.181661,1
-0.287943,-0.4252794,0.93793,-0.16226367,-0.3488983,0.682784,-0.18370039999999999,-0.3434206,0.542647,-0.12255749999999999,-0.114488,0.271506,-0.1899024,-0.06531500000000001,0.537709,-0.1408847,-0.36505251,0.746205,-0.0704963,-0.130722,0.837528,-0.15620873,-0.228897,0.705739,0.0,0.0,0.540278,-0.01833399999999999,-0.010882999999999976,0.37614,-0.1990813,0.01078800000000002,0.4169,-0.0979922,0.348638,0.642428,0.009233999999999992,0.005437000000000025,0.654096,-0.2357548,0.021903000000000006,0.761846,-0.08270119999999999,0.39784600000000003,0.63548,-1.158743,-1.363788,0,-0.284736,-0.468595,0.879107,-1.158743,-1.363788,0,-0.2327137,-0.474213,0.88238,-0.1837458,0.484761,0.592356,-0.159252918,0.490483,0.606642,-0.052060999999999996,0.41963799999999996,0.603017,-0.1745715,0.365239,0.589672,-0.16856948,0.359475,0.604587,-0.055092,0.34340499999999996,0.225517,1
-0.27260799999999996,-0.419558,0.843298,-0.15320581,-0.35434869999999996,0.755964,-0.1746976,-0.3485952,0.615749,-0.1287565,-0.09268599999999999,0.0903757,-1.146586,-1.292915,0,-0.1317902,-0.365135,0.79561,-0.05829509999999999,-0.136066,0.879142,-0.134894,-0.22336419999999998,0.781612,0.0,0.0,0.532872,-0.024562,-0.010774000000000006,0.419855,-0.1807591,0.04367599999999999,0.462197,-0.0919654,0.414124,0.615219,0.024499999999999994,0.02177000000000001,0.616369,-0.2083295,0.09262900000000002,0.796422,-0.079635,0.46872600000000003,0.685294,-1.146586,-1.292915,0,-0.260499,-0.45242899999999997,0.847924,-1.146586,-1.292915,0,-0.21144439999999998,-0.484685,0.886062,-0.1746879,0.550457,0.58971,-0.15318239,0.5612189999999999,0.603555,-0.0520065,0.495994,0.613747,-0.1594518,0.430676,0.606637,-0.15639567,0.425158,0.594961,-0.0643349,0.4141770000000001,0.177138,1
-0.281852,-0.43589199999999995,0.874283,-0.16539843999999998,-0.35967099999999996,0.656525,-0.1868786,-0.35412279999999996,0.559951,-1.16185,-1.287467,0,-1.16185,-1.287467,0,-0.1469375,-0.37062409999999996,0.781768,-0.0765805,-0.13626699999999997,0.806291,-0.15010779999999999,-0.22342679999999998,0.590777,0.0,0.0,0.52005,-0.012248999999999982,0.000134000000000023,0.330665,-0.17160692,0.16340100000000002,0.533101,-0.0980581,0.430374,0.645852,0.006191000000000002,-0.00012299999999998423,0.601247,-0.2236125,0.08725000000000005,0.833837,-0.0950583,0.474077,0.698427,-1.16185,-1.287467,0,-0.272759,-0.479248,0.88314,-1.16185,-1.287467,0,-0.2236821,-0.485039,0.911275,-0.19302229999999998,0.561391,0.663924,-0.17152324,0.5670109999999999,0.644368,-0.07030109999999999,0.495905,0.575124,-0.1746973,0.43603600000000003,0.599106,-0.17159965,0.43061,0.593493,-0.061276,0.430549,0.274446,1
-0.27264299999999997,-0.43082960000000003,0.932962,-0.14719693,-0.386741,0.702437,-0.17166789999999998,-0.381326,0.581117,-0.1257125,-0.16897800000000002,0.178526,-0.18076589999999998,-0.168846,0.388737,-0.1257083,-0.386954,0.766457,-0.05224599999999999,-0.15791500000000003,0.853976,-0.13487992999999998,-0.228993,0.674887,0.0,0.0,0.523691,-0.015395999999999993,-0.010855999999999977,0.346381,-0.1991686,-0.07638299999999998,0.27047,-0.07977009999999998,0.201581,0.617056,0.018329000000000012,0.005549000000000026,0.650164,-0.2206747,-0.08158900000000002,0.819417,-0.07367309999999999,0.23983500000000002,0.640419,-1.1404779999999999,-1.494591,0,-0.269587,-0.4740615,0.951962,-1.1404779999999999,-1.494591,0,-0.2205095,-0.48503912,0.877646,-0.1716839,0.35421899999999995,0.528972,-0.15015791,0.365063,0.501062,-0.04298389999999999,0.261574,0.534874,-0.1562613,0.234321,0.629763,-0.1531813,0.228727,0.648385,-0.04902089999999999,0.18555,0.30015,1
-0.284941,-0.4089142,0.874228,-0.16232865,-0.348786,0.663861,-0.1807869,-0.34362550000000003,0.525929,-0.1347651,-0.11465599999999998,0.1805,-0.1869553,-0.07639400000000002,0.410911,-0.14395419999999998,-0.3488047,0.789927,-0.07053729999999998,-0.12541,0.840522,-0.15925097,-0.218036,0.793996,0.0,0.0,0.520379,-0.015314999999999995,-0.016432000000000002,0.33845,-0.2113193,-0.038239999999999996,0.606555,-0.09807929999999998,0.343182,0.656148,0.00917900000000002,0.016212000000000004,0.638944,-0.23286089999999998,0.027042999999999984,0.794613,-0.08575219999999999,0.39228399999999997,0.67871,-1.155739,-1.369367,0,-0.281796,-0.447054,0.844408,-1.155739,-1.369367,0,-0.2297736,-0.4686536,0.864014,-0.1868482,0.479251,0.593771,-0.16240262,0.48504499999999995,0.591023,-0.05210999999999999,0.424871,0.598633,-0.1715341,0.35956999999999995,0.619076,-0.16553669,0.34882899999999994,0.63619,-0.06129459999999999,0.343117,0.198854,1
-0.26964699999999997,-0.4306297,0.908351,-0.14697651,-0.38128700000000004,0.753143,-0.1715111,-0.375732,0.611309,-0.13784764,-0.16347700000000004,0.178163,-0.1807381,-0.16327800000000003,0.313583,-0.1225501,-0.38672300000000004,0.767498,-0.05506949999999999,-0.15231500000000003,0.847557,-0.13175092,-0.234194,0.716934,0.0,0.0,0.500771,-0.021394999999999997,-0.02166100000000004,0.322903,-0.2022474,-0.147011,0.372644,-0.09180379999999999,0.201687,0.585832,0.018331000000000014,0.010904999999999998,0.63784,-0.22349049999999998,-0.07611900000000005,0.828944,-0.0764481,0.24528,0.676884,-1.140375,-1.48903,0,-0.266505,-0.4687426,0.910152,-1.140375,-1.48903,0,-0.2175104,-0.49026239000000005,0.868251,-0.1715271,0.359686,0.527124,-0.14701096,0.3654,0.512587,-0.045909500000000006,0.256249,0.568527,-0.1562545,0.23991,0.657956,-0.15315,0.23430899999999993,0.677952,-0.048989000000000005,0.19097999999999998,0.277759,1
-0.294126,-0.41976349999999996,0.921508,-0.17142343999999998,-0.36493539999999997,0.641835,-0.1777052,-0.3703551,0.473547,-0.1102412,-0.10347599999999998,0.350168,-0.1959804,-0.059807,0.741543,-0.15927077,-0.35957332,0.712813,-0.07958169999999999,-0.11993199999999998,0.784584,-0.17152631,-0.23435399999999998,0.741705,0.0,0.0,0.538945,-0.003033999999999981,6.80000000000125e-05,0.370701,-0.1960691,0.032737000000000016,0.344356,-0.10113019999999999,0.35967099999999996,0.639443,0.006124000000000018,9.300000000000974e-05,0.625476,-0.2419211,0.03281700000000004,0.777412,-0.0948768,0.408795,0.655107,-1.164904,-1.352838,0,-0.29090099999999997,-0.463119,0.897282,-1.164904,-1.352838,0,-0.2358565,-0.46874099999999996,0.84998,-0.1929128,0.495822,0.610821,-0.165434839,0.501505,0.617539,-0.061279,0.43054100000000006,0.58649,-0.18077959999999998,0.37617500000000004,0.565714,-0.1776109,0.37042200000000003,0.586377,-0.05822999999999999,0.35975500000000005,0.262291,1
-0.269479,-0.4250771,0.902683,-0.14389421,-0.375984,0.728157,-0.1684429,-0.370521,0.589259,-0.12872501,-0.168829,0.171178,-0.1745882,-0.158146,0.477473,-0.1195122,-0.381311,0.766829,-0.0491075,-0.146974,0.8622,-0.13784595,-0.239532,0.767181,0.0,0.0,0.515986,-0.021425,-0.021712999999999982,0.362527,-0.1960777,-0.081654,0.267791,-0.082713,0.21261599999999997,0.629666,0.015311999999999992,0.016318,0.636201,-0.2175971,-0.07099500000000003,0.812545,-0.0704515,0.261592,0.659851,-1.1373739999999999,-1.483605,0,-0.266407,-0.4632817,0.924934,-1.1373739999999999,-1.483605,0,-0.2173596,-0.47953877,0.874706,-0.16539589999999998,0.36503599999999997,0.477358,-0.13481303,0.37062100000000003,0.479723,-0.03982039999999999,0.278031,0.572317,-0.1502355,0.24543699999999996,0.703812,-0.14721288,0.23974800000000002,0.715441,-0.0489338,0.196463,0.276201,1
-0.272716,-0.419701,0.87839,-0.15024899,-0.3543135,0.74724,-0.1747323,-0.34881639999999997,0.632191,-1.143544,-1.3802889999999999,0,-1.143544,-1.3802889999999999,0,-0.12863180000000002,-0.3596439,0.777099,-0.055296200000000004,-0.13635699999999998,0.85068,-0.1288932,-0.22378499999999998,0.764283,0.0,0.0,0.495699,-0.01840900000000001,-0.005620999999999987,0.353362,-0.1900232,-0.027368999999999977,0.40103,-0.0797089,0.32144800000000007,0.630299,0.02136099999999999,0.021650000000000003,0.620724,-0.2205626,0.010770000000000002,0.761306,-0.0675114,0.38125,0.613474,-1.143544,-1.3802889999999999,0,-0.269592,-0.45262969999999997,0.853725,-1.143544,-1.3802889999999999,0,-0.2175395,-0.47962669999999996,0.867587,-0.17459180000000002,0.468279,0.567666,-0.15013174,0.474027,0.570494,-0.03682500000000001,0.408593,0.580544,-0.1594098,0.34873699999999996,0.586169,-0.156276,0.34298000000000006,0.599811,-0.033891000000000004,0.32686899999999997,0.264628,1
-0.272525,-0.4361174,0.94761,-0.15000607,-0.386978,0.697851,-0.1684291,-0.386978,0.531286,-0.122497,-0.17981000000000003,0.134418,-0.1776509,-0.16866799999999998,0.321119,-0.13476922,-0.38687099999999996,0.713508,-0.0521257,-0.15804600000000002,0.803784,-0.13168706,-0.223468,0.604694,0.0,0.0,0.526296,-0.01220099999999999,-0.01088,0.336848,-0.1991589,-0.13071300000000002,0.273791,-0.0826702,0.20172799999999996,0.56174,0.012272000000000005,0.005632000000000026,0.63706,-0.22349549999999999,-0.087065,0.821219,-0.07357459999999999,0.23991999999999997,0.652301,-1.140368,-1.499944,0,-0.269449,-0.4793659,0.943024,-1.140368,-1.499944,0,-0.2203774,-0.4850892,0.883889,-0.1745058,0.34886,0.528024,-0.14705856,0.35452999999999996,0.506958,-0.04584709999999999,0.256141,0.541646,-0.1532395,0.22891100000000003,0.630215,-0.15306999999999998,0.223354,0.643558,-0.04585639999999999,0.18549699999999997,0.264121,1
-0.28496699999999997,-0.43609960000000003,0.926511,-0.16538771,-0.3813783,0.681806,-0.18693959999999998,-0.37054940000000003,0.555472,-1.155746,-1.41276,0,-1.155746,-1.41276,0,-0.1440849,-0.386691,0.739275,-0.0674181,-0.152578,0.841646,-0.15316702999999998,-0.255799,0.741478,0.0,0.0,0.521088,-0.015357999999999983,-0.005330000000000001,0.357885,-0.1868773,0.038100999999999996,0.382569,-0.091975,0.30504699999999996,0.615697,0.009289999999999993,0.00018299999999998873,0.659575,-0.2327866,-0.021646,0.744876,-0.07967089999999999,0.348932,0.61618,-1.155746,-1.41276,0,-0.281804,-0.47945020000000005,0.913931,-1.155746,-1.41276,0,-0.2298043,-0.4958426,0.844361,-0.1868144,0.43589100000000003,0.57942,-0.16235544,0.44164799999999993,0.575589,-0.046063999999999994,0.381575,0.590573,-0.1716184,0.316191,0.567886,-0.16558184,0.30542400000000003,0.593232,-0.04610199999999999,0.305288,0.205022,1
-0.27875700000000003,-0.43061099999999997,0.91046,-0.165451031,-0.359639,0.623716,-0.1777018,-0.354283,0.500666,-1.16491,-1.233035,0,-1.16491,-1.233035,0,-0.1501983,-0.354361,0.756612,-0.0796212,-0.1362373,0.727707,-0.1439925,-0.2180963,0.442461,0.0,0.0,0.549416,-1.16491,-1.233035,0,-1.16491,-1.233035,0,-1.16491,-1.233035,0,0.0030789999999999984,2.3999999999996247e-05,0.603729,-0.2205039,0.14154500000000003,0.850317,-0.0949078,0.5287040000000001,0.6971,-1.16491,-1.233035,0,-0.272727,-0.473989,0.952263,-1.16491,-1.233035,0,-0.2236048,-0.479827,0.900384,-0.196026,0.615825,0.7298,-0.17457251000000001,0.621429,0.691431,-0.064304,0.561316,0.612093,-1.16491,-1.233035,0,-1.16491,-1.233035,0,-1.16491,-1.233035,0,1
-0.27893100000000004,-0.4307036,0.94365,-0.15622377,-0.3815481,0.661527,-0.1777255,-0.37606360000000005,0.486238,-0.1379363,-0.15808300000000003,0.0924401,-0.1808071,-0.13086200000000003,0.123808,-0.13793370000000002,-0.38164020000000004,0.733155,-0.06136470000000001,-0.152497,0.835505,-0.1379583,-0.22896400000000003,0.674556,0.0,0.0,0.504373,-0.012224000000000013,-0.01634000000000002,0.340457,-0.1838438,1.0999999999983245e-05,0.296566,-0.09808610000000001,0.23435599999999995,0.627648,0.012202999999999992,0.010853999999999975,0.654402,-0.2297617,-0.04896400000000001,0.787643,-0.08283570000000001,0.283411,0.620388,-1.149625,-1.450981,0,-0.278706,-0.473916,0.952741,-1.149625,-1.450981,0,-0.22972730000000002,-0.4849412,0.891363,-0.1807166,0.3978,0.503538,-0.15629291,0.403379,0.505304,-0.05505810000000001,0.31053099999999995,0.50017,-0.16239520000000002,0.277839,0.736539,-0.15939921,0.267202,0.741671,-0.061287900000000006,0.22894999999999993,0.256561,1
-0.287831,-0.4250233,0.873375,-0.16229317999999998,-0.3488798,0.723247,-0.18375599999999997,-0.34886510000000004,0.596464,-0.134763,-0.08722800000000003,0.21804,-0.18995499999999998,-0.027231000000000005,0.266487,-0.1408355,-0.34886510000000004,0.77837,-0.0705503,-0.130701,0.832249,-0.15009710999999998,-0.22323400000000002,0.74565,0.0,0.0,0.539481,-0.01832499999999998,-0.005500000000000005,0.361179,-0.21135549999999997,2.399999999996849e-05,0.58996,-0.11325169999999998,0.359701,0.709468,0.009243000000000001,0.005535999999999985,0.641436,-0.22663309999999998,0.065276,0.754279,-0.09173549999999998,0.430321,0.734019,-1.158738,-1.331112,0,-0.281719,-0.46318400000000004,0.814415,-1.158738,-1.331112,0,-0.22964089999999998,-0.47936900000000005,0.878301,-0.18070989999999998,0.512094,0.654103,-0.16223327999999998,0.5229779999999999,0.670914,-0.061226399999999986,0.446788,0.627797,-0.1775893,0.3977,0.72072,-0.16856174,0.386882,0.715664,-0.0826613,0.35976,0.234313,1
-0.284949,-0.42477843,0.881063,-0.16230041,-0.3542423,0.660697,-0.1806992,-0.3540187,0.526836,-0.13784269999999998,-0.13612599999999997,0.158024,-0.1899668,-0.11961699999999997,0.24069,-0.1439504,-0.3594444,0.780917,-0.0704427,-0.13595799999999997,0.85905,-0.15930766,-0.22350799999999998,0.772244,0.0,0.0,0.513971,-0.015252999999999989,-0.016258999999999968,0.345155,-0.2112845,-0.07607399999999997,0.449774,-0.1131585,0.26734399999999997,0.695049,0.009171000000000012,0.011008000000000018,0.636895,-0.2358534,-0.01073799999999997,0.821906,-0.0887114,0.332667,0.641628,-1.155693,-1.41812,0,-0.281829,-0.4575641,0.857649,-1.155693,-1.41812,0,-0.232706,-0.4790744,0.894956,-0.1868206,0.43068100000000004,0.583832,-0.16239566,0.436379,0.56718,-0.049006999999999995,0.354431,0.521832,-0.1715312,0.31080900000000006,0.720415,-0.16553705999999999,0.300066,0.745052,-0.0857057,0.26731,0.211949,1
