0.012214099999999992,-0.5618097,0.850095,-4.100000000006876e-06,-0.3762807,0.813581,-0.08288429,-0.3817817,0.804166,-0.1290319,-0.1525907,0.888258,-0.1012864,-0.0872975,0.820772,0.0918914,-0.3657387,0.819153,0.13794240000000002,-0.1034737,0.888885,0.10730839999999998,-0.0926901,0.772778,0.0,0.0,0.72995,-0.05529680000000001,0.0001820299999999997,0.743004,-0.0859501,0.3381953,0.801817,-0.11047080000000001,0.6930763000000001,0.781689,0.0641904,3.3499999999999676e-05,0.722478,0.09188139999999999,0.3384213,0.834478,0.09812639999999999,0.7093263000000001,0.73525,-0.00917960000000001,-0.5890306999999999,0.928268,0.0245379,-0.5892487,0.870484,-0.0338294,-0.5727167,0.900044,0.04904639999999999,-0.5781917,0.906004,0.09507239999999999,0.7749093,0.751476,0.1226974,0.7747103000000001,0.775682,0.08896639999999999,0.7313573000000001,0.608844,-0.1073392,0.7695103000000001,0.782087,-0.1319089,0.7692093000000001,0.810856,-0.1074779,0.7310183,0.578423,1
0.009236099999999997,-0.55096672,0.859747,-0.0030494999999999967,-0.36570771999999996,0.860549,-0.08587854,-0.36581371999999995,0.82284,-0.13191819999999999,-0.14741372,0.889439,-0.1042693,-0.08192242000000001,0.817448,0.086036,-0.36549672,0.840163,0.134941,-0.09837472,0.873836,0.098276,-0.08728082000000001,0.759467,0.0,0.0,0.729796,-0.0582275,0.005445302,0.749071,-0.08598696,0.33282728,0.81138,-0.11339250000000001,0.69301428,0.779788,0.061248,1.4249999999999506e-05,0.721806,0.088977,0.33835428,0.833409,0.09515599999999999,0.70923428,0.737434,-0.012142600000000003,-0.58369972,0.953028,0.024553000000000005,-0.58393872,0.886355,-0.036855,-0.56727772,0.866331,0.046127,-0.57281172,0.867403,0.092116,0.7748862799999999,0.755589,0.119721,0.77467628,0.782602,0.08599599999999999,0.73126528,0.627428,-0.1073596,0.77452528,0.772445,-0.1348199,0.76920428,0.805012,-0.1104178,0.73096228,0.580277,1
0.009251099999999998,-0.5674429999999999,0.897301,-0.003066300000000008,-0.38748,0.876644,-0.08596013,-0.387573,0.843415,-0.1349218,-0.15302700000000002,0.86569,-0.1072482,-0.081856,0.87622,0.08893910000000001,-0.387303,0.830555,0.13501609999999997,-0.125568,0.865919,0.11047610000000001,-0.081916,0.843103,0.0,0.0,0.749664,-0.0582641,0.005117400000000001,0.776398,-0.08595208,0.35434099999999996,0.830182,-0.11344409999999999,0.7146170000000001,0.779713,0.06127310000000001,0.0051226000000000015,0.748599,0.0859951,0.35425999999999996,0.838192,0.0951781,0.719877,0.724733,-0.012109900000000007,-0.605574,0.961356,0.024524099999999993,-0.6056819999999999,0.888842,-0.0367902,-0.5785579999999999,0.883494,0.049157099999999995,-0.594687,0.837291,0.09206109999999999,0.790741,0.753747,0.1197131,0.785541,0.781696,0.08891510000000001,0.7472340000000001,0.603475,-0.1102955,0.7908000000000001,0.779538,-0.1348819,0.7854810000000001,0.826331,-0.1104331,0.747476,0.585798,1
0.012257699999999996,-0.4910004,0.834197,4.8400000000003995e-05,-0.3323854,0.878143,-0.07986346,-0.3326424,0.83733,-0.1288348,-0.08732960000000001,0.859671,-0.0950151,-0.0653942,0.78184,0.09207189999999998,-0.3163724,0.811881,0.1409839,-0.05982144,0.838398,0.0950019,-0.070582,0.855381,0.0,0.0,0.771086,-0.0522514,0.0001278000000000043,0.749634,-0.0919677,0.2837796,0.749082,-0.10442699999999999,0.6274776,0.797631,0.055252899999999994,9.40000000000038e-05,0.717669,0.09501589999999999,0.3001836,0.821137,0.10131789999999999,0.6384816,0.731271,-0.006190799999999996,-0.5182823999999999,0.906954,0.024616799999999994,-0.5183014,0.873487,-0.033778300000000004,-0.5071894,0.896542,0.049116900000000005,-0.5074563999999999,0.919763,0.0981959,0.7095066000000001,0.746908,0.12579189999999998,0.7093186,0.751606,0.09504589999999999,0.6709946,0.619549,-0.101286,0.7092426000000001,0.796688,-0.1287082,0.7038565999999999,0.788586,-0.1042126,0.6654696,0.56565,1
0.009114899999999995,-0.392801,0.84233,0.0030010999999999927,-0.2401347,0.859816,-0.07687639,-0.256415064,0.805166,-0.125778,-0.010922000000000015,0.915087,-0.07061117,-0.016659000000000007,0.866216,0.094872,-0.2344252,0.844152,0.12576700000000002,0.027046000000000014,0.874097,0.076536,-0.043545,0.813887,0.0,0.0,0.789584,-0.049161300000000005,-2.4000000000024002e-05,0.737828,-0.09216160000000001,0.10911199999999999,0.653996,-0.1014989,0.431097,0.789662,0.049103999999999995,5.099999999996774e-05,0.772355,0.09821499999999998,0.119919,0.789998,0.10112,0.45820599999999995,0.779025,-0.006202400000000004,-0.414712,0.899495,0.024474399999999993,-0.419982,0.899693,-0.030860500000000006,-0.409046,0.894825,0.049053,-0.414613,0.911313,0.101196,0.513018,0.765831,0.12878,0.512699,0.78786,0.09194399999999998,0.48004699999999995,0.594713,-0.0951545,0.518241,0.755314,-0.1227211,0.5128919999999999,0.771239,-0.1014282,0.46373499999999995,0.571121,1
0.0061306,-0.42005000000000003,0.882569,4.3600000000004746e-05,-0.27801200000000004,0.852472,-0.07987765999999999,-0.283377,0.837277,-0.1288347,-0.027172,0.919174,-0.07364946,-0.02739000000000001,0.880874,0.0919781,-0.256351,0.818721,0.1257061,0.00017000000000000348,0.827057,0.07043810000000002,-0.038074300000000005,0.846219,0.0,0.0,0.746324,-0.052211499999999994,1.0999999999983245e-05,0.709837,-0.0981612,0.240285,0.786272,-0.1045097,0.556545,0.786925,0.05820109999999999,0.010816999999999993,0.706437,0.09510110000000001,0.22904499999999997,0.813926,0.09823710000000001,0.561932,0.730355,-0.009199699999999998,-0.45813499999999996,0.930138,0.02151370000000001,-0.458186,0.938763,-0.03390169999999999,-0.44726200000000005,0.838078,0.0461341,-0.447377,0.878796,0.0982001,0.63316,0.748532,0.1287621,0.6328509999999999,0.769839,0.0920151,0.5892609999999999,0.613658,-0.10115589999999999,0.632973,0.768864,-0.1258042,0.632748,0.792708,-0.1044025,0.589147,0.590009,1
0.006119599999999989,-0.42518500000000004,0.877565,0.00013019999999999698,-0.26185020000000003,0.846566,-0.07982649,-0.28346530000000003,0.80709,-0.1287406,-0.03248800000000002,0.924536,-0.07354309,-0.03784500000000002,0.897135,0.09206249999999999,-0.2509781,0.855723,0.1228425,0.005455999999999989,0.88626,0.0736465,-0.043670000000000014,0.812249,0.0,0.0,0.78357,-0.0520452,-0.005316000000000015,0.728462,-0.0981765,0.202029,0.753081,-0.10443920000000001,0.50208,0.780627,0.0492205,0.00027199999999999447,0.755297,0.09510649999999998,0.18019500000000002,0.810822,0.0982615,0.5129790000000001,0.737851,-0.009166100000000003,-0.45271700000000004,0.879208,0.02157909999999999,-0.45812600000000003,0.889861,-0.036781400000000006,-0.436219,0.847623,0.04621449999999999,-0.44180600000000003,0.877084,0.0981725,0.5785170000000001,0.761271,0.1228445,0.573168,0.776756,0.0920965,0.535008,0.586098,-0.10111410000000001,0.5785520000000001,0.75724,-0.1257829,0.5783010000000001,0.774518,-0.10427900000000001,0.5346920000000001,0.588574,1
0.012163800000000002,-0.56713,0.882277,-2.7600000000002622e-05,-0.381964,0.82964,-0.08291814,-0.387185,0.824019,-0.1318887,-0.14726699999999998,0.877569,-0.1013335,-0.08189250000000001,0.851182,0.0919409,-0.37645100000000004,0.813051,0.1380019,-0.10918599999999999,0.847976,0.1103349,-0.087057,0.790817,0.0,0.0,0.752784,-0.055321800000000004,9.510000000000074e-05,0.764619,-0.08297828,0.3438,0.824738,-0.11052210000000001,0.7092769999999999,0.769754,0.0642109,5.4200000000000775e-05,0.739078,0.08901189999999999,0.349227,0.834794,0.09815890000000001,0.70909,0.733899,-0.009216600000000005,-0.594624,0.902804,0.0244935,-0.6002500000000001,0.856154,-0.033816000000000006,-0.572693,0.954068,0.0520849,-0.5783240000000001,0.860688,0.0949859,0.7854289999999999,0.789703,0.1226019,0.780164,0.797561,0.0919299,0.736635,0.617745,-0.1073419,0.785425,0.775924,-0.1319262,0.7801359999999999,0.811386,-0.1104503,0.742108,0.582733,1
0.00912070000000001,-0.387273,0.847741,0.003054000000000001,-0.25638235,0.856671,-0.07685947,-0.26703479999999996,0.83187,-0.12288659999999998,-0.010846999999999968,0.924228,-0.07050250999999999,-0.02731599999999998,0.814871,0.0949232,-0.23466279999999998,0.819225,0.1257822,0.016361000000000014,0.824712,0.0766922,-0.04880699999999999,0.805128,0.0,0.0,0.823167,-0.049083199999999994,-0.005144999999999983,0.772785,-0.09509179999999999,0.08744100000000005,0.719043,-0.1013235,0.43115,0.805694,0.04901420000000001,9.300000000000974e-05,0.806036,0.0981492,0.09820500000000004,0.824492,0.10123220000000001,0.458297,0.752252,-0.006164899999999994,-0.40930599999999995,0.892176,0.02448510000000001,-0.414606,0.894396,-0.0338128,-0.41447199999999995,0.818298,0.0491322,-0.43088499999999996,0.861773,0.10121120000000002,0.5185329999999999,0.758049,0.13180019999999998,0.5182580000000001,0.785035,0.09496820000000002,0.48022100000000006,0.581883,-0.09518449999999999,0.5237430000000001,0.751898,-0.12271779999999999,0.518303,0.764877,-0.0982681,0.463763,0.543176,1
0.012119000000000005,-0.480071,0.854865,0.002914700000000006,-0.321848,0.848172,-0.07698466,-0.33257800000000004,0.815775,-0.1259335,-0.0818946,0.901852,-0.08604089999999999,-0.06550033999999999,0.76464,0.0948802,-0.305528,0.828958,0.1409742,-0.043691999999999995,0.84353,0.0950152,-0.06546004999999999,0.824239,0.0,0.0,0.792982,-0.052205999999999995,3.790000000000043e-05,0.771544,-0.08908849999999999,0.283663,0.75038,-0.1015055,0.622083,0.799099,0.0581122,0.005297900000000001,0.737045,0.0979012,0.300104,0.832481,0.10411619999999999,0.63292,0.74442,-0.00333979999999999,-0.51805,0.942721,0.02739670000000001,-0.518163,0.924162,-0.030904799999999996,-0.507115,0.854844,0.05199820000000001,-0.507317,0.889549,0.10108720000000002,0.7039030000000001,0.780217,0.1286712,0.703678,0.779308,0.09498420000000002,0.665471,0.636101,-0.10130349999999999,0.703697,0.801762,-0.12584479999999998,0.698292,0.789315,-0.0983676,0.6601170000000001,0.581325,1
0.009108700000000011,-0.392764,0.843551,0.003011600000000003,-0.24537789999999998,0.851998,-0.07688616,-0.26181002999999997,0.815169,-0.122912,-0.010940000000000005,0.915859,-0.07058582999999999,-0.021724999999999994,0.85602,0.09486520000000001,-0.2344007,0.845104,0.1256952,0.027083000000000024,0.885528,0.0766192,-0.038194000000000006,0.81049,0.0,0.0,0.791679,-0.049142599999999995,-2.2999999999995246e-05,0.738005,-0.0950869,0.10916799999999999,0.673284,-0.1014702,0.43111099999999997,0.791069,0.049081200000000005,2.0999999999993246e-05,0.776869,0.09819620000000001,0.11442400000000003,0.794027,0.1011582,0.45282300000000003,0.765837,-0.006222699999999991,-0.414732,0.893712,0.0244838,-0.419998,0.900004,-0.03088509999999999,-0.409167,0.886624,0.0490792,-0.41995,0.883927,0.1010952,0.512826,0.770538,0.1287162,0.507512,0.784928,0.0949142,0.47469599999999995,0.581603,-0.09520709999999999,0.5131190000000001,0.760243,-0.122759,0.51285,0.775544,-0.10133529999999999,0.463857,0.572675,1
0.009144,-0.387503,0.844369,0.0030866999999999978,-0.24572064,0.836808,-0.07681601,-0.2619107,0.822404,-0.1228773,-0.010888999999999982,0.921505,-0.07054321,-0.01666099999999998,0.841453,0.09494240000000001,-0.22946299999999997,0.838608,0.1257184,0.027083000000000024,0.87024,0.07965339999999999,-0.03839299999999998,0.800725,0.0,0.0,0.798814,-0.04915220000000001,-3.599999999998049e-05,0.742587,-0.0950865,0.11436600000000002,0.648798,-0.10137979999999999,0.43622,0.798649,0.049065399999999995,0.005249000000000004,0.786204,0.09824440000000001,0.10894400000000004,0.809734,0.1012004,0.458104,0.76648,-0.006190800000000003,-0.409527,0.891873,0.024506299999999995,-0.414877,0.892077,-0.030832000000000005,-0.404049,0.879053,0.04911839999999999,-0.420245,0.87276,0.10124939999999999,0.5182040000000001,0.754908,0.1317944,0.5179210000000001,0.777203,0.09494140000000001,0.47993900000000006,0.601533,-0.0951487,0.523447,0.760116,-0.1226865,0.518078,0.770661,-0.1012536,0.46891900000000003,0.562284,1
0.006324299999999991,-0.38186299999999995,0.853775,0.0031976999999999978,-0.2615711,0.888157,-0.07669000000000001,-0.2620047,0.84144,-0.1255358,-0.010940999999999979,0.888738,-0.07043842,-0.03797699999999998,0.847947,0.0950692,-0.24532911999999998,0.795728,0.1259262,0.010966000000000031,0.848234,0.07381120000000001,-0.043653,0.86197,0.0,0.0,0.841393,-0.0520366,-1.9999999999742446e-06,0.770724,-0.0949796,0.13646200000000003,0.614245,-0.1011533,0.43667,0.796512,0.0491312,9.400000000001074e-05,0.817959,0.09820819999999998,0.09290200000000004,0.817607,0.10145419999999998,0.46377900000000005,0.74299,-0.006037700000000007,-0.409006,0.883434,0.024620099999999992,-0.41444899999999996,0.890297,-0.03366840000000001,-0.414635,0.813231,0.04927519999999999,-0.43619600000000003,0.903831,0.1013952,0.524005,0.742223,0.1320292,0.523753,0.774531,0.0951762,0.48578,0.567087,-0.0979102,0.524076,0.75958,-0.1225611,0.5237390000000001,0.777709,-0.09808,0.474529,0.543302,1
0.006161899999999998,-0.447351,0.826185,0.0029720000000000024,-0.299752,0.902219,-0.0798316,-0.300085,0.832834,-0.1258882,-0.0491976,0.858776,-0.07368683000000001,-0.043743000000000004,0.888574,0.0949474,-0.288929,0.812786,0.13183040000000001,-0.0324667,0.801369,0.08884840000000001,-0.0545481,0.778699,0.0,0.0,0.81462,-0.0521893,0.00012899999999999023,0.768945,-0.0950199,0.262066,0.799965,-0.1043786,0.583949,0.771086,0.0551624,0.00016900000000000248,0.749966,0.0980754,0.25644700000000004,0.820068,0.1042484,0.5946980000000001,0.73163,-0.006208100000000001,-0.480111,0.923734,0.024513900000000005,-0.48015199999999997,0.944431,-0.0368015,-0.474271,0.858764,0.049102400000000004,-0.479738,0.955637,0.1011904,0.660361,0.779332,0.1288164,0.66011,0.802952,0.0980574,0.616702,0.618356,-0.0982687,0.660191,0.769115,-0.1257231,0.654948,0.789866,-0.1043081,0.616659,0.599259,1
0.0122636,-0.49656219999999995,0.860085,6.509999999999849e-05,-0.3273612,0.838661,-0.07982841,-0.33809920000000004,0.799902,-0.1288607,-0.0981423,0.89447,-0.0919723,-0.0599568,0.805617,0.09201209999999999,-0.3218002,0.828739,0.1409581,-0.0546595,0.860083,0.0951561,-0.060198299999999996,0.830899,0.0,0.0,0.78486,-0.0550966,0.00016880000000000367,0.767808,-0.08889920000000001,0.3003188,0.758064,-0.1044072,0.6494367999999999,0.796248,0.05826709999999999,-1.4399999999997748e-05,0.731193,0.0949681,0.31091579999999996,0.818562,0.10126109999999999,0.6601007999999999,0.737167,-0.006185700000000002,-0.5344252,0.946572,0.0246522,-0.5345722,0.911389,-0.033701300000000003,-0.5127412,0.846923,0.0491891,-0.5181492,0.846501,0.0982121,0.7311888,0.738731,0.1258161,0.7309597999999999,0.746481,0.09209209999999998,0.6876287999999999,0.622708,-0.104182,0.7310568,0.79585,-0.1287308,0.7256798,0.790005,-0.1012639,0.6874357999999999,0.586906,1
0.0060973,-0.387318,0.8458,2.1699999999999497e-05,-0.250910117,0.838613,-0.07982966,-0.261773,0.830118,-0.1259398,-0.010885999999999979,0.918569,-0.07367191000000001,-0.016509999999999997,0.840938,0.0889452,-0.234485,0.815413,0.12267320000000001,0.021826999999999985,0.84536,0.0766802,-0.048763,0.788803,0.0,0.0,0.799927,-0.0490593,-0.005156999999999995,0.761712,-0.0981496,0.08216400000000001,0.765985,-0.1043713,0.431197,0.805254,0.0490092,4.399999999998849e-05,0.784337,0.0951652,0.119942,0.800971,0.09820519999999999,0.458377,0.759614,-0.0092227,-0.409309,0.891784,0.021438600000000002,-0.41466499999999995,0.890636,-0.036858300000000004,-0.409049,0.849051,0.046086199999999994,-0.430847,0.861375,0.0982072,0.5184869999999999,0.758989,0.1287852,0.518219,0.794938,0.09192520000000001,0.48026300000000005,0.594369,-0.0982284,0.518578,0.754895,-0.125763,0.518248,0.765008,-0.1013115,0.469045,0.551783,1
0.012199599999999991,-0.5290722999999999,0.87107,2.0499999999992746e-05,-0.34915229999999997,0.868775,-0.0799242,-0.3544543,0.816728,-0.1259492,-0.1307083,0.890773,-0.08901690000000001,-0.0816414,0.831134,0.09201599999999999,-0.3488313,0.841966,0.13799699999999998,-0.0818203,0.860346,0.09504699999999999,-0.0870127,0.808033,0.0,0.0,0.779177,-0.05231290000000001,0.0001810000000000006,0.796615,-0.08596500000000001,0.3109327,0.765,-0.104537,0.6603217,0.80272,0.061278,1.5799999999999842e-05,0.736085,0.09492899999999999,0.31112470000000003,0.831682,0.098164,0.6710937,0.747409,-0.006261300000000011,-0.5669993,0.953582,0.027479899999999988,-0.5671803,0.904567,-0.030934500000000004,-0.5454923,0.85746,0.052079,-0.5508443,0.847676,0.10111699999999998,0.7422107,0.75325,0.128764,0.7419627,0.768305,0.091858,0.7037307,0.615642,-0.1043526,0.7420137,0.802085,-0.1288932,0.7365777,0.792724,-0.10138630000000001,0.6930257,0.551171,1
0.006161,-0.381802,0.868507,0.0031325999999999993,-0.2562853,0.892277,-0.07678157999999999,-0.2618278,0.838632,-0.1256446,-0.010844999999999994,0.878384,-0.07046683,-0.03790399999999999,0.866993,0.0949652,-0.24532647,0.807709,0.1257552,0.011016999999999999,0.860163,0.07360720000000001,-0.04361999999999999,0.864564,0.0,0.0,0.838513,-0.049156799999999994,-8.700000000000374e-05,0.773105,-0.0949782,0.12557800000000002,0.622122,-0.1012681,0.44212999999999997,0.79708,0.04912520000000001,0.00019500000000000073,0.819609,0.0981252,0.09843000000000002,0.822821,0.1013232,0.46917000000000003,0.745218,-0.006179099999999993,-0.409127,0.86808,0.024502400000000008,-0.41446,0.880703,-0.0337892,-0.419964,0.798885,0.04917020000000001,-0.430855,0.905404,0.10122420000000001,0.5293890000000001,0.756213,0.1288902,0.529131,0.774876,0.09505820000000001,0.49114700000000006,0.56796,-0.0951151,0.5294939999999999,0.760501,-0.1226671,0.5291600000000001,0.777558,-0.0982209,0.480034,0.546393,1
0.009187899999999999,-0.5507503,0.886332,-0.0030135000000000023,-0.3709843,0.859332,-0.0859295,-0.3761053,0.838135,-0.1319722,-0.14712530000000001,0.848542,-0.1011629,-0.0818194,0.815115,0.0889553,-0.3706663,0.816575,0.13503729999999997,-0.09814,0.840329,0.1042783,-0.08189779999999999,0.768083,0.0,0.0,0.722689,-0.05819730000000001,0.00016720000000000103,0.755703,-0.0889072,0.3165827,0.769551,-0.113399,0.6767086999999999,0.775394,0.0583983,-0.005330939999999999,0.719518,0.0889813,0.3218937,0.823607,0.0952203,0.6820717,0.734516,-0.012202699999999997,-0.5835483,0.90692,0.0215876,-0.5889583,0.856783,-0.036869200000000005,-0.5562443,0.932373,0.04908829999999999,-0.5566893,0.856309,0.0921433,0.7582877,0.750207,0.1197553,0.7530336999999999,0.775563,0.08894029999999999,0.7146956999999999,0.626637,-0.110279,0.7530796999999999,0.774728,-0.1348534,0.7527486999999999,0.775512,-0.1103786,0.7146026999999999,0.587947,1
0.01219110000000001,-0.5236759999999999,0.885339,-3.529999999998812e-05,-0.348815,0.882855,-0.07999566999999999,-0.348927,0.832644,-0.128848,-0.125111,0.889227,-0.095138,-0.07628470000000001,0.810723,0.09196720000000001,-0.343615,0.835538,0.14087919999999998,-0.0817909,0.884555,0.0950912,-0.0814786,0.813466,0.0,0.0,0.785148,-0.05229999999999999,0.00012140000000000067,0.798554,-0.08596949999999999,0.31103499999999995,0.773208,-0.1045342,0.660427,0.80008,0.0612572,4.3899999999999495e-05,0.745318,0.09488320000000001,0.316619,0.823422,0.1011352,0.671069,0.739777,-0.006260999999999989,-0.561604,0.956296,0.024553400000000003,-0.561766,0.897783,-0.030932899999999992,-0.5238119999999999,0.907535,0.0520062,-0.529299,0.849332,0.0981452,0.742202,0.760009,0.1286852,0.741973,0.77803,0.09197320000000002,0.70369,0.61634,-0.10429079999999999,0.741963,0.801363,-0.1288451,0.736584,0.793445,-0.1014003,0.698481,0.584154,1
0.006198300000000004,-0.41451499999999997,0.882594,0.00015619999999999523,-0.26198489999999997,0.839662,-0.07972949,-0.277996,0.832318,-0.1287423,-0.021650000000000003,0.92274,-0.0764737,-0.022038000000000002,0.891615,0.0920412,-0.24036409999999997,0.825617,0.12582719999999997,0.01639600000000002,0.8707,0.0706742,-0.049107999999999985,0.824075,0.0,0.0,0.770449,-0.0521015,-3.599999999998049e-05,0.714876,-0.100997,0.21814500000000003,0.752804,-0.1072593,0.518288,0.777719,0.0492142,0.005483000000000016,0.741566,0.09513019999999998,0.19612400000000002,0.834249,0.0983162,0.5291170000000001,0.739541,-0.009158699999999999,-0.45254099999999997,0.9131,0.021587999999999996,-0.452745,0.93498,-0.036762,-0.42568,0.826372,0.04623719999999999,-0.441884,0.876155,0.0982522,0.5947870000000001,0.760755,0.12584820000000002,0.5945090000000001,0.781377,0.0920922,0.551144,0.610808,-0.1011126,0.594681,0.761064,-0.12578440000000002,0.58939,0.776111,-0.1042976,0.550859,0.584099,1
0.0060695999999999944,-0.398459,0.88827,0.002935900000000005,-0.2566489,0.863717,-0.07693633999999999,-0.2673123,0.842941,-0.1258765,-0.011088000000000015,0.922132,-0.07071981,-0.011357000000000006,0.881393,0.09480609999999999,-0.2349299,0.810665,0.12865510000000002,0.021729,0.833405,0.0765271,-0.032919000000000004,0.806128,0.0,0.0,0.806836,-0.049118999999999996,-2.9000000000001247e-05,0.746433,-0.0952305,0.168983,0.699549,-0.1014214,0.479889,0.779859,0.049110100000000004,0.005357000000000001,0.773597,0.09787710000000001,0.12545800000000001,0.820321,0.10116209999999999,0.490826,0.733158,-0.0062834000000000015,-0.4364,0.884269,0.024414000000000005,-0.43656700000000004,0.908142,-0.0338642,-0.41487,0.835317,0.049056100000000005,-0.431115,0.876107,0.1011101,0.561841,0.746654,0.12870910000000002,0.561578,0.763162,0.0948941,0.518196,0.583996,-0.0983097,0.561918,0.749351,-0.122943,0.56156,0.751308,-0.0982539,0.512618,0.556343,1
0.012270199999999995,-0.5942994,0.862689,-5.0200000000000244e-05,-0.40341740000000004,0.828014,-0.08290725,-0.4142694,0.80637,-0.1319003,-0.17970139999999998,0.89145,-0.10730780000000001,-0.08174540000000001,0.910908,0.0918634,-0.3928144,0.82111,0.13799240000000002,-0.1579244,0.822076,0.1165084,-0.0868424,0.852241,0.0,0.0,0.732405,-0.05531520000000001,8.959999999999871e-05,0.755401,-0.08275198,0.3494006,0.836946,-0.1075678,0.7149096,0.783506,0.06423539999999998,-0.005124699999999999,0.722585,0.08890639999999998,0.35488159999999996,0.84846,0.0980754,0.7148426,0.738162,-0.0091677,-0.6163714,0.921963,0.027531399999999998,-0.6216464,0.849146,-0.03383920000000001,-0.6054154,0.957292,0.05207440000000001,-0.6106704000000001,0.920164,0.0950554,0.7911976,0.769912,0.1226974,0.7859155999999999,0.777479,0.0889814,0.7475535999999999,0.620853,-0.10735410000000001,0.7860486,0.792495,-0.1319053,0.7856906,0.824971,-0.10737630000000001,0.7477286,0.587506,1
0.00620409999999999,-0.392832,0.831895,0.003078299999999992,-0.2454175,0.858529,-0.07967075,-0.261725914,0.813019,-0.1287153,-0.016188000000000008,0.907064,-0.0735428,-0.022003000000000023,0.871305,0.0920068,-0.2347403,0.849771,0.1228748,0.02192099999999997,0.890718,0.07065479999999999,-0.03811400000000001,0.835878,0.0,0.0,0.785085,-0.04901030000000001,-0.005410999999999999,0.729994,-0.09496890000000001,0.09830699999999998,0.709388,-0.1043483,0.42547399999999996,0.800748,0.0461578,0.005440999999999974,0.77966,0.0981698,0.10921199999999998,0.778904,0.09826879999999999,0.452876,0.777317,-0.009088100000000002,-0.420022,0.906356,0.0215915,-0.420095,0.917448,-0.033735900000000006,-0.41439400000000004,0.8885,0.046209799999999995,-0.414843,0.912867,0.0982748,0.5127489999999999,0.759526,0.1258568,0.5073730000000001,0.781479,0.0920088,0.47461799999999993,0.597905,-0.09802240000000001,0.5128679999999999,0.742792,-0.1256085,0.507485,0.760161,-0.10425000000000001,0.45817499999999994,0.551097,1
0.012156799999999995,-0.5454733469999999,0.895756,-6.430000000000324e-05,-0.36549034700000005,0.876307,-0.08294529,-0.365606347,0.843103,-0.1318728,-0.130997347,0.855897,-0.098168,-0.076452947,0.792285,0.09185759999999998,-0.360166347,0.827137,0.1379136,-0.098169947,0.858155,0.1042026,-0.081933547,0.749232,0.0,0.0,0.721682,-0.0552677,0.005535123,0.748237,-0.08305586000000001,0.332630653,0.787935,-0.1104935,0.6875506530000001,0.777138,0.0613156,-0.005359887,0.717817,0.0919276,0.332771653,0.810907,0.09815460000000001,0.703678653,0.726152,-0.009197800000000006,-0.5834983469999999,0.945649,0.02452249999999999,-0.5836343469999999,0.88452,-0.033880200000000006,-0.550987347,0.906309,0.04908359999999999,-0.556525347,0.836445,0.09507759999999998,0.7692006530000001,0.734287,0.1226836,0.763943653,0.751303,0.0889826,0.725770653,0.587043,-0.1073624,0.763886653,0.774571,-0.1319343,0.7635636530000001,0.791096,-0.1074878,0.725466653,0.586289,1
0.012094900000000006,-0.474581,0.881907,0.002911700000000003,-0.30555,0.866772,-0.0798753,-0.31637,0.792888,-0.1259665,-0.076493,0.87266,-0.08296049999999999,-0.0491577,0.759543,0.0948961,-0.29999,0.851911,0.1408261,-0.0381286,0.855611,0.09491310000000001,-0.05447162,0.81147,0.0,0.0,0.78474,-0.0521894,0.005239500000000001,0.772104,-0.0860632,0.278418,0.753006,-0.1044523,0.627308,0.780257,0.05810910000000001,0.0053104,0.735828,0.09791509999999999,0.30014,0.833412,0.10409810000000001,0.638319,0.739476,-0.003386299999999995,-0.512576,0.931369,0.024528499999999995,-0.512726,0.912312,-0.030923599999999996,-0.48546,0.852934,0.05197310000000001,-0.496377,0.859993,0.10110709999999999,0.703936,0.75382,0.1286951,0.703744,0.764024,0.0949331,0.665606,0.623932,-0.0983695,0.703653,0.783659,-0.1258437,0.6983590000000001,0.781366,-0.1013936,0.660243,0.580158,1
0.009000800000000003,-0.431156,0.843343,0.0028890000000000027,-0.272847,0.89716,-0.0769956,-0.2783,0.819559,-0.1260036,-0.0383111,0.864389,-0.07366066,-0.0437893,0.863616,0.0947895,-0.26737900000000003,0.837472,0.1316785,-0.005530999999999994,0.861275,0.07360349999999999,-0.04925349999999999,0.848358,0.0,0.0,0.789661,-0.0493551,6.899999999999962e-05,0.744046,-0.09525220000000001,0.251053,0.820586,-0.1044964,0.572737,0.776347,0.05506849999999999,0.005374000000000004,0.728817,0.0979575,0.24549100000000001,0.827287,0.1011745,0.578227,0.727182,-0.006303700000000002,-0.458321,0.881718,0.024423600000000004,-0.458325,0.899976,-0.0339011,-0.447509,0.881932,0.04897749999999999,-0.447733,0.918591,0.1010865,0.649348,0.757281,0.1286965,0.649057,0.777141,0.09496650000000001,0.6055459999999999,0.599186,-0.0982823,0.6491290000000001,0.769346,-0.1229294,0.6489180000000001,0.788768,-0.1044851,0.6054489999999999,0.597821,1
0.012215500000000004,-0.5233597,0.870439,2.4599999999999622e-05,-0.3488407,0.8788,-0.08282869999999999,-0.34900370000000003,0.841549,-0.1287724,-0.1198042,0.860586,-0.0860087,-0.0708699,0.773936,0.0949121,-0.34341469999999996,0.824747,0.1409021,-0.0817476,0.861653,0.0981351,-0.0815168,0.798384,0.0,0.0,0.800124,-0.0522609,0.00015230000000000105,0.79291,-0.08896499999999999,0.30553529999999995,0.765437,-0.1044717,0.6548973,0.801287,0.05826010000000001,-1.5299999999999342e-05,0.752493,0.09208910000000001,0.30576329999999996,0.82197,0.1011851,0.6602623,0.742074,-0.006259000000000001,-0.5508277,0.897566,0.024575300000000008,-0.5563667,0.852624,-0.0337658,-0.5238707,0.915537,0.0520491,-0.5292667,0.882784,0.0980801,0.7365433,0.750491,0.1256871,0.7363662999999999,0.75662,0.0920321,0.6930233,0.608119,-0.1042883,0.7365923,0.807111,-0.1288284,0.7311693,0.798687,-0.1013095,0.6929413,0.575247,1
0.0061058999999999974,-0.43113,0.873089,0.002945299999999998,-0.289052,0.866138,-0.0798228,-0.294516,0.831421,-0.1258946,-0.0383005,0.917918,-0.07368899000000001,-0.0382262,0.903736,0.09494929999999999,-0.262115,0.823805,0.1287413,-0.010992000000000002,0.808176,0.0827573,-0.04389729999999999,0.756802,0.0,0.0,0.794875,-0.05218690000000001,0.005156000000000008,0.745748,-0.0951372,0.267251,0.806099,-0.1044281,0.5892000000000001,0.770454,0.05511229999999999,0.005375000000000005,0.747992,0.09800329999999999,0.261734,0.820777,0.10121929999999998,0.599993,0.732797,-0.006313700000000005,-0.46936,0.92673,0.0244751,-0.474469,0.950207,-0.0368826,-0.458355,0.831907,0.04910629999999999,-0.46894399999999997,0.911393,0.10110629999999998,0.665578,0.766502,0.12872029999999998,0.665348,0.785892,0.0950413,0.62199,0.600075,-0.098319,0.665563,0.757238,-0.1257967,0.665318,0.78694,-0.10144,0.621871,0.580481,1
0.009179300000000001,-0.392785,0.837634,0.003015900000000002,-0.24560569999999998,0.876302,-0.07974294999999999,-0.2563705,0.813546,-0.1288196,-0.01620499999999997,0.887259,-0.07359932,-0.027411999999999992,0.887473,0.09189069999999999,-0.24010179999999998,0.839656,0.12876970000000001,0.021782999999999997,0.864884,0.07362070000000001,-0.032807999999999976,0.824561,0.0,0.0,0.767859,-0.0490426,-0.005448000000000008,0.716809,-0.0980977,0.10909400000000002,0.750997,-0.10445170000000001,0.42006099999999996,0.79964,0.048998700000000006,0.00544,0.760637,0.09824669999999999,0.11464600000000003,0.729438,0.09823670000000001,0.447421,0.780882,-0.006272799999999995,-0.42033299999999996,0.928847,0.021610900000000002,-0.420388,0.916739,-0.0337815,-0.419867,0.891618,0.049010700000000004,-0.420241,0.902052,0.09823670000000001,0.5021819999999999,0.772029,0.1287687,0.501881,0.790783,0.09197069999999999,0.46912899999999996,0.610478,-0.0981033,0.5073639999999999,0.751386,-0.1256876,0.502011,0.766167,-0.1043395,0.45271200000000006,0.564674,1
0.009115799999999993,-0.4476228,0.880544,0.002913799999999994,-0.2838258,0.866777,-0.079861,-0.2946968,0.793156,-0.1260869,-0.054408200000000004,0.871776,-0.07676756,-0.0490154,0.845353,0.0948951,-0.2782608,0.847566,0.13178109999999998,-0.016643199999999997,0.839942,0.08883609999999999,-0.0544955,0.818722,0.0,0.0,0.771441,-0.0522349,0.005362400000000003,0.727862,-0.092182,0.2888412,0.775231,-0.1045031,0.6110152,0.767026,0.05513509999999999,0.005423899999999995,0.711376,0.0979801,0.2836032,0.836804,0.10118709999999999,0.6165212,0.730135,-0.006245500000000001,-0.4855828,0.898621,0.024493199999999993,-0.49078279999999996,0.913366,-0.0339351,-0.4638178,0.835654,0.049086099999999994,-0.4746938,0.876024,0.10110509999999999,0.6874752000000001,0.769189,0.12872709999999998,0.6872062,0.777584,0.0949821,0.6437792,0.605456,-0.0983851,0.6873422,0.767454,-0.1258357,0.6821042,0.797018,-0.1044339,0.6437082000000001,0.60144,1
0.012187800000000013,-0.550703,0.858134,-3.429999999998712e-05,-0.370836,0.832678,-0.08283351,-0.376144,0.826502,-0.13178869999999998,-0.130992,0.869024,-0.09807339999999999,-0.0817289,0.839997,0.08907030000000002,-0.359919,0.806747,0.13794430000000002,-0.0872662,0.849074,0.1012083,-0.0818995,0.802787,0.0,0.0,0.740971,-0.055221599999999996,0.0001870000000000014,0.768163,-0.0859915,0.311087,0.746695,-0.1104154,0.671221,0.768931,0.0613003,6.6000000000007025e-06,0.713595,0.09200630000000001,0.316644,0.816756,0.0981763,0.676665,0.732228,-0.009166399999999991,-0.572685,0.911794,0.024541900000000005,-0.578074,0.844486,-0.0338408,-0.55618,0.916309,0.0490723,-0.556598,0.919571,0.0951343,0.752913,0.777231,0.12272330000000001,0.747619,0.795482,0.08905930000000001,0.709288,0.611254,-0.10435459999999999,0.75286,0.754163,-0.1318025,0.747481,0.741641,-0.10742209999999999,0.703926,0.558707,1
0.00610440000000001,-0.38184,0.892293,0.003051100000000001,-0.2509381,0.892027,-0.07678752,-0.2618342,0.812564,-0.1257654,-0.016286999999999996,0.866832,-0.07060222,-0.027395000000000003,0.892159,0.0919871,-0.2452991,0.815596,0.12568410000000002,0.016484,0.900009,0.07356810000000001,-0.03284000000000001,0.86923,0.0,0.0,0.793912,-0.049108299999999994,-9.100000000000774e-05,0.725473,-0.0921047,0.125404,0.642959,-0.1013549,0.45299200000000006,0.798348,0.0490511,0.005397000000000013,0.798647,0.0980881,0.109071,0.823837,0.10124010000000001,0.479954,0.743453,-0.006272599999999996,-0.41985700000000004,0.907651,0.024416400000000005,-0.420021,0.944385,-0.0338614,-0.41998199999999997,0.840801,0.049084100000000006,-0.425512,0.907264,0.10116209999999999,0.5402980000000001,0.758222,0.12882510000000003,0.54003,0.7741,0.0949821,0.501896,0.577038,-0.09518499999999999,0.540299,0.763702,-0.12272459999999999,0.5399780000000001,0.7822,-0.1012598,0.49090600000000006,0.568885,1
0.012218800000000002,-0.4910187,0.864581,4.7400000000002995e-05,-0.32183069999999997,0.893289,-0.0827675,-0.3220107,0.841419,-0.1287989,-0.103386,0.87234,-0.098064,-0.059904400000000003,0.815186,0.0920599,-0.3164517,0.827841,0.1379759,-0.0597172,0.835487,0.09210789999999999,-0.0652182,0.83699,0.0,0.0,0.758457,-0.0522758,6.449999999999512e-05,0.743776,-0.0889842,0.29454830000000004,0.749937,-0.1044525,0.6383443,0.794595,0.05826490000000001,0.005445800000000001,0.703998,0.0949799,0.3163443,0.819289,0.10129089999999999,0.6493053,0.732527,-0.006202399999999997,-0.5182397,0.900076,0.0245374,-0.5237737,0.850088,-0.0337537,-0.5016947,0.92011,0.0490729,-0.5072707,0.884351,0.09823290000000001,0.7254283,0.740543,0.1258199,0.7201983000000001,0.756198,0.0949989,0.6818483000000001,0.632617,-0.1042135,0.7200413,0.788618,-0.1287606,0.7146303,0.771984,-0.1012969,0.6763613,0.569452,1
0.006124299999999999,-0.403497,0.856074,0.003043900000000002,-0.2563974,0.843017,-0.07675723,-0.2726153,0.829047,-0.1257826,-0.016086000000000017,0.915077,-0.07055679,-0.021809999999999996,0.901011,0.0920069,-0.2401918,0.829261,0.1257579,0.016438000000000008,0.872879,0.0735769,-0.03809500000000002,0.842996,0.0,0.0,0.790488,-0.04915649999999999,7.000000000007001e-06,0.725121,-0.09515499999999999,0.16377199999999997,0.686822,-0.1014166,0.46920900000000004,0.785167,0.0490819,0.005448999999999982,0.77954,0.0980199,0.120062,0.797178,0.1012469,0.485482,0.733559,-0.0062197999999999976,-0.425499,0.885073,0.0244606,-0.425589,0.891225,-0.033860499999999995,-0.42008500000000004,0.835066,0.04911890000000001,-0.43099200000000004,0.860168,0.1012199,0.5512349999999999,0.722727,0.1317959,0.5509710000000001,0.747914,0.09495390000000001,0.5076369999999999,0.583837,-0.098111,0.5511159999999999,0.766766,-0.1227751,0.5508489999999999,0.772916,-0.10127,0.5019610000000001,0.569185,1
0.009215100000000004,-0.45285390000000003,0.837879,4.4300000000011e-05,-0.30018290000000003,0.87799,-0.08277269999999999,-0.3055709,0.831896,-0.1286908,-0.0546306,0.887011,-0.07669095,-0.043753200000000006,0.857344,0.0920511,-0.28377589999999997,0.804852,0.1349981,-0.032724100000000006,0.808562,0.08895310000000001,-0.0492235,0.817312,0.0,0.0,0.800786,-0.052194599999999994,7.580000000000087e-05,0.755377,-0.0950792,0.2945501,0.774562,-0.10729459999999999,0.6164761,0.779605,0.05224910000000001,0.00014809999999999823,0.744464,0.09506910000000002,0.2943881,0.83396,0.1012341,0.6219690999999999,0.733053,-0.006204899999999999,-0.4856819,0.936236,0.021639900000000004,-0.4857009,0.934194,-0.03676039999999999,-0.4800619,0.871762,0.0461801,-0.4802319,0.937791,0.09822610000000001,0.6981291,0.759054,0.12584410000000001,0.6928591,0.766386,0.09212410000000001,0.6545281,0.599735,-0.1041477,0.6980471,0.78604,-0.1287052,0.6927681,0.804931,-0.1042726,0.6492941,0.589336,1
0.0091551,-0.398357,0.888725,0.0029903000000000013,-0.2617656,0.887949,-0.07688646,-0.2621882,0.84061,-0.12571300000000002,-0.005953000000000014,0.906576,-0.07353823000000001,-0.01653400000000002,0.851275,0.0949193,-0.2401763,0.800922,0.1287373,0.021575999999999984,0.815731,0.0765983,-0.03293400000000002,0.812476,0.0,0.0,0.822607,-0.0491511,-5.0000000000050004e-06,0.762784,-0.0980664,0.18525299999999997,0.689284,-0.101344,0.4854029999999999,0.772494,0.04910629999999999,0.005245,0.792093,0.09796129999999999,0.12526600000000002,0.843635,0.10125830000000001,0.496216,0.728854,-0.006213400000000001,-0.436449,0.922344,0.024530700000000003,-0.436585,0.94022,-0.033840100000000005,-0.42562500000000003,0.826164,0.04914929999999999,-0.431255,0.890048,0.10113029999999999,0.5672499999999999,0.75392,0.12873030000000002,0.567009,0.76579,0.09504729999999999,0.5235559999999999,0.588291,-0.09824830000000001,0.572587,0.748206,-0.12285019999999999,0.56711,0.760484,-0.0981895,0.5180739999999999,0.560802,1
0.009076799999999996,-0.4527832,0.839644,0.0029689999999999994,-0.2892732,0.901794,-0.07979510000000001,-0.2946512,0.829065,-0.12596480000000002,-0.0490566,0.841834,-0.07377337,-0.043667899999999996,0.859381,0.0949173,-0.2888422,0.830271,0.13487529999999998,-0.021840799999999994,0.817404,0.09186129999999999,-0.0545779,0.782451,0.0,0.0,0.787201,-0.05222140000000001,0.005335800000000002,0.741988,-0.0920788,0.2673068,0.773516,-0.10438610000000001,0.5946967999999999,0.772055,0.055118299999999995,0.005353800000000006,0.725548,0.09804929999999999,0.2671578,0.827723,0.10126529999999999,0.6001647999999999,0.735569,-0.006221400000000009,-0.4747432,0.893698,0.024512999999999993,-0.4747532,0.903183,-0.03382650000000001,-0.4690312,0.875322,0.0490853,-0.4692592,0.938492,0.1011393,0.6711157999999999,0.773739,0.12875730000000002,0.6708727999999999,0.785162,0.0950843,0.6274637999999999,0.619725,-0.10119460000000001,0.6710168000000001,0.767101,-0.12577680000000002,0.6657438,0.791698,-0.1013923,0.6274177999999999,0.59646,1
0.006186899999999995,-0.431022,0.849529,7.870000000000099e-05,-0.28883000000000003,0.883781,-0.0827412,-0.289218,0.838513,-0.1287414,-0.03817000000000001,0.884821,-0.07359444,-0.038194000000000006,0.85134,0.0920731,-0.267328,0.81579,0.1258421,-0.016163999999999998,0.81275,0.0707051,-0.0489888,0.821056,0.0,0.0,0.765747,-0.0522336,8.900000000000574e-05,0.733603,-0.0981045,0.23485299999999998,0.788789,-0.1072925,0.551064,0.781101,0.055283100000000016,0.005470000000000003,0.720225,0.09515810000000001,0.229039,0.830933,0.0982901,0.556573,0.735739,-0.006265499999999993,-0.469098,0.935071,0.0216084,-0.469065,0.945,-0.0368429,-0.463619,0.868418,0.046184100000000006,-0.463665,0.930968,0.0982271,0.627717,0.755369,0.1258401,0.627413,0.771692,0.0920901,0.583865,0.6066,-0.101129,0.627478,0.76927,-0.1257725,0.62723,0.790401,-0.10435,0.583668,0.593602,1
0.009025400000000003,-0.409289,0.874387,0.0030121000000000037,-0.2673242,0.869995,-0.07691273,-0.272868,0.84591,-0.1258182,-0.02168400000000001,0.901196,-0.07062175,-0.02179500000000001,0.858052,0.09496170000000001,-0.2454496,0.822148,0.1287327,0.010965000000000003,0.825032,0.07659869999999999,-0.043681,0.805655,0.0,0.0,0.786937,-0.0492397,7.000000000007001e-06,0.724833,-0.0952703,0.223656,0.757722,-0.1015562,0.523777,0.784585,0.052041699999999996,0.005423000000000011,0.74732,0.0980037,0.19628900000000002,0.806781,0.10412869999999999,0.540089,0.738467,-0.006293300000000002,-0.447462,0.933288,0.024458800000000003,-0.44754499999999997,0.948613,-0.0339015,-0.441678,0.83459,0.0491037,-0.441874,0.901337,0.1010537,0.60033,0.753141,0.1286557,0.600083,0.773197,0.09798470000000001,0.5619120000000001,0.582749,-0.0982597,0.600221,0.773224,-0.1229109,0.599936,0.790621,-0.1014263,0.556397,0.595691,1
0.009112599999999998,-0.398057,0.845534,0.0030413000000000107,-0.24004689999999998,0.863922,-0.07679002,-0.25106873999999996,0.806278,-0.1257711,-0.010789999999999966,0.910336,-0.07058732999999999,-0.016590999999999967,0.87806,0.0949004,-0.22934809999999997,0.842717,0.1257704,0.02732100000000004,0.889886,0.0765894,-0.03283199999999997,0.808901,0.0,0.0,0.794852,-0.04910529999999999,-7.99999999995249e-06,0.731626,-0.0950902,0.12010900000000002,0.678107,-0.1014725,0.430971,0.793097,0.04906340000000001,7.40000000000185e-05,0.776664,0.09819740000000002,0.11984500000000003,0.787575,0.10115840000000001,0.458195,0.776759,-0.006199599999999993,-0.41479199999999994,0.894478,0.02450060000000001,-0.42005,0.897463,-0.030832799999999994,-0.409015,0.890436,0.0491144,-0.40947599999999995,0.908288,0.1011494,0.513046,0.767746,0.12875340000000002,0.512737,0.779517,0.0949064,0.474793,0.601113,-0.09511839999999999,0.518331,0.746144,-0.12269559999999999,0.512942,0.763271,-0.1013948,0.463623,0.562379,1
0.0091078,-0.452566,0.875521,0.002968600000000002,-0.283729,0.898736,-0.0798676,-0.289198,0.802167,-0.1259633,-0.048974199999999996,0.844283,-0.07372097999999999,-0.043729399999999995,0.83003,0.0949529,-0.278164,0.845679,0.1288409,-0.021620100000000003,0.850034,0.09190490000000001,-0.0490718,0.804303,0.0,0.0,0.77317,-0.05226549999999999,0.005438300000000007,0.723525,-0.0920849,0.283497,0.786251,-0.1044155,0.605637,0.767994,0.055138900000000005,0.005394900000000008,0.711913,0.09803790000000001,0.267387,0.818697,0.1012699,0.610986,0.735133,-0.0061975999999999976,-0.4747,0.881185,0.024504000000000012,-0.480175,0.887103,-0.033829099999999994,-0.45848300000000003,0.868005,0.049089900000000006,-0.46392300000000003,0.903219,0.10122890000000001,0.68204,0.76107,0.13179090000000002,0.681781,0.776164,0.09504889999999999,0.6383139999999999,0.618583,-0.09827659999999999,0.6819109999999999,0.770477,-0.1257295,0.6766719999999999,0.793204,-0.1043746,0.638335,0.600672,1
0.009171899999999997,-0.392849,0.833141,0.0031008000000000008,-0.2457588,0.861749,-0.07672171,-0.26179195,0.808883,-0.1257845,-0.01641100000000001,0.903599,-0.07058321,-0.02735700000000002,0.887728,0.0948937,-0.2401857,0.83727,0.1287877,0.021762999999999977,0.872308,0.0766037,-0.032778,0.83751,0.0,0.0,0.793801,-0.049041799999999997,-0.005392000000000008,0.720985,-0.0921225,0.10903299999999999,0.719335,-0.1014662,0.42017599999999994,0.797944,0.04900170000000001,0.005403999999999964,0.78291,0.10109970000000001,0.10896899999999998,0.789738,0.10120770000000001,0.45264999999999994,0.789891,-0.0033223000000000003,-0.42538,0.911765,0.024569300000000002,-0.425464,0.912375,-0.0307973,-0.419854,0.886689,0.049162700000000004,-0.42028600000000005,0.903468,0.10121070000000001,0.5073380000000001,0.773815,0.1287877,0.501979,0.792005,0.0949577,0.46925900000000004,0.608103,-0.09509319999999999,0.5074350000000001,0.749208,-0.1226817,0.502089,0.765662,-0.1013866,0.452853,0.575427,1
0.009034899999999998,-0.42518900000000004,0.844887,0.0029610000000000053,-0.2619035,0.888541,-0.07692537999999999,-0.2726041,0.806482,-0.1258914,-0.027104000000000017,0.881719,-0.06762020099999999,-0.038135,0.879079,0.09481200000000001,-0.2563772,0.841946,0.128673,0.00555799999999998,0.872324,0.07655300000000001,-0.04338500000000001,0.84277,0.0,0.0,0.800792,-0.049229999999999996,-6.60000000000105e-05,0.751461,-0.0952591,0.180205,0.755762,-0.10143959999999999,0.491135,0.78223,0.052051,0.00023699999999998722,0.777276,0.09792200000000001,0.158391,0.781387,0.10409000000000002,0.507412,0.725807,-0.006247599999999992,-0.44716700000000004,0.887696,0.024454299999999998,-0.447206,0.899915,-0.0338618,-0.436287,0.880567,0.04900800000000001,-0.43649000000000004,0.932121,0.09811800000000001,0.573027,0.757684,0.12568100000000001,0.572821,0.764215,0.097937,0.529426,0.576918,-0.0982899,0.573132,0.760291,-0.1229091,0.5727679999999999,0.769496,-0.09832179999999999,0.523842,0.562954,1
0.006069899999999989,-0.382096,0.883682,0.002966499999999997,-0.2510758,0.892904,-0.07685588,-0.2671902,0.804396,-0.1258533,-0.016297000000000006,0.870931,-0.07056538000000001,-0.03251600000000002,0.899306,0.0919538,-0.2453924,0.827111,0.1287508,0.011134000000000005,0.873171,0.0734748,-0.03290800000000002,0.861565,0.0,0.0,0.795641,-0.049053400000000004,-0.005409999999999998,0.725242,-0.0890252,0.10373799999999997,0.688127,-0.1013715,0.4529829999999999,0.800664,0.049027799999999996,0.005448999999999982,0.795266,0.0980278,0.10928799999999997,0.801565,0.1012248,0.4801329999999999,0.744689,-0.006245500000000008,-0.420129,0.938072,0.024384599999999992,-0.420246,0.96024,-0.033862,-0.425288,0.856442,0.04902179999999999,-0.43082600000000004,0.896033,0.1011048,0.540412,0.757664,0.1287608,0.540138,0.774146,0.0950028,0.5020249999999999,0.576627,-0.0981465,0.540365,0.759859,-0.1227932,0.54002,0.78016,-0.0983212,0.4909199999999999,0.547332,1
0.01219859999999999,-0.545831063,0.881432,-1.3600000000002499e-05,-0.370802063,0.866023,-0.08288221,-0.370848063,0.835339,-0.13178420000000002,-0.14723806299999997,0.886081,-0.0982134,-0.081781463,0.789772,0.0890622,-0.36563506300000004,0.84486,0.1379142,-0.103606063,0.873581,0.1012242,-0.087309763,0.74175,0.0,0.0,0.723561,-0.055297700000000005,0.005500137,0.74572,-0.08297865,0.327467937,0.797109,-0.1104103,0.6873599370000001,0.786858,0.06135020000000001,-7.760600000000003e-05,0.710216,0.09200019999999999,0.332868937,0.811285,0.0982232,0.698371937,0.725613,-0.009150600000000009,-0.583827063,0.965906,0.024608999999999992,-0.588962063,0.890258,-0.033851700000000005,-0.556566063,0.867932,0.052096199999999995,-0.5674700629999999,0.83383,0.09512720000000001,0.7693109370000001,0.748161,0.12275019999999999,0.769122937,0.772265,0.0919252,0.7256859370000001,0.596415,-0.10437940000000001,0.763886937,0.786521,-0.1318288,0.7635739370000001,0.800354,-0.10745450000000001,0.7202269370000001,0.57965,1
0.009058999999999998,-0.425606,0.831552,0.002954399999999996,-0.272718,0.893302,-0.0798466,-0.278207,0.839738,-0.1260012,-0.0327293,0.844076,-0.0736423,-0.0328073,0.8369,0.09496779999999999,-0.26178199999999996,0.816912,0.1257468,-0.005285999999999999,0.840337,0.0736038,-0.04910579999999999,0.834944,0.0,0.0,0.770699,-0.0522116,0.005397000000000013,0.719571,-0.0951738,0.250856,0.795809,-0.1044468,0.562093,0.780922,0.0551078,0.005455000000000015,0.72038,0.0979738,0.23456700000000003,0.817599,0.1011618,0.567463,0.732652,-0.0062532,-0.458181,0.906601,0.0244771,-0.453147,0.922843,-0.0339036,-0.452616,0.876142,0.0490058,-0.452808,0.937206,0.1010578,0.643917,0.770446,0.1286698,0.643622,0.782659,0.0949828,0.600055,0.611142,-0.0982178,0.643782,0.767017,-0.1228624,0.643564,0.785625,-0.1044643,0.599921,0.591179,1
0.009061700000000006,-0.430777,0.875349,0.002939300000000006,-0.261986,0.890556,-0.0798983,-0.267502,0.798211,-0.1259321,-0.027394,0.882854,-0.07059177,-0.038037,0.867437,0.0949124,-0.256429,0.848798,0.12867040000000002,-5.0000000000050004e-06,0.894625,0.07342339999999999,-0.043811,0.86679,0.0,0.0,0.811408,-0.0492833,-3.300000000000525e-05,0.767351,-0.0952228,0.22370800000000002,0.799408,-0.1043921,0.540027,0.785405,0.05501639999999999,0.00529099999999999,0.773165,0.09803640000000001,0.212768,0.819751,0.10409339999999999,0.5509679999999999,0.734441,-0.006251699999999999,-0.458222,0.879578,0.024461999999999998,-0.46367400000000003,0.887371,-0.0338935,-0.436764,0.862682,0.049061400000000005,-0.447318,0.891666,0.1011404,0.616716,0.747792,0.1287544,0.616414,0.772874,0.0949804,0.57297,0.608165,-0.0952711,0.61656,0.761387,-0.1228259,0.6163240000000001,0.780554,-0.1044111,0.5726770000000001,0.591465,1
0.0061854000000000076,-0.425814,0.880599,0.00010820000000000274,-0.272879,0.826051,-0.07981345,-0.289115,0.82387,-0.12879059999999998,-0.032958000000000015,0.914935,-0.07359363999999999,-0.038051000000000015,0.886805,0.09199580000000002,-0.256555,0.840933,0.1257938,-0.00017600000000000948,0.846123,0.06760380000000002,-0.038538,0.861749,0.0,0.0,0.7841,-0.05212879999999999,-0.00010999999999999899,0.746501,-0.0981126,0.22916999999999998,0.782787,-0.1044542,0.545415,0.78598,0.05518680000000001,0.005470000000000003,0.751538,0.0951118,0.223429,0.823545,0.1012178,0.55638,0.730971,-0.009160799999999997,-0.463857,0.900855,0.021597100000000008,-0.469017,0.915666,-0.033828899999999995,-0.447374,0.83676,0.04620780000000001,-0.452896,0.862172,0.0982258,0.622136,0.74311,0.1258488,0.6218319999999999,0.764854,0.0921198,0.578368,0.594225,-0.101115,0.621959,0.763194,-0.12577159999999998,0.621706,0.784023,-0.1043462,0.578074,0.588392,1
0.0121777,-0.5402218000000001,0.846971,2.3999999999996247e-06,-0.3546198,0.82754,-0.08284931,-0.3601088,0.803956,-0.12892969999999998,-0.13092979999999999,0.889116,-0.0950964,-0.07661799999999999,0.835999,0.0890397,-0.3491998,0.827512,0.1380197,-0.0875184,0.85112,0.10118869999999999,-0.076679,0.80777,0.0,0.0,0.760506,-0.0552203,0.0052023,0.780858,-0.0859185,0.3107962,0.759906,-0.1103976,0.6709102,0.787243,0.06129870000000001,0.0051855999999999985,0.734124,0.09200269999999999,0.3163902,0.822722,0.0951957,0.6763412,0.743184,-0.0091952,-0.5623288,0.927012,0.024553199999999997,-0.5674977999999999,0.880694,-0.0338942,-0.5456828,0.8739,0.04902770000000001,-0.5511538,0.885736,0.0951137,0.7526181999999999,0.778438,0.1227027,0.7472752,0.78288,0.0889547,0.7089292,0.610382,-0.1043272,0.7474571999999999,0.771338,-0.128954,0.7471432,0.757366,-0.1074115,0.7036292,0.578224,1
0.009288599999999994,-0.5943860000000001,0.859701,-0.003024800000000008,-0.40354,0.826813,-0.08588396000000001,-0.409121,0.80545,-0.1348564,-0.174698,0.897868,-0.1102637,-0.081845,0.911594,0.08605489999999999,-0.39801,0.819627,0.1350199,-0.158103,0.836392,0.11355989999999999,-0.081895,0.865709,0.0,0.0,0.736259,-0.058282400000000005,6.979999999999834e-05,0.760488,-0.08571594,0.349346,0.836037,-0.1105477,0.7148859999999999,0.777771,0.061302899999999994,1.1199999999999405e-05,0.735705,0.08590790000000001,0.354775,0.848076,0.09510189999999999,0.714737,0.736773,-0.012138400000000008,-0.616461,0.921946,0.0245379,-0.621724,0.850383,-0.0367999,-0.6055,0.959853,0.04908789999999999,-0.6107760000000001,0.921716,0.0920599,0.7911309999999999,0.776466,0.1197069,0.785836,0.781642,0.0860119,0.747431,0.616129,-0.11031640000000001,0.7910339999999999,0.780314,-0.13487880000000002,0.7856709999999999,0.821006,-0.1103613,0.747706,0.58024,1
0.006188200000000005,-0.38197400000000004,0.894016,0.0031960000000000044,-0.2511918,0.895051,-0.07666307,-0.2619554,0.826449,-0.1256194,-0.011088000000000015,0.869331,-0.07048987,-0.032774,0.88519,0.09501699999999999,-0.24022145,0.807712,0.12285599999999999,0.01102499999999998,0.900096,0.07074,-0.043684,0.851349,0.0,0.0,0.826774,-0.0519636,-9.200000000000874e-05,0.753582,-0.0949551,0.14172099999999999,0.63205,-0.101206,0.447464,0.797761,0.049126,0.005285999999999985,0.818288,0.098158,0.103603,0.830016,0.10140199999999999,0.474465,0.737751,-0.006160100000000002,-0.41997300000000004,0.870792,0.0245407,-0.420084,0.906919,-0.0367159,-0.42535900000000004,0.824254,0.049234,-0.425651,0.913651,0.10125999999999999,0.534678,0.751368,0.12895399999999999,0.534455,0.763854,0.09512100000000001,0.496456,0.559089,-0.09504660000000001,0.534832,0.758596,-0.1225997,0.534489,0.777293,-0.10108690000000001,0.48534599999999994,0.549803,1
0.012198899999999999,-0.5674789,0.878624,-0.00011749999999999261,-0.3874899,0.87609,-0.08295583,-0.3876719,0.829824,-0.1319139,-0.16389089999999998,0.917223,-0.1044281,-0.07644789999999999,0.899202,0.0889786,-0.38221689999999997,0.847965,0.13798559999999999,-0.1311409,0.818079,0.11659660000000001,-0.08180090000000001,0.837024,0.0,0.0,0.727962,-0.05530689999999999,0.005240400000000003,0.759924,-0.08280955999999999,0.3546121,0.835622,-0.11045459999999999,0.7201391,0.777761,0.06419960000000001,-3.979999999999956e-05,0.723471,0.08893160000000001,0.3598411,0.845458,0.09806460000000002,0.7200281000000001,0.736644,-0.009213100000000002,-0.6055489,0.952525,0.027521600000000007,-0.6056909,0.886571,-0.03390819999999999,-0.5945559,0.884898,0.05204760000000001,-0.5999179,0.88547,0.09511460000000001,0.7963441,0.76749,0.12570760000000003,0.7911201,0.794354,0.0889216,0.7526971,0.625927,-0.1073636,0.7962141,0.782006,-0.1319329,0.7908761,0.824517,-0.10743839999999999,0.7529541,0.585683,1
0.012091199999999996,-0.4690987,0.838516,0.0029642,-0.3053887,0.895095,-0.0798386,-0.3056587,0.840002,-0.12591750000000002,-0.08160590000000001,0.849148,-0.07691692,-0.0438073,0.861682,0.0950076,-0.2998507,0.826592,0.1348536,-0.0433189,0.825724,0.09180459999999999,-0.054433999999999996,0.806685,0.0,0.0,0.820637,-0.052172800000000005,0.00014799999999999536,0.773239,-0.0890556,0.28372529999999996,0.741513,-0.1044234,0.6166143000000001,0.775837,0.0551026,8.489999999999887e-05,0.760546,0.09796360000000001,0.2891943,0.826126,0.10413059999999999,0.6274783,0.742646,-0.0033076000000000078,-0.49113969999999996,0.898493,0.0245509,-0.49113470000000004,0.893799,-0.0309083,-0.4853767,0.901409,0.049072599999999994,-0.4853497,0.940098,0.10112760000000001,0.6984743,0.774173,0.1287236,0.6982753,0.783808,0.0950116,0.6547043,0.639065,-0.09830559999999999,0.6931323,0.777198,-0.1229177,0.6928743,0.774875,-0.1043715,0.6494183,0.585976,1
0.009103899999999998,-0.41456,0.829513,0.003026799999999996,-0.2669651,0.899312,-0.07689361,-0.27266999999999997,0.819055,-0.1258052,-0.02177599999999999,0.880352,-0.06760303100000001,-0.038116999999999984,0.86601,0.0949369,-0.2562572,0.832186,0.12571690000000002,0.005536000000000013,0.867741,0.0766219,-0.048729999999999996,0.845037,0.0,0.0,0.833394,-0.049182000000000003,-1.9999999999992246e-05,0.778448,-0.0980884,0.18567499999999998,0.722287,-0.1013909,0.48041000000000006,0.787059,0.0491529,0.000126000000000015,0.806202,0.0979329,0.13122100000000003,0.788598,0.1041729,0.496662,0.724858,-0.006177900000000007,-0.44209299999999996,0.912609,0.024507199999999993,-0.442041,0.935699,-0.033835300000000006,-0.441516,0.880886,0.0490969,-0.441848,0.936699,0.10107989999999999,0.567561,0.75546,0.12578689999999998,0.567337,0.763839,0.09802589999999999,0.5239849999999999,0.570873,-0.0981926,0.567636,0.759222,-0.1228339,0.562235,0.76416,-0.09828680000000001,0.518211,0.551639,1
0.012244000000000005,-0.5673398000000001,0.902199,-2.5799999999992496e-05,-0.3872948,0.855878,-0.08292158999999999,-0.3924228,0.837575,-0.1318592,-0.15263580000000002,0.868308,-0.10417989999999999,-0.0869388,0.859163,0.091985,-0.3869868,0.813381,0.13797399999999999,-0.11440979999999999,0.846243,0.11035299999999999,-0.0869098,0.798742,0.0,0.0,0.756788,-0.055282599999999994,0.00010900000000000146,0.772708,-0.08293154999999999,0.3492012,0.831928,-0.1104358,0.7147552,0.773952,0.06133100000000001,-1.1999999999998123e-05,0.747322,0.08905,0.34918319999999997,0.844084,0.098152,0.7093552,0.733309,-0.009142799999999993,-0.6053898,0.939038,0.0245861,-0.6105938,0.874997,-0.033788099999999995,-0.5780468,0.919648,0.052131,-0.5837188,0.823934,0.095014,0.7855462,0.768984,0.12264600000000002,0.7803062,0.779597,0.09192400000000002,0.7419322,0.610356,-0.1073027,0.7855892,0.772212,-0.1318732,0.7802792,0.810971,-0.1074099,0.7423182,0.578666,1
0.012159799999999998,-0.5674832000000001,0.885064,-0.0030719000000000024,-0.3925662,0.884399,-0.08303833,-0.39263919999999997,0.838314,-0.13191039999999998,-0.1636822,0.897127,-0.1043428,-0.0817012,0.887226,0.0918342,-0.3874032,0.845323,0.1379652,-0.1309592,0.861218,0.1163902,-0.08193819999999999,0.847331,0.0,0.0,0.735088,-0.0553383,4.8199999999998244e-05,0.768689,-0.08289087,0.34929780000000005,0.848126,-0.10761029999999999,0.7148127999999999,0.776805,0.06422820000000001,2.9000000000001247e-06,0.737508,0.08892820000000001,0.35451580000000005,0.845299,0.09812219999999999,0.7147897999999999,0.72688,-0.009223099999999998,-0.6056092000000001,0.959739,0.027509199999999998,-0.6057462,0.889912,-0.0339133,-0.5891782,0.869189,0.0550862,-0.5946982000000001,0.84685,0.0950172,0.7909537999999999,0.771011,0.1226642,0.7857607999999999,0.79452,0.0918522,0.7474187999999999,0.611146,-0.10737730000000001,0.7908758,0.786652,-0.1319331,0.7855348,0.822789,-0.1074166,0.7476328,0.593535,1
0.0061914,-0.409404,0.833382,0.00011620000000001074,-0.262044,0.891002,-0.07983221,-0.267473,0.836276,-0.12878099999999998,-0.016491000000000006,0.873861,-0.07349427,-0.027433000000000013,0.823883,0.09202690000000001,-0.251161,0.814169,0.12284489999999999,0.005390999999999979,0.853139,0.07362590000000001,-0.043618000000000004,0.844734,0.0,0.0,0.803559,-0.052122699999999994,-4.500000000001725e-05,0.754971,-0.0980658,0.22364199999999998,0.761164,-0.1043958,0.534391,0.788888,0.05215790000000001,0.005358000000000002,0.74602,0.09513590000000001,0.206915,0.813174,0.10124790000000002,0.545275,0.733704,-0.009125499999999995,-0.442221,0.928801,0.021579600000000004,-0.44224300000000005,0.943217,-0.036791599999999994,-0.436489,0.861043,0.0461429,-0.441894,0.94556,0.0981569,0.610926,0.760469,0.12286790000000002,0.610711,0.777527,0.0950999,0.567283,0.596084,-0.0981624,0.611004,0.756144,-0.1257048,0.610723,0.778969,-0.10431979999999999,0.561898,0.580728,1
0.006172299999999992,-0.436249,0.881823,0.0030506999999999895,-0.272636,0.870713,-0.07685588,-0.28890899999999997,0.791792,-0.1259126,-0.043355500000000005,0.889916,-0.07351903000000001,-0.0434788,0.849598,0.09493779999999999,-0.266955,0.843189,0.1318788,-0.005528000000000005,0.847854,0.07669979999999998,-0.048817700000000006,0.83345,0.0,0.0,0.823516,-0.0521785,-5.100000000000937e-05,0.752612,-0.0950787,0.256718,0.802001,-0.1043268,0.5784929999999999,0.776046,0.05219679999999999,0.0002889999999999976,0.759082,0.0980788,0.251065,0.830722,0.10426079999999999,0.58937,0.733201,-0.006216900000000004,-0.469024,0.877555,0.024528599999999998,-0.47443,0.906935,-0.03380550000000001,-0.447164,0.846888,0.04914779999999999,-0.458048,0.886128,0.10117879999999999,0.655,0.756719,0.1287708,0.6547609999999999,0.772085,0.09807179999999999,0.611315,0.59896,-0.1011771,0.654889,0.763357,-0.1257487,0.6495629999999999,0.795021,-0.10133310000000001,0.6111880000000001,0.594134,1
0.012214500000000003,-0.5128548,0.841685,0.0,-0.3382628,0.850405,-0.07992599,-0.34360579999999996,0.81801,-0.1287823,-0.10361870000000001,0.871679,-0.095111,-0.06550349999999999,0.764829,0.0920126,-0.32204079999999996,0.80342,0.1380476,-0.0763092,0.823428,0.09499960000000002,-0.0708946,0.818379,0.0,0.0,0.799718,-0.055133999999999996,0.00017380000000000173,0.781569,-0.0889635,0.31084320000000004,0.755509,-0.10444629999999999,0.6547942,0.797765,0.058280600000000016,-2.039999999999681e-05,0.753184,0.0921496,0.3057262,0.824042,0.1011956,0.6654631999999999,0.738858,-0.006203500000000001,-0.5347898,0.912229,0.02460480000000001,-0.5348408,0.868415,-0.033700999999999995,-0.5183428,0.880359,0.0491346,-0.5235918,0.905306,0.0981956,0.7365501999999999,0.745371,0.1257906,0.7363301999999999,0.750912,0.09203060000000002,0.6980611999999999,0.622055,-0.104241,0.7365102,0.804284,-0.1287881,0.7311082,0.800918,-0.101299,0.6927331999999999,0.579645,1
0.01220919999999999,-0.5619211,0.859517,-4.450000000000287e-05,-0.38182910000000003,0.815222,-0.08290859,-0.3872741,0.820016,-0.1318551,-0.1471801,0.886118,-0.1013066,-0.08722300000000001,0.842198,0.0919059,-0.3709691,0.810619,0.1379609,-0.0983151,0.874386,0.10734889999999998,-0.087332,0.787206,0.0,0.0,0.741752,-0.055300600000000005,0.00013960000000000014,0.751606,-0.08302935,0.3436079,0.822097,-0.11046800000000001,0.7093029,0.774313,0.061326900000000004,4.769999999999948e-05,0.730001,0.09183090000000001,0.3437539,0.830918,0.09816289999999998,0.7091909,0.725707,-0.009185100000000002,-0.5890881,0.910856,0.024512199999999998,-0.5946121,0.850329,-0.0338277,-0.5726801,0.936769,0.052059900000000006,-0.5782611,0.898977,0.09503489999999999,0.7800949,0.76477,0.12267189999999999,0.7748769,0.787125,0.09188790000000001,0.7365489,0.608731,-0.1073216,0.7800199,0.770532,-0.1318952,0.7747639,0.803328,-0.10746050000000001,0.7419269,0.587796,1
0.006126100000000009,-0.39854500000000004,0.857922,0.003025,-0.2617819,0.893499,-0.07687804999999999,-0.2671996,0.838476,-0.1258451,-0.01628199999999999,0.869542,-0.07057057,-0.032638,0.826784,0.0948765,-0.2508991,0.808134,0.12280850000000001,0.005673000000000011,0.850066,0.07657649999999999,-0.043682,0.843059,0.0,0.0,0.831995,-0.049219099999999995,-1.5000000000015001e-05,0.770097,-0.09809129999999999,0.19087500000000002,0.720209,-0.1014014,0.485699,0.782962,0.0491655,0.00010899999999999799,0.796076,0.09793650000000001,0.130853,0.830744,0.1012555,0.496405,0.727249,-0.006225699999999994,-0.44172100000000003,0.930415,0.024497600000000008,-0.441757,0.952172,-0.0368735,-0.436323,0.861359,0.04909150000000001,-0.436508,0.944441,0.10110050000000001,0.567463,0.754245,0.1257995,0.567212,0.763772,0.09505949999999999,0.523746,0.583968,-0.0982063,0.567548,0.760863,-0.12282689999999999,0.567212,0.765866,-0.0982991,0.518359,0.581371,1
0.009040400000000004,-0.4416,0.885512,0.0029114999999999974,-0.283533,0.844749,-0.0798846,-0.294424,0.798542,-0.12591,-0.04872030000000001,0.905784,-0.07366822,-0.04356130000000001,0.88171,0.094881,-0.267374,0.831084,0.131748,-0.0162857,0.802736,0.079685,-0.048984700000000006,0.815649,0.0,0.0,0.813218,-0.0521587,8.999999999999286e-05,0.764995,-0.0951744,0.256729,0.812215,-0.1044384,0.57841,0.779019,0.055079,0.0001729999999999926,0.760107,0.098023,0.250966,0.807083,0.10414399999999999,0.58933,0.731529,-0.006323099999999998,-0.479698,0.918369,0.024465299999999995,-0.479861,0.938135,-0.0368973,-0.463495,0.821342,0.049112,-0.469015,0.881744,0.10111500000000001,0.65493,0.769191,0.128726,0.654686,0.776811,0.095032,0.611321,0.602467,-0.1012509,0.654777,0.773567,-0.1258316,0.649474,0.797722,-0.10144500000000001,0.611118,0.598052,1
0.0061401999999999984,-0.425468,0.8379,3.469999999999862e-05,-0.267143,0.897428,-0.07983573,-0.272717,0.824712,-0.128797,-0.032718,0.878534,-0.07361563,-0.03809799999999999,0.861225,0.0919212,-0.26165,0.827127,0.1257682,0.00011099999999999999,0.878893,0.07371319999999999,-0.04357699999999999,0.823085,0.0,0.0,0.814084,-0.0520575,-5.1999999999996493e-05,0.771565,-0.0980833,0.218092,0.787946,-0.1044397,0.534664,0.78698,0.049219200000000005,0.00019500000000000073,0.771331,0.0951212,0.212781,0.836376,0.1012252,0.550969,0.736367,-0.009152799999999996,-0.447493,0.890407,0.021585000000000007,-0.44748699999999997,0.895146,-0.033825999999999995,-0.44179999999999997,0.882987,0.04616920000000001,-0.441984,0.922346,0.1011922,0.616445,0.740965,0.1288142,0.611065,0.776053,0.0921172,0.567674,0.590514,-0.0981988,0.611236,0.754954,-0.1257509,0.610976,0.779814,-0.10436000000000001,0.567296,0.581082,1
0.009099899999999994,-0.4477008,0.88008,0.002873699999999993,-0.2948328,0.852842,-0.07699009,-0.3054748,0.81317,-0.1260128,-0.054726,0.881728,-0.07693073,-0.0489844,0.824771,0.09483340000000001,-0.2785648,0.816991,0.1317794,-0.022018199999999995,0.799313,0.08884039999999999,-0.04934899999999999,0.835227,0.0,0.0,0.777534,-0.0522626,0.005350900000000006,0.728927,-0.09513250000000001,0.2942942,0.784711,-0.1044905,0.6164172,0.76655,0.0551474,0.005240700000000001,0.717626,0.0979574,0.2889212,0.823991,0.10413040000000001,0.6218272,0.727965,-0.006221299999999999,-0.4857458,0.934615,0.024476700000000004,-0.4858088,0.945715,-0.0309397,-0.4746578,0.836741,0.049075400000000005,-0.4801838,0.896784,0.1010894,0.6927902,0.77205,0.1287084,0.6925392,0.773916,0.09793840000000001,0.6490551999999999,0.59972,-0.0983935,0.6926692,0.768147,-0.12583339999999998,0.6874242,0.798231,-0.1043968,0.6490902,0.596758,1
0.012122900000000006,-0.4745447,0.866297,0.002963400000000005,-0.3055487,0.895213,-0.0798232,-0.3058847,0.818394,-0.12601869999999998,-0.0763769,0.841865,-0.07684793,-0.0440551,0.854416,0.09497780000000001,-0.3001157,0.839082,0.13796580000000003,-0.0383612,0.850439,0.09195779999999999,-0.049314699999999996,0.801802,0.0,0.0,0.813782,-0.0522191,0.0051926000000000055,0.772935,-0.08906349999999999,0.2943383,0.739212,-0.10439,0.6164942999999999,0.773357,0.05517480000000001,0.005155800000000002,0.757487,0.0979878,0.29980629999999997,0.844545,0.10414179999999999,0.6380693,0.741242,-0.0033209999999999906,-0.5020667,0.887782,0.024609500000000006,-0.5074586999999999,0.865213,-0.030868,-0.4803057,0.903418,0.0520158,-0.4857867,0.877068,0.10115980000000001,0.7037043,0.777292,0.1287408,0.7034893,0.783235,0.0950138,0.6600253,0.632104,-0.0982624,0.6982193,0.747895,-0.12291189999999999,0.6979453,0.740006,-0.1014182,0.6543133,0.532191,1
0.0122863,-0.4964084,0.890743,9.399999999999686e-05,-0.32196040000000004,0.88356,-0.07987389,-0.3273524,0.809961,-0.1287593,-0.09813279999999999,0.889297,-0.0889442,-0.060118000000000005,0.829209,0.0921141,-0.31654540000000003,0.843199,0.1381091,-0.0546422,0.862099,0.09505910000000001,-0.060279,0.826532,0.0,0.0,0.770873,-0.0551129,0.005424399999999996,0.755005,-0.0919475,0.3000636,0.753658,-0.10442799999999999,0.6438136000000001,0.793603,0.05829409999999999,4.379999999999662e-05,0.711664,0.09217610000000001,0.3108626,0.813711,0.1013001,0.6546346000000001,0.73667,-0.006195900000000004,-0.5343194,0.932877,0.0245726,-0.5345333999999999,0.905169,-0.0337298,-0.5018623999999999,0.883025,0.04914110000000001,-0.5127934,0.851822,0.09820809999999999,0.7257256000000001,0.744882,0.1258061,0.7255366000000001,0.76345,0.0921321,0.6871636000000001,0.624935,-0.1041745,0.7254596000000001,0.79269,-0.1287287,0.7200616000000001,0.779757,-0.1041993,0.6818356000000001,0.579145,1
0.009214700000000006,-0.381918,0.847148,0.003210500000000005,-0.2565462,0.869783,-0.07670075999999999,-0.2620919,0.851718,-0.1256198,-0.005811000000000011,0.909056,-0.0704784,-0.032742999999999994,0.822821,0.0950877,-0.2347611,0.811448,0.1258317,0.010786999999999991,0.846056,0.0735837,-0.04386900000000002,0.870113,0.0,0.0,0.841658,-0.049138699999999993,-5.3999999999998494e-05,0.784133,-0.0949683,0.10358899999999999,0.665884,-0.1012296,0.436415,0.80262,0.04906870000000001,6.799999999998474e-05,0.821758,0.09819069999999999,0.09810799999999997,0.821461,0.1013087,0.45806899999999995,0.751537,-0.006061999999999998,-0.403947,0.901237,0.0245818,-0.409229,0.901923,-0.0336923,-0.409331,0.821782,0.049233700000000005,-0.431074,0.881917,0.1013667,0.52375,0.761654,0.1319397,0.523451,0.790517,0.09502070000000001,0.480201,0.610551,-0.0950844,0.5289699999999999,0.752821,-0.122618,0.5235569999999999,0.773778,-0.0981687,0.47426500000000005,0.532792,1
0.006233700000000009,-0.382004,0.841184,0.003122700000000006,-0.2456536,0.866672,-0.07670711999999999,-0.2672384,0.803509,-0.12564989999999998,-0.010865000000000014,0.897726,-0.07042651999999999,-0.021743000000000012,0.903167,0.09204440000000001,-0.2399621,0.828971,0.12584240000000002,0.021864999999999996,0.890039,0.07367440000000001,-0.04356199999999999,0.817908,0.0,0.0,0.784155,-0.0519848,-2.2999999999995246e-05,0.716265,-0.09501369999999999,0.163776,0.68966,-0.1012521,0.46911900000000006,0.798966,0.04909140000000001,0.005449000000000009,0.767764,0.09811740000000001,0.114347,0.856982,0.1014114,0.48544,0.732256,-0.006049999999999993,-0.414879,0.917142,0.0245953,-0.414835,0.954805,-0.0336854,-0.414836,0.855156,0.049213400000000004,-0.420156,0.892861,0.10137639999999999,0.5511320000000001,0.718621,0.1289824,0.5508770000000001,0.744596,0.09512040000000001,0.507546,0.590648,-0.0950515,0.5511360000000001,0.768245,-0.12259519999999999,0.550855,0.779546,-0.1011254,0.501835,0.566748,1
0.012226600000000004,-0.5782488,0.853739,-6.679999999999187e-05,-0.3927068,0.851091,-0.082942,-0.3929758,0.816128,-0.1319342,-0.1639108,0.923205,-0.1044363,-0.0764368,0.903428,0.08900450000000001,-0.3873228,0.839867,0.13801850000000002,-0.1309808,0.847745,0.1164335,-0.0765518,0.838178,0.0,0.0,0.723155,-0.055338899999999996,6.809999999999802e-05,0.752324,-0.08278715,0.35462520000000003,0.838907,-0.11042859999999999,0.7200912,0.780081,0.0642405,4.399999999998155e-06,0.721507,0.0889565,0.3600802,0.846798,0.09810150000000001,0.7147712,0.736336,-0.0092106,-0.6058458,0.932636,0.027500499999999997,-0.6110198,0.871903,-0.0338705,-0.5947628,0.916017,0.049113500000000004,-0.6002438,0.919767,0.0950075,0.7962752,0.786657,0.1226485,0.7910252,0.788882,0.08899950000000001,0.7526342,0.60618,-0.1073595,0.7963082,0.784292,-0.1319211,0.7909592,0.827634,-0.1074245,0.7529322,0.588578,1
