28.2174,0.869,0.872,5.6211,0.869,0.850,0.8607,0.869,0.923,-0.1285,0.872,0.801,-0.0621,0.872,0.819,70.8254,0.872,0.758,-5.0980,0.872,0.790,-0.7625,0.801,0.867,-1.7902,0.867,0.841,0.8453,0.819,0.846,1.9983,0.846,0.849,-0.0006,0.758,0.735,-2.4198,0.735,0.817,-1.5485,0.790,0.759,2.0425,0.759,0.816,7.1930,0.850,0.861,-0.2255,0.923,0.889,1
14.7445,0.914,0.834,5.2861,0.914,0.857,1.0079,0.914,0.918,-0.0953,0.834,0.795,-0.0941,0.834,0.792,2116.4032,0.834,0.761,-4.8965,0.834,0.760,-0.7856,0.795,0.872,-1.7983,0.872,0.823,0.9479,0.792,0.845,2.2925,0.845,0.832,-0.0022,0.761,0.774,-2.0031,0.774,0.775,-1.4911,0.760,0.740,2.1264,0.740,0.789,7.3617,0.857,0.907,-0.1339,0.918,0.837,1
-5.7189,0.870,0.862,12.8887,0.870,0.695,0.8791,0.870,0.900,0.1297,0.862,0.758,0.0513,0.862,0.797,-22.7844,0.862,0.721,-5.6547,0.862,0.760,-2.1672,0.758,0.857,0.9986,0.857,0.751,4.5547,0.797,0.858,-0.9025,0.858,0.776,0.0027,0.721,0.740,-4.9907,0.740,0.768,-2.4539,0.760,0.717,3.9458,0.717,0.843,19.8521,0.695,0.872,-0.2549,0.900,0.848,1
-25.6286,0.877,0.880,4.9440,0.877,0.770,1.9692,0.877,0.838,0.0325,0.880,0.805,0.0319,0.880,0.791,95.4054,0.880,0.767,-4.6997,0.880,0.855,-5.4455,0.805,0.849,1.6204,0.849,0.798,4.6247,0.791,0.838,-0.9413,0.838,0.798,0.0000,0.767,0.714,-2.3006,0.714,0.774,-1.8702,0.855,0.707,3.2520,0.707,0.802,5.8416,0.770,0.910,0.3014,0.838,0.811,1
-39.2279,0.869,0.860,8.0436,0.869,0.802,0.6344,0.869,0.915,-0.0624,0.860,0.764,-0.0326,0.860,0.830,49.9600,0.860,0.710,-7.9259,0.860,0.789,-0.5636,0.764,0.821,-1.9421,0.821,0.814,0.6761,0.830,0.834,2.0034,0.834,0.825,-0.0004,0.710,0.662,-8.1106,0.662,0.777,-2.2642,0.789,0.679,5.7326,0.679,0.797,10.0984,0.802,0.844,-0.4432,0.915,0.861,1
-2.4154,0.887,0.843,8.1979,0.887,0.726,1.1391,0.887,0.895,0.0015,0.843,0.740,0.0514,0.843,0.758,-17.5877,0.843,0.710,-3.6984,0.843,0.652,-1.0022,0.740,0.772,0.8465,0.772,0.764,3.2367,0.758,0.798,-0.5357,0.798,0.837,0.0907,0.710,0.691,-1.4662,0.691,0.783,-1.5074,0.652,0.696,0.9570,0.696,0.803,13.8526,0.726,0.894,0.5421,0.895,0.818,1
739.1327,0.865,0.904,7.1221,0.865,0.835,0.7140,0.865,0.917,-0.0315,0.904,0.812,-0.0315,0.904,0.817,46.0062,0.904,0.702,-6.8562,0.904,0.821,-0.6246,0.812,0.818,-1.7397,0.818,0.815,0.7256,0.817,0.837,2.0938,0.837,0.837,-0.0524,0.702,0.671,-4.2953,0.671,0.852,-2.0572,0.821,0.698,3.4108,0.698,0.803,8.8995,0.835,0.847,-0.3338,0.917,0.884,1
-3.5556,0.892,0.870,9.8239,0.892,0.721,1.0006,0.892,0.910,0.0296,0.870,0.772,0.1040,0.870,0.767,-19.7729,0.870,0.720,-4.3763,0.870,0.638,-1.2786,0.772,0.814,0.8924,0.814,0.792,4.4799,0.767,0.812,-0.7738,0.812,0.802,0.0910,0.720,0.702,-2.3334,0.702,0.826,-1.7912,0.638,0.710,1.7655,0.710,0.787,16.4474,0.721,0.935,0.0025,0.910,0.855,1
34.3754,0.863,0.879,6.1496,0.863,0.834,0.7142,0.863,0.892,-0.0630,0.879,0.830,-0.1216,0.879,0.806,76.1080,0.879,0.752,-5.4858,0.879,0.830,-0.7481,0.830,0.820,-1.8611,0.820,0.798,0.7990,0.806,0.840,1.9089,0.840,0.852,-0.0013,0.752,0.693,-3.3138,0.693,0.838,-1.7238,0.830,0.707,2.2278,0.707,0.771,8.0617,0.834,0.825,-0.3712,0.892,0.890,1
-640.5818,0.920,0.914,3.4188,0.920,0.751,1.3967,0.920,0.874,0.0295,0.914,0.787,0.0008,0.914,0.835,2103.1648,0.914,0.819,-3.0271,0.914,0.848,-4.8712,0.787,0.858,-0.8918,0.858,0.780,16.3783,0.835,0.875,1.3064,0.875,0.782,-0.0014,0.819,0.748,-0.9673,0.748,0.837,-1.2102,0.848,0.758,1.0701,0.758,0.803,4.1328,0.751,0.909,0.2531,0.874,0.753,1
731.3636,0.924,0.881,6.9286,0.924,0.853,0.8610,0.924,0.908,-0.0615,0.881,0.817,-0.1202,0.881,0.794,43.1255,0.881,0.742,-6.1951,0.881,0.816,-0.6750,0.817,0.810,-1.9063,0.810,0.833,0.8205,0.794,0.843,2.0094,0.843,0.842,-0.0522,0.742,0.685,-3.5117,0.685,0.796,-1.9431,0.816,0.721,2.5475,0.721,0.836,9.1396,0.853,0.873,-0.5577,0.908,0.883,1
-0.4979,0.932,0.829,6.3372,0.932,0.711,0.9999,0.932,0.912,0.0821,0.829,0.707,0.0257,0.829,0.784,-32.3421,0.829,0.682,-3.1914,0.829,0.726,-0.7848,0.707,0.807,0.6643,0.807,0.874,2.6142,0.784,0.766,-0.3872,0.766,0.809,0.0017,0.682,0.628,0.3464,0.628,0.820,-1.1422,0.726,0.655,-0.0437,0.655,0.828,10.0885,0.711,0.916,0.8352,0.912,0.810,1
24.1264,0.901,0.872,5.2152,0.901,0.844,1.0101,0.901,0.912,-0.1412,0.872,0.771,-0.0327,0.872,0.812,67.3046,0.872,0.757,-5.1357,0.872,0.788,-0.7567,0.771,0.835,-1.8392,0.835,0.856,0.9226,0.812,0.827,2.0934,0.827,0.843,-0.0019,0.757,0.742,-2.2490,0.742,0.808,-1.5302,0.788,0.768,1.9974,0.768,0.788,7.0253,0.844,0.912,-0.1126,0.912,0.864,1
-2315.1515,0.924,0.890,7.8896,0.924,0.796,0.7586,0.924,0.899,-0.0316,0.890,0.812,-0.0332,0.890,0.787,91.5029,0.890,0.682,-7.4626,0.890,0.787,-0.5613,0.812,0.847,-1.8159,0.847,0.849,0.6512,0.787,0.868,2.1585,0.868,0.875,-0.0010,0.682,0.639,-8.5587,0.639,0.748,-2.2457,0.787,0.657,4.5689,0.657,0.801,9.9738,0.796,0.859,-0.7394,0.899,0.926,1
-22.7186,0.846,0.878,4.3286,0.846,0.750,1.9763,0.846,0.896,0.0325,0.878,0.785,0.0001,0.878,0.807,11774.1500,0.878,0.726,-3.9216,0.878,0.842,-4.7299,0.785,0.900,-0.6014,0.900,0.895,7.2990,0.807,0.894,0.6673,0.894,0.846,-0.0988,0.726,0.688,-1.8003,0.688,0.778,-1.5814,0.842,0.684,2.3030,0.684,0.778,5.0751,0.750,0.933,0.4984,0.896,0.751,1
-23.6713,0.912,0.922,3.5803,0.912,0.744,1.7251,0.912,0.849,-0.0001,0.922,0.811,0.0004,0.922,0.843,69.6202,0.922,0.761,-3.2559,0.922,0.848,-5.4124,0.811,0.872,-0.9233,0.872,0.775,12.4480,0.843,0.829,1.1326,0.829,0.803,-0.0552,0.761,0.706,-1.0911,0.706,0.829,-1.2996,0.848,0.716,1.2883,0.716,0.803,4.2977,0.744,0.895,0.2531,0.849,0.764,1
-316.4393,0.916,0.891,5.1612,0.916,0.774,1.7292,0.916,0.903,0.0311,0.891,0.806,-0.0000,0.891,0.803,92.4484,0.891,0.676,-4.9019,0.891,0.843,-6.3926,0.806,0.892,-634.4974,0.892,0.889,5.7103,0.803,0.867,5.1646,0.867,0.846,-0.0001,0.676,0.656,-3.1315,0.656,0.769,-2.0285,0.843,0.674,4.4663,0.674,0.800,6.1588,0.774,0.952,0.5557,0.903,0.758,1
-22.9211,0.875,0.886,4.1598,0.875,0.746,1.7513,0.875,0.903,0.0319,0.886,0.782,0.0005,0.886,0.810,2230.9798,0.886,0.755,-3.7350,0.886,0.845,-5.0944,0.782,0.908,-0.6800,0.908,0.874,12.7284,0.810,0.865,0.9572,0.865,0.795,-0.0520,0.755,0.689,-1.6450,0.689,0.785,-1.5091,0.845,0.710,1.9606,0.710,0.790,4.9054,0.746,0.948,0.4002,0.903,0.752,1
30.3530,0.888,0.903,5.8292,0.888,0.836,1.0038,0.888,0.944,-0.0332,0.903,0.828,-0.1240,0.903,0.781,1425.1515,0.903,0.769,-5.2317,0.903,0.778,-0.7795,0.828,0.862,-1.7502,0.862,0.854,0.8013,0.781,0.847,1.9599,0.847,0.851,-0.0005,0.769,0.747,-2.6685,0.747,0.813,-1.6343,0.778,0.726,2.0440,0.726,0.788,7.4856,0.836,0.873,-0.3412,0.944,0.842,1
30.4232,0.919,0.896,5.5267,0.919,0.862,1.0012,0.919,0.934,-0.0351,0.896,0.804,-0.1237,0.896,0.795,68.0752,0.896,0.757,-4.8987,0.896,0.789,-0.7620,0.804,0.852,-1.7103,0.852,0.880,0.9207,0.795,0.874,2.4099,0.874,0.814,-0.0009,0.757,0.735,-2.5017,0.735,0.830,-1.5295,0.789,0.756,2.1265,0.756,0.798,7.3491,0.862,0.902,-0.5531,0.934,0.855,1
1679.1905,0.893,0.876,7.2734,0.893,0.834,0.8766,0.893,0.949,-0.0915,0.876,0.772,-0.0626,0.876,0.833,46.9126,0.876,0.735,-6.6594,0.876,0.819,-0.5635,0.772,0.806,-1.8049,0.806,0.802,0.7746,0.833,0.887,2.3142,0.887,0.813,-0.0013,0.735,0.684,-5.1711,0.684,0.728,-2.0558,0.819,0.729,3.5684,0.729,0.837,9.1577,0.834,0.881,-0.8601,0.949,0.852,1
371.6145,0.887,0.912,6.4200,0.887,0.829,1.0016,0.887,0.941,-0.0328,0.912,0.802,-0.0595,0.912,0.782,81.6195,0.912,0.781,-5.8262,0.912,0.815,-0.7318,0.802,0.845,-1.7112,0.845,0.858,0.7676,0.782,0.844,2.1450,0.844,0.802,-0.0018,0.781,0.706,-3.6551,0.706,0.824,-1.7930,0.815,0.732,2.2248,0.732,0.795,8.1773,0.829,0.876,-0.3324,0.941,0.848,1
40.8924,0.901,0.858,7.9363,0.901,0.776,0.9982,0.901,0.952,-0.0591,0.858,0.789,-0.1597,0.858,0.819,94.6434,0.858,0.681,-7.7756,0.858,0.781,-0.5249,0.789,0.807,-1.8097,0.807,0.851,0.7736,0.819,0.863,2.1015,0.863,0.835,-0.0478,0.681,0.635,-12.4587,0.635,0.823,-2.3797,0.781,0.640,7.1983,0.640,0.849,9.9874,0.776,0.886,-0.7752,0.952,0.896,1
41.8398,0.913,0.897,8.2083,0.913,0.783,0.9923,0.913,0.946,-0.0313,0.897,0.815,-0.1594,0.897,0.797,99.4129,0.897,0.658,-7.9780,0.897,0.770,-0.5497,0.815,0.846,-1.9948,0.846,0.876,0.7433,0.797,0.876,2.0527,0.876,0.884,0.0005,0.658,0.615,-17.2700,0.615,0.853,-2.5685,0.770,0.598,17.0351,0.598,0.841,10.2801,0.783,0.886,-0.7759,0.946,0.909,1
-22.3658,0.882,0.886,5.1814,0.882,0.769,1.7191,0.882,0.866,0.0316,0.886,0.810,-0.0309,0.886,0.812,48.3698,0.886,0.680,-5.0397,0.886,0.834,-6.5238,0.810,0.865,-39.6130,0.865,0.846,6.0908,0.812,0.850,4.9104,0.850,0.908,-0.0003,0.680,0.661,-3.3940,0.661,0.806,-2.0431,0.834,0.666,4.5364,0.666,0.793,6.1611,0.769,0.933,0.6672,0.866,0.801,1
502.0388,0.901,0.898,6.6364,0.901,0.834,0.8888,0.901,0.952,-0.0926,0.898,0.776,-0.0323,0.898,0.829,81.0828,0.898,0.744,-6.0998,0.898,0.823,-0.7247,0.776,0.854,-1.8630,0.854,0.851,0.7754,0.829,0.850,2.0539,0.850,0.812,-0.0018,0.744,0.701,-3.5032,0.701,0.811,-1.8867,0.823,0.702,2.5246,0.702,0.833,8.4472,0.834,0.883,-0.6198,0.952,0.838,1
31.9684,0.906,0.894,6.1779,0.906,0.833,1.0034,0.906,0.913,-0.0941,0.894,0.787,-0.0324,0.894,0.823,80.9979,0.894,0.770,-5.7931,0.894,0.818,-0.7002,0.787,0.842,-1.7432,0.842,0.857,0.7752,0.823,0.872,2.0946,0.872,0.817,-0.0523,0.770,0.694,-3.4623,0.694,0.826,-1.7929,0.818,0.720,2.1711,0.720,0.788,7.8444,0.833,0.872,-0.7405,0.913,0.873,1
-3918.4150,0.920,0.888,8.1780,0.920,0.774,0.9939,0.920,0.944,-0.0322,0.888,0.805,-0.0941,0.888,0.778,96.6408,0.888,0.659,-8.2500,0.888,0.771,-0.5737,0.805,0.866,-1.9972,0.866,0.897,0.6929,0.778,0.870,2.0545,0.870,0.890,0.0488,0.659,0.617,-22.6648,0.617,0.874,-2.5679,0.771,0.601,16.8958,0.601,0.845,10.2502,0.774,0.882,-0.7780,0.944,0.923,1
-0.3769,0.841,0.880,6.8079,0.841,0.724,0.8789,0.841,0.865,0.0281,0.880,0.731,0.0261,0.880,0.803,-21.8434,0.880,0.682,-3.2364,0.880,0.683,-0.8506,0.731,0.784,0.7773,0.784,0.816,2.5743,0.803,0.803,-0.4328,0.803,0.804,0.0500,0.682,0.639,0.0538,0.639,0.836,-1.2486,0.683,0.655,0.1247,0.655,0.823,11.0857,0.724,0.901,1.0759,0.865,0.824,1
-398.2486,0.938,0.916,5.0432,0.938,0.773,1.7303,0.938,0.892,-0.0001,0.916,0.836,0.0002,0.916,0.828,90.3882,0.916,0.663,-4.8608,0.916,0.844,-6.1627,0.836,0.891,-1090.7130,0.891,0.900,5.3326,0.828,0.894,6.5314,0.894,0.826,0.0543,0.663,0.644,-3.0488,0.644,0.757,-1.9878,0.844,0.673,4.5999,0.673,0.794,6.0016,0.773,0.943,0.2931,0.892,0.780,1
-295.6987,0.884,0.902,5.1418,0.884,0.765,1.0057,0.884,0.841,0.0011,0.902,0.834,-0.0001,0.902,0.819,93.5252,0.902,0.674,-4.9652,0.902,0.835,-6.5237,0.834,0.855,-22.6457,0.855,0.825,6.1148,0.819,0.838,5.0941,0.838,0.918,0.0002,0.674,0.651,-3.4635,0.651,0.752,-2.0436,0.835,0.665,4.7511,0.665,0.764,6.0486,0.765,0.915,0.6627,0.841,0.805,1
24.3210,0.911,0.866,4.9406,0.911,0.858,1.0038,0.911,0.897,-0.1760,0.866,0.786,-0.0339,0.866,0.811,32.5767,0.866,0.768,-4.8453,0.866,0.799,-0.7283,0.786,0.825,-1.7198,0.825,0.810,0.8504,0.811,0.845,1.9098,0.845,0.835,-0.0007,0.768,0.775,-2.2992,0.775,0.862,-1.3880,0.799,0.775,1.6955,0.775,0.795,6.7141,0.858,0.931,-0.3402,0.897,0.800,1
-1.3303,0.890,0.846,8.7885,0.890,0.719,1.1314,0.890,0.882,0.0555,0.846,0.723,0.0259,0.846,0.759,-32.3082,0.846,0.716,-3.6073,0.846,0.709,-1.0849,0.723,0.766,0.7151,0.766,0.844,3.2301,0.759,0.776,-0.4708,0.776,0.840,0.0922,0.716,0.651,-0.7099,0.651,0.792,-1.3967,0.709,0.690,0.6828,0.690,0.822,15.1368,0.719,0.902,0.5840,0.882,0.847,1
-13061.5167,0.925,0.897,8.1478,0.925,0.769,0.9905,0.925,0.920,-0.0321,0.897,0.802,-0.0616,0.897,0.801,51.9438,0.897,0.662,-8.2120,0.897,0.776,-0.5501,0.802,0.876,-1.9946,0.876,0.891,0.6835,0.801,0.868,2.1607,0.868,0.902,0.0496,0.662,0.613,-13.6582,0.613,0.857,-2.4822,0.776,0.611,9.4252,0.611,0.807,10.2509,0.769,0.868,-0.7805,0.920,0.901,1
0.0020,0.917,0.816,5.9650,0.917,0.714,0.9971,0.917,0.947,0.0278,0.816,0.727,0.0005,0.816,0.808,-23.1998,0.816,0.651,-3.0461,0.816,0.716,-0.7157,0.727,0.742,0.6776,0.742,0.838,2.9823,0.808,0.811,-0.4688,0.811,0.844,0.0547,0.651,0.605,0.5687,0.605,0.806,-1.0357,0.716,0.636,-0.2404,0.636,0.825,10.2099,0.714,0.927,0.9237,0.947,0.790,1
27.3403,0.923,0.822,4.9081,0.923,0.852,0.8618,0.923,0.864,-0.1061,0.822,0.805,-0.1281,0.822,0.839,30.7393,0.822,0.765,-4.6648,0.822,0.797,-0.7452,0.805,0.827,-1.7074,0.827,0.830,0.9021,0.839,0.818,1.9582,0.818,0.849,-0.0508,0.765,0.756,-2.3751,0.756,0.857,-1.3488,0.797,0.781,1.6502,0.781,0.806,6.6346,0.852,0.908,-0.5520,0.864,0.867,1
715.8173,0.889,0.904,7.6371,0.889,0.824,0.5093,0.889,0.892,-0.0311,0.904,0.813,-0.0021,0.904,0.805,48.6838,0.904,0.737,-6.9613,0.904,0.833,-0.5991,0.813,0.876,-1.8149,0.876,0.831,0.7501,0.805,0.805,2.3603,0.805,0.858,-0.0011,0.737,0.687,-4.9310,0.687,0.728,-2.0924,0.833,0.715,3.5700,0.715,0.833,9.6354,0.824,0.828,-0.4987,0.892,0.879,1
-0.2418,0.866,0.835,6.1120,0.866,0.704,0.9987,0.866,0.877,0.0538,0.835,0.704,0.0012,0.835,0.805,-22.1092,0.835,0.662,-3.1197,0.835,0.728,-0.6784,0.704,0.814,0.6395,0.814,0.872,2.8663,0.805,0.804,-0.4662,0.804,0.819,0.0013,0.662,0.631,0.4753,0.631,0.830,-1.0893,0.728,0.640,-0.1610,0.640,0.820,10.4477,0.704,0.896,1.0743,0.877,0.821,1
1361.6607,0.918,0.901,6.9152,0.918,0.829,0.8538,0.918,0.893,-0.0317,0.901,0.827,-0.1232,0.901,0.768,44.4028,0.901,0.737,-6.4033,0.901,0.797,-0.6255,0.827,0.849,-1.7843,0.849,0.864,0.7756,0.768,0.835,2.1063,0.835,0.856,-0.0015,0.737,0.707,-4.0008,0.707,0.774,-1.9463,0.797,0.720,3.1076,0.720,0.821,8.7168,0.829,0.859,-0.6651,0.893,0.916,1
1123.8197,0.911,0.879,6.9220,0.911,0.842,0.8851,0.911,0.947,-0.0938,0.879,0.777,-0.0623,0.879,0.824,43.1979,0.879,0.757,-6.3056,0.879,0.812,-0.6755,0.777,0.863,-1.8635,0.863,0.851,0.7766,0.824,0.877,2.0590,0.877,0.824,-0.0013,0.757,0.698,-4.1399,0.698,0.728,-1.9622,0.812,0.726,2.8022,0.726,0.836,8.7997,0.842,0.892,-0.6160,0.947,0.821,1
-40.9859,0.893,0.885,8.1034,0.893,0.789,0.5096,0.893,0.895,-0.0022,0.885,0.813,-0.0310,0.885,0.817,50.4204,0.885,0.682,-7.9637,0.885,0.786,-0.5847,0.813,0.869,-1.9048,0.869,0.863,0.6754,0.817,0.842,2.2104,0.842,0.866,-0.0002,0.682,0.637,-8.4719,0.637,0.795,-2.2823,0.786,0.643,6.7794,0.643,0.795,9.8426,0.789,0.825,-0.4973,0.895,0.875,1
27.8667,0.927,0.837,5.1607,0.927,0.844,0.9998,0.927,0.893,-0.0711,0.837,0.822,-0.1594,0.837,0.816,32.7224,0.837,0.741,-4.9239,0.837,0.788,-0.7343,0.822,0.864,-1.5795,0.864,0.856,0.9734,0.816,0.894,2.3632,0.894,0.790,-0.0011,0.741,0.747,-2.1180,0.747,0.780,-1.4280,0.788,0.752,1.7979,0.752,0.812,6.9957,0.844,0.913,-0.4479,0.893,0.838,1
9.6048,0.877,0.843,5.0636,0.877,0.851,0.7185,0.877,0.859,-0.0364,0.843,0.826,-0.1326,0.843,0.769,-64.0281,0.843,0.756,-4.4832,0.843,0.791,-0.7819,0.826,0.827,-1.6922,0.827,0.863,0.9246,0.769,0.902,2.0983,0.902,0.783,-0.0012,0.756,0.763,-2.2338,0.763,0.763,-1.3689,0.791,0.751,1.7814,0.751,0.815,6.7977,0.851,0.875,-0.3315,0.859,0.876,1
-3.0215,0.870,0.850,11.2527,0.870,0.716,0.8964,0.870,0.885,0.0573,0.850,0.743,0.1028,0.850,0.758,-19.2627,0.850,0.719,-4.6245,0.850,0.642,-1.2307,0.743,0.818,0.9983,0.818,0.771,4.3812,0.758,0.782,-0.7186,0.782,0.802,0.0483,0.719,0.723,-2.6744,0.723,0.825,-1.9634,0.642,0.710,1.9997,0.710,0.807,18.4469,0.716,0.938,-0.0038,0.885,0.843,1
-5.3860,0.875,0.890,11.7487,0.875,0.713,0.9906,0.875,0.874,0.0541,0.890,0.738,0.0512,0.890,0.783,-29.4762,0.890,0.711,-5.3856,0.890,0.744,-1.7917,0.738,0.843,0.9088,0.843,0.772,4.6840,0.783,0.805,-0.9029,0.805,0.775,0.0454,0.711,0.741,-4.4436,0.741,0.775,-2.2779,0.744,0.709,3.4101,0.709,0.786,18.9014,0.713,0.895,-0.3835,0.874,0.880,1
1550.8333,0.928,0.890,7.1822,0.928,0.812,0.9949,0.928,0.917,-0.0323,0.890,0.823,-0.1251,0.890,0.794,45.8893,0.890,0.722,-6.7287,0.890,0.823,-0.6231,0.823,0.862,-1.7801,0.862,0.871,0.7750,0.794,0.875,2.0035,0.875,0.857,-0.0013,0.722,0.674,-4.4714,0.674,0.745,-2.0730,0.823,0.709,3.4160,0.709,0.822,9.0822,0.812,0.873,-0.6663,0.917,0.903,1
1122.0294,0.924,0.875,7.4567,0.924,0.811,0.8788,0.924,0.933,-0.0326,0.875,0.811,-0.1541,0.875,0.790,48.2480,0.875,0.693,-7.2027,0.875,0.813,-0.5603,0.811,0.823,-1.7729,0.823,0.840,0.7489,0.790,0.878,1.9564,0.878,0.850,-0.0012,0.693,0.665,-5.3802,0.665,0.759,-2.1496,0.813,0.673,3.9392,0.673,0.824,9.3788,0.811,0.878,-0.7745,0.933,0.897,1
-2.7437,0.891,0.842,8.5803,0.891,0.738,1.1349,0.891,0.877,0.0549,0.842,0.709,0.0256,0.842,0.777,-17.3485,0.842,0.709,-3.7691,0.842,0.660,-0.8982,0.709,0.808,0.9217,0.808,0.717,3.8740,0.777,0.778,-0.5933,0.778,0.775,0.0905,0.709,0.704,-1.5942,0.704,0.779,-1.5758,0.660,0.690,1.1907,0.690,0.787,13.4709,0.738,0.910,0.1710,0.877,0.857,1
-1.8761,0.894,0.870,8.2549,0.894,0.721,0.9984,0.894,0.896,0.0296,0.870,0.744,0.0263,0.870,0.782,-16.7912,0.870,0.694,-3.6408,0.870,0.725,-1.0388,0.744,0.815,0.8248,0.815,0.826,3.8563,0.782,0.795,-0.5922,0.795,0.819,0.0905,0.694,0.696,-1.0669,0.696,0.817,-1.4645,0.725,0.657,0.7614,0.657,0.785,13.3386,0.721,0.908,0.4559,0.896,0.827,1
-3.2828,0.881,0.854,9.9974,0.881,0.728,1.1351,0.881,0.872,0.0276,0.854,0.724,0.0254,0.854,0.800,-10.3099,0.854,0.724,-3.9048,0.854,0.719,-0.9279,0.724,0.828,0.9601,0.828,0.844,4.1141,0.800,0.797,-0.6014,0.797,0.784,0.0525,0.724,0.695,-1.7391,0.695,0.820,-1.6655,0.719,0.714,1.3069,0.714,0.813,16.5068,0.728,0.905,0.0874,0.872,0.862,1
-5.8990,0.886,0.895,13.1642,0.886,0.703,0.8774,0.886,0.930,0.0541,0.895,0.736,0.0507,0.895,0.792,-18.7921,0.895,0.683,-5.7725,0.895,0.759,-2.0542,0.736,0.833,0.9359,0.833,0.719,4.8827,0.792,0.827,-0.9683,0.827,0.799,0.1007,0.683,0.698,-6.1778,0.698,0.787,-2.4725,0.759,0.709,4.3312,0.709,0.845,20.2614,0.703,0.901,-0.4621,0.930,0.851,1
-12732.9333,0.861,0.842,7.8357,0.861,0.791,0.7186,0.861,0.928,-0.0905,0.842,0.773,-0.0939,0.842,0.831,51.4057,0.842,0.675,-8.1437,0.842,0.777,-0.4879,0.773,0.810,-1.8988,0.810,0.828,0.7254,0.831,0.836,2.1005,0.836,0.837,-0.0001,0.675,0.630,-12.7037,0.630,0.826,-2.3986,0.777,0.631,7.3153,0.631,0.831,9.7276,0.791,0.859,-0.7794,0.928,0.886,1
-3.0079,0.891,0.867,9.8615,0.891,0.724,1.0009,0.891,0.886,0.0298,0.867,0.735,0.0272,0.867,0.773,-12.1832,0.867,0.705,-4.0707,0.867,0.637,-0.9030,0.735,0.801,1.0413,0.801,0.739,4.1085,0.773,0.743,-0.6205,0.743,0.795,0.0514,0.705,0.718,-2.0691,0.718,0.809,-1.7419,0.637,0.684,1.5252,0.684,0.807,15.8049,0.724,0.932,0.0912,0.886,0.856,1
-4.8416,0.862,0.876,11.3457,0.862,0.710,1.2707,0.862,0.873,0.1412,0.876,0.738,0.0022,0.876,0.818,-20.6199,0.876,0.704,-4.9709,0.876,0.744,-1.7618,0.738,0.841,0.9656,0.841,0.792,4.5571,0.818,0.821,-0.8070,0.821,0.838,0.0480,0.704,0.744,-3.7741,0.744,0.800,-2.0861,0.744,0.715,2.5987,0.715,0.832,18.9701,0.710,0.882,-0.2726,0.873,0.865,1
-23.9461,0.897,0.916,4.4490,0.897,0.752,1.5122,0.897,0.872,0.0005,0.916,0.809,0.0304,0.916,0.848,-5540.4884,0.916,0.772,-4.0241,0.916,0.843,-5.0683,0.809,0.858,-0.4791,0.858,0.891,6.2509,0.848,0.871,0.5009,0.871,0.863,-0.0016,0.772,0.704,-1.9986,0.704,0.778,-1.6632,0.843,0.700,2.4337,0.700,0.772,5.2116,0.752,0.919,0.2487,0.872,0.795,1
-436.9464,0.927,0.917,4.8871,0.927,0.769,1.7355,0.927,0.879,0.0291,0.917,0.824,0.0008,0.917,0.841,92.4195,0.917,0.715,-4.6722,0.917,0.854,-5.9744,0.824,0.905,3.2472,0.905,0.856,4.7823,0.841,0.857,-2.3145,0.857,0.858,-0.0002,0.715,0.695,-2.2598,0.695,0.774,-1.9136,0.854,0.679,3.4018,0.679,0.814,5.8195,0.769,0.938,0.1465,0.879,0.826,1
-322.5190,0.883,0.924,3.3998,0.883,0.749,1.0047,0.883,0.829,0.0007,0.924,0.827,0.0316,0.924,0.834,2124.9778,0.924,0.788,-3.0045,0.924,0.850,-3.9917,0.827,0.834,-0.8284,0.834,0.813,17.5229,0.834,0.845,1.5491,0.845,0.800,-0.0534,0.788,0.721,-0.8796,0.721,0.841,-1.2131,0.850,0.758,0.9309,0.758,0.799,4.0197,0.749,0.908,0.5497,0.829,0.776,1
-564.4720,0.931,0.929,5.0233,0.931,0.771,1.7314,0.931,0.853,0.0009,0.929,0.834,0.0004,0.929,0.837,92.4627,0.929,0.685,-4.8387,0.929,0.848,-6.0128,0.834,0.891,20.1706,0.891,0.852,5.8099,0.837,0.898,19.5308,0.898,0.833,0.0002,0.685,0.658,-2.8084,0.658,0.734,-1.9458,0.848,0.672,4.2859,0.672,0.838,5.9563,0.771,0.898,0.2899,0.853,0.806,1
-39.5134,0.868,0.862,8.3208,0.868,0.800,0.6307,0.868,0.904,-0.0911,0.862,0.761,-0.0619,0.862,0.825,50.9811,0.862,0.680,-8.1830,0.862,0.775,-0.5008,0.761,0.859,-1.8593,0.859,0.856,0.6993,0.825,0.836,2.1499,0.836,0.872,0.0005,0.680,0.630,-11.0198,0.630,0.814,-2.4414,0.775,0.632,7.2262,0.632,0.842,10.4745,0.800,0.831,-0.5597,0.904,0.862,1
-6.0524,0.859,0.904,12.9769,0.859,0.698,0.8750,0.859,0.895,0.0542,0.904,0.743,0.0509,0.904,0.795,-32.0998,0.904,0.691,-5.9460,0.904,0.760,-2.1059,0.743,0.816,1.0592,0.816,0.779,4.9933,0.795,0.857,-0.9998,0.857,0.834,0.0019,0.691,0.710,-7.7572,0.710,0.814,-2.5580,0.760,0.678,5.0160,0.678,0.811,19.4662,0.698,0.879,-0.4305,0.895,0.854,1
16.9118,0.894,0.897,5.8462,0.894,0.818,1.0049,0.894,0.909,-0.0909,0.897,0.788,-0.0614,0.897,0.829,1033.0068,0.897,0.769,-5.2676,0.897,0.799,-0.7247,0.788,0.852,-1.7113,0.852,0.884,0.7744,0.829,0.868,1.9156,0.868,0.823,-0.0018,0.769,0.722,-2.7295,0.722,0.815,-1.6422,0.799,0.715,2.0426,0.715,0.784,7.4371,0.818,0.876,-0.5008,0.909,0.824,1
-306.5249,0.890,0.889,3.7814,0.890,0.747,2.2869,0.890,0.902,0.0307,0.889,0.781,-0.0003,0.889,0.795,1123.6183,0.889,0.731,-3.4022,0.889,0.845,-5.6597,0.781,0.913,-0.8550,0.913,0.788,12.5545,0.795,0.875,1.0035,0.875,0.830,-0.1044,0.731,0.703,-1.2801,0.703,0.811,-1.3640,0.845,0.694,1.6903,0.694,0.816,4.5530,0.747,0.940,0.3367,0.902,0.747,1
-42.9020,0.910,0.893,8.3808,0.910,0.781,0.6347,0.910,0.898,-0.0321,0.893,0.789,-0.0325,0.893,0.825,52.5811,0.893,0.668,-8.2152,0.893,0.774,-0.5727,0.789,0.878,-1.9941,0.878,0.885,0.6672,0.825,0.843,2.1585,0.843,0.881,0.0487,0.668,0.618,-13.1381,0.618,0.849,-2.4433,0.774,0.626,8.1093,0.626,0.839,10.5567,0.781,0.831,-0.6677,0.898,0.879,1
-3.8950,0.877,0.834,11.1491,0.877,0.704,1.0050,0.877,0.876,0.1175,0.834,0.736,0.0514,0.834,0.790,-15.0543,0.834,0.712,-4.7199,0.834,0.692,-1.4353,0.736,0.802,0.8459,0.802,0.821,3.5911,0.790,0.778,-0.8378,0.778,0.880,0.0986,0.712,0.737,-3.2069,0.737,0.822,-2.0339,0.692,0.685,2.1350,0.685,0.815,17.8062,0.704,0.910,-0.0885,0.876,0.842,1
-5.4124,0.860,0.878,12.7151,0.860,0.708,0.8770,0.860,0.888,0.0518,0.878,0.766,0.0769,0.878,0.774,-18.9238,0.878,0.722,-5.5322,0.878,0.756,-1.9987,0.766,0.814,0.9040,0.814,0.830,5.3293,0.774,0.853,-0.9669,0.853,0.837,0.0500,0.722,0.732,-4.5295,0.732,0.786,-2.3308,0.756,0.730,3.6820,0.730,0.809,20.9926,0.708,0.872,-0.3060,0.888,0.893,1
-0.9999,0.906,0.911,7.8929,0.906,0.719,0.8850,0.906,0.904,0.0014,0.911,0.744,0.0008,0.911,0.784,-34.1991,0.911,0.678,-3.5088,0.911,0.681,-0.8903,0.744,0.816,0.8453,0.816,0.799,3.2372,0.784,0.753,-0.4004,0.753,0.775,0.0957,0.678,0.599,-0.1757,0.599,0.799,-1.2977,0.681,0.639,0.3168,0.639,0.789,13.1130,0.719,0.908,0.8152,0.904,0.878,1
400.5057,0.850,0.911,6.8220,0.850,0.847,0.6352,0.850,0.909,-0.0320,0.911,0.832,-0.0628,0.911,0.781,43.5619,0.911,0.729,-6.1347,0.911,0.809,-0.7492,0.832,0.847,-1.9070,0.847,0.815,0.7505,0.781,0.850,2.1498,0.850,0.838,-0.0528,0.729,0.693,-3.5648,0.693,0.828,-1.8545,0.809,0.708,2.5161,0.708,0.842,8.6307,0.847,0.842,-0.2538,0.909,0.876,1
-24.4013,0.880,0.891,4.7338,0.880,0.757,1.5091,0.880,0.840,0.0309,0.891,0.803,0.0007,0.891,0.810,3286.6234,0.891,0.781,-4.2977,0.891,0.849,-5.3920,0.803,0.920,-0.2993,0.920,0.857,5.8474,0.810,0.898,0.3157,0.898,0.843,-0.0014,0.781,0.726,-2.1341,0.726,0.798,-1.7800,0.849,0.710,3.0431,0.710,0.787,5.4935,0.757,0.896,0.3276,0.840,0.802,1
-4.9769,0.866,0.898,10.7642,0.866,0.735,1.2698,0.866,0.874,0.0813,0.898,0.723,0.0262,0.898,0.806,-22.0160,0.898,0.734,-5.1633,0.898,0.754,-1.8397,0.723,0.859,0.9676,0.859,0.694,5.1239,0.806,0.815,-0.8077,0.815,0.800,0.0476,0.734,0.744,-3.7406,0.744,0.809,-2.1555,0.754,0.739,2.8963,0.739,0.811,17.0155,0.735,0.893,-0.3323,0.874,0.865,1
-22.7276,0.874,0.890,3.9987,0.874,0.749,1.7474,0.874,0.905,0.0326,0.890,0.780,0.0311,0.890,0.812,1567.1223,0.890,0.775,-3.5681,0.890,0.843,-5.1180,0.780,0.913,-0.8510,0.913,0.781,24.1280,0.812,0.886,1.0900,0.886,0.847,-0.0510,0.775,0.727,-1.4085,0.727,0.787,-1.4074,0.843,0.718,1.8082,0.718,0.820,4.7198,0.749,0.939,0.4470,0.905,0.752,1
30.9240,0.895,0.910,5.8283,0.895,0.831,0.8647,0.895,0.901,-0.0933,0.910,0.797,-0.0324,0.910,0.822,72.2223,0.910,0.782,-5.4090,0.910,0.782,-0.7561,0.797,0.828,-1.7518,0.828,0.885,0.8200,0.822,0.882,1.9991,0.882,0.805,0.0002,0.782,0.760,-2.4294,0.760,0.808,-1.6659,0.782,0.773,2.0430,0.773,0.819,7.4505,0.831,0.868,-0.5541,0.901,0.855,1
39.8040,0.897,0.850,7.4524,0.897,0.795,0.9927,0.897,0.947,-0.0620,0.850,0.789,-0.1251,0.850,0.808,93.0811,0.850,0.704,-7.7869,0.850,0.781,-0.5128,0.789,0.806,-1.7272,0.806,0.829,0.7498,0.808,0.896,2.0024,0.896,0.839,-0.0008,0.704,0.662,-5.7939,0.662,0.697,-2.2876,0.781,0.679,5.2335,0.679,0.773,9.3221,0.795,0.879,-0.7785,0.947,0.908,1
-6.1923,0.859,0.899,12.9661,0.859,0.704,0.8749,0.859,0.890,0.0784,0.899,0.743,0.0519,0.899,0.789,-32.1237,0.899,0.685,-5.8995,0.899,0.763,-1.9987,0.743,0.844,0.9413,0.844,0.721,4.8882,0.789,0.862,-1.0006,0.862,0.820,0.0451,0.685,0.700,-7.7526,0.700,0.795,-2.5237,0.763,0.667,5.0142,0.667,0.811,19.4526,0.704,0.882,-0.4626,0.890,0.849,1
871.0123,0.871,0.890,6.5761,0.871,0.836,0.6318,0.871,0.887,-0.0614,0.890,0.816,-0.1249,0.890,0.770,78.0822,0.890,0.776,-5.9029,0.890,0.823,-0.7257,0.816,0.817,-1.8615,0.817,0.805,0.7749,0.770,0.862,1.9543,0.862,0.858,-0.0013,0.776,0.714,-3.5594,0.714,0.821,-1.8305,0.823,0.708,2.2736,0.708,0.827,8.3617,0.836,0.824,-0.3743,0.887,0.911,1
-24.3077,0.899,0.907,4.6120,0.899,0.759,1.7475,0.899,0.891,0.0001,0.907,0.799,0.0012,0.907,0.843,5151.3542,0.907,0.725,-4.1907,0.907,0.847,-5.1914,0.799,0.868,-0.4298,0.868,0.835,5.6535,0.843,0.876,0.3916,0.876,0.831,-0.0008,0.725,0.685,-2.0308,0.685,0.796,-1.7112,0.847,0.689,2.7755,0.689,0.786,5.4202,0.759,0.952,0.2855,0.891,0.825,1
-293.6231,0.891,0.888,4.8047,0.891,0.777,1.9756,0.891,0.838,0.0311,0.888,0.806,0.0004,0.888,0.807,2575.0481,0.888,0.731,-4.4654,0.888,0.853,-5.1110,0.806,0.848,0.4997,0.848,0.812,5.1885,0.807,0.851,-0.0944,0.851,0.811,-0.0005,0.731,0.680,-2.2370,0.680,0.797,-1.7987,0.853,0.683,3.3067,0.683,0.784,5.6778,0.777,0.893,0.2234,0.838,0.819,1
762.2105,0.875,0.911,6.8852,0.875,0.840,0.7149,0.875,0.921,-0.0324,0.911,0.800,-0.0620,0.911,0.800,44.9107,0.911,0.755,-6.3580,0.911,0.819,-0.6991,0.800,0.823,-1.8612,0.823,0.797,0.8011,0.800,0.867,2.3682,0.867,0.817,-0.0506,0.755,0.707,-4.0022,0.707,0.740,-1.9280,0.819,0.724,2.9355,0.724,0.841,8.9258,0.840,0.865,-0.3322,0.921,0.886,1
-23.0896,0.853,0.890,4.5523,0.853,0.756,1.3315,0.853,0.868,0.0316,0.890,0.803,0.0318,0.890,0.804,10871.3043,0.890,0.770,-4.1307,0.890,0.849,-5.3707,0.803,0.904,-0.5010,0.904,0.828,6.4281,0.804,0.908,0.5406,0.908,0.847,-0.0017,0.770,0.707,-1.9675,0.707,0.778,-1.7027,0.849,0.690,2.4362,0.690,0.755,5.2851,0.756,0.911,0.4943,0.868,0.798,1
-423.6000,0.915,0.931,3.7400,0.915,0.745,1.4923,0.915,0.838,-0.0001,0.931,0.822,0.0002,0.931,0.852,1793.9068,0.931,0.778,-3.3588,0.931,0.840,-5.5371,0.822,0.849,-0.8902,0.849,0.744,16.5528,0.852,0.831,1.1355,0.831,0.838,-0.0031,0.778,0.739,-1.2481,0.739,0.817,-1.3394,0.840,0.695,1.5179,0.695,0.811,4.4616,0.745,0.889,0.3317,0.838,0.768,1
602.6581,0.912,0.873,7.0005,0.912,0.844,1.0028,0.912,0.950,-0.0938,0.873,0.800,-0.0925,0.873,0.827,88.8460,0.873,0.721,-6.7517,0.873,0.822,-0.6245,0.800,0.856,-1.8603,0.856,0.840,0.7994,0.827,0.883,2.0509,0.883,0.831,-0.0023,0.721,0.692,-4.1510,0.692,0.849,-2.0205,0.822,0.692,3.2259,0.692,0.814,8.8293,0.844,0.887,-0.5575,0.950,0.856,1
-3.9102,0.872,0.830,10.9057,0.872,0.708,1.0028,0.872,0.884,0.1454,0.830,0.749,0.0517,0.830,0.797,-26.6320,0.830,0.726,-4.9153,0.830,0.719,-1.7276,0.749,0.826,0.9663,0.826,0.802,4.4439,0.797,0.815,-0.8352,0.815,0.835,0.0465,0.726,0.736,-3.2049,0.736,0.783,-2.0847,0.719,0.723,2.2302,0.723,0.824,16.9506,0.708,0.895,-0.0952,0.884,0.857,1
-330.6888,0.901,0.882,3.2822,0.901,0.756,2.2739,0.901,0.902,0.0652,0.882,0.793,0.0655,0.882,0.812,2942.8030,0.882,0.802,-2.9216,0.882,0.848,-3.5766,0.793,0.788,-0.8749,0.788,0.783,24.4038,0.812,0.909,1.5185,0.909,0.854,-0.0007,0.802,0.735,-0.7494,0.735,0.823,-1.1545,0.848,0.735,0.7339,0.735,0.795,3.9737,0.756,0.945,0.2045,0.902,0.748,1
-23.9138,0.882,0.901,4.9080,0.882,0.770,2.2870,0.882,0.896,0.0009,0.901,0.806,0.0005,0.901,0.809,92.6718,0.901,0.709,-4.8069,0.901,0.855,-5.8857,0.806,0.860,4.7351,0.860,0.865,4.4878,0.809,0.827,-14.0013,0.827,0.856,0.0534,0.709,0.675,-2.4025,0.675,0.770,-1.9574,0.855,0.678,3.6741,0.678,0.821,5.8431,0.770,0.948,0.5525,0.896,0.795,1
11185.8286,0.920,0.887,7.9381,0.920,0.779,0.8791,0.920,0.931,-0.0304,0.887,0.794,-0.0640,0.887,0.781,95.5688,0.887,0.672,-8.0078,0.887,0.773,-0.5747,0.794,0.855,-1.9047,0.855,0.864,0.6756,0.781,0.882,2.0538,0.882,0.875,0.0003,0.672,0.633,-10.3294,0.633,0.788,-2.3644,0.773,0.647,6.9999,0.647,0.811,9.9692,0.779,0.883,-0.8790,0.931,0.918,1
-338.8942,0.897,0.933,3.8817,0.897,0.750,1.2576,0.897,0.830,0.0003,0.933,0.831,-0.0001,0.933,0.854,2148.1200,0.933,0.758,-3.5055,0.933,0.842,-5.5317,0.831,0.851,-0.7144,0.851,0.812,25.1752,0.854,0.826,1.1409,0.826,0.787,-0.0023,0.758,0.703,-1.4056,0.703,0.797,-1.3928,0.842,0.719,1.7676,0.719,0.808,4.6045,0.750,0.892,0.3338,0.830,0.766,1
-0.7755,0.888,0.857,7.4796,0.888,0.723,0.8789,0.888,0.912,0.0796,0.857,0.710,0.0005,0.857,0.787,-32.3309,0.857,0.688,-3.3623,0.857,0.710,-0.8849,0.710,0.787,0.7034,0.787,0.840,3.1208,0.787,0.805,-0.5152,0.805,0.800,0.0031,0.688,0.621,-0.0005,0.621,0.821,-1.2455,0.710,0.662,0.1816,0.662,0.784,12.5095,0.723,0.896,0.9152,0.912,0.822,1
40.2175,0.905,0.880,8.2026,0.905,0.773,0.9937,0.905,0.945,-0.0316,0.880,0.817,-0.1606,0.880,0.800,96.4555,0.880,0.661,-8.0159,0.880,0.774,-0.5730,0.817,0.846,-1.9950,0.846,0.874,0.7681,0.800,0.859,2.0549,0.859,0.879,0.0001,0.661,0.614,-13.9422,0.614,0.835,-2.5407,0.774,0.610,33.1071,0.610,0.846,9.9235,0.773,0.890,-0.7788,0.945,0.905,1
-22.4406,0.884,0.883,3.6204,0.884,0.752,1.5029,0.884,0.890,0.0319,0.883,0.798,0.0313,0.883,0.796,72.4948,0.883,0.790,-3.3607,0.883,0.838,-5.8738,0.798,0.901,-0.8886,0.901,0.798,16.8638,0.796,0.879,1.2575,0.879,0.780,-0.0024,0.790,0.731,-1.2166,0.731,0.830,-1.3433,0.838,0.727,1.3925,0.727,0.810,4.3447,0.752,0.937,0.5507,0.890,0.753,1
-24.6296,0.875,0.910,4.7951,0.875,0.749,2.3008,0.875,0.917,0.0003,0.910,0.801,0.0011,0.910,0.838,-9852.5385,0.910,0.760,-4.3592,0.910,0.853,-5.0951,0.801,0.872,-0.0006,0.872,0.832,5.4017,0.838,0.888,0.0010,0.888,0.844,-0.0505,0.760,0.710,-2.1720,0.710,0.806,-1.7958,0.853,0.691,3.0462,0.691,0.794,5.6305,0.749,0.957,0.2240,0.917,0.792,1
16.6988,0.873,0.908,6.0523,0.873,0.830,1.0036,0.873,0.943,-0.0331,0.908,0.825,-0.1241,0.908,0.774,1182.1825,0.908,0.751,-5.2623,0.908,0.836,-0.7609,0.825,0.848,-1.7223,0.848,0.830,0.8248,0.774,0.834,2.0001,0.834,0.839,-0.0557,0.751,0.697,-3.0070,0.697,0.833,-1.7232,0.836,0.714,2.1742,0.714,0.778,7.3865,0.830,0.870,-0.3710,0.943,0.831,1
-22.8764,0.869,0.900,3.4743,0.869,0.742,1.3097,0.869,0.858,0.0011,0.900,0.811,0.0317,0.900,0.808,71.2039,0.900,0.789,-3.2127,0.900,0.848,-5.6056,0.811,0.820,-0.8784,0.820,0.797,17.2565,0.808,0.859,1.3633,0.859,0.844,-0.0020,0.789,0.735,-0.9993,0.735,0.826,-1.2550,0.848,0.707,1.1774,0.707,0.808,4.1132,0.742,0.910,0.4022,0.858,0.755,1
-23.5534,0.888,0.896,4.9862,0.888,0.774,1.2449,0.888,0.833,0.0314,0.896,0.826,-0.0002,0.896,0.810,94.9372,0.896,0.726,-4.8929,0.896,0.853,-6.1456,0.826,0.863,12.3849,0.863,0.829,4.6179,0.810,0.900,9223372036854775808.0000,0.000,0.000,-0.0003,0.726,0.684,-2.5163,0.684,0.771,-1.9721,0.853,0.686,3.7298,0.686,0.832,5.8691,0.774,0.912,0.5485,0.833,0.828,1
27.8524,0.881,0.887,5.4630,0.881,0.850,0.8544,0.881,0.889,-0.0959,0.887,0.771,-0.0308,0.887,0.822,72.3212,0.887,0.748,-5.0267,0.887,0.782,-0.8285,0.771,0.828,-1.8733,0.828,0.875,0.8713,0.822,0.867,2.0485,0.867,0.826,-0.0542,0.748,0.744,-2.0055,0.744,0.809,-1.5019,0.782,0.721,1.9528,0.721,0.809,7.2763,0.850,0.846,-0.3757,0.889,0.872,1
-24.0644,0.898,0.925,4.2663,0.898,0.763,1.7464,0.898,0.864,0.0006,0.925,0.817,0.0012,0.925,0.856,11074.7619,0.925,0.771,-3.8372,0.925,0.843,-4.9778,0.817,0.848,-0.6648,0.848,0.873,10.2446,0.856,0.808,0.7931,0.808,0.852,-0.0017,0.771,0.715,-1.7094,0.715,0.782,-1.5234,0.843,0.713,2.0425,0.713,0.789,5.0041,0.763,0.902,0.2510,0.864,0.791,1
444.4184,0.849,0.878,5.9290,0.849,0.835,0.7206,0.849,0.891,-0.0941,0.878,0.809,-0.0925,0.878,0.820,74.3222,0.878,0.772,-5.3331,0.878,0.780,-0.7798,0.809,0.829,-1.7644,0.829,0.831,0.7820,0.820,0.857,1.8327,0.857,0.852,-0.0008,0.772,0.733,-2.5044,0.733,0.806,-1.6050,0.780,0.719,2.1280,0.719,0.806,7.5353,0.835,0.832,-0.2307,0.891,0.901,1
-6.0302,0.881,0.865,12.8377,0.881,0.701,0.8830,0.881,0.915,0.0553,0.865,0.769,0.1026,0.865,0.791,-24.4000,0.865,0.666,-5.8754,0.865,0.771,-2.0580,0.769,0.843,1.0001,0.843,0.700,5.1987,0.791,0.863,-0.9716,0.863,0.784,0.0951,0.666,0.695,-6.9918,0.695,0.792,-2.4885,0.771,0.676,4.4210,0.676,0.842,19.2994,0.701,0.871,-0.4996,0.915,0.922,1
15.1976,0.890,0.878,5.2240,0.890,0.832,0.8653,0.890,0.873,-0.0348,0.878,0.799,-0.1244,0.878,0.769,65.5697,0.878,0.765,-4.9591,0.878,0.767,-0.8138,0.799,0.803,-1.7905,0.803,0.879,0.9489,0.769,0.858,2.1366,0.858,0.790,-0.0516,0.765,0.744,-2.0491,0.744,0.757,-1.4993,0.767,0.777,1.9989,0.777,0.771,7.2444,0.832,0.875,-0.3735,0.873,0.823,1
665.9400,0.917,0.878,6.4576,0.917,0.842,0.9961,0.917,0.905,-0.1233,0.878,0.804,-0.0607,0.878,0.830,82.9702,0.878,0.752,-6.0299,0.878,0.816,-0.6764,0.804,0.827,-1.7841,0.827,0.834,0.8193,0.830,0.901,2.0491,0.901,0.859,-0.0545,0.752,0.709,-3.4978,0.709,0.840,-1.8492,0.816,0.704,2.3203,0.704,0.826,8.1991,0.842,0.880,-0.6609,0.905,0.884,1
-12.3149,0.891,0.911,4.9208,0.891,0.780,2.6144,0.891,0.915,0.0003,0.911,0.809,0.0005,0.911,0.827,93.4802,0.911,0.746,-4.6158,0.911,0.851,-4.8254,0.809,0.899,1.0798,0.899,0.791,4.4471,0.827,0.851,-0.5541,0.851,0.759,-0.0003,0.746,0.703,-2.3747,0.703,0.774,-1.8556,0.851,0.707,3.4633,0.707,0.795,5.7755,0.780,0.951,0.2253,0.915,0.780,1
-24.4288,0.892,0.927,4.1196,0.892,0.754,1.5048,0.892,0.834,0.0009,0.927,0.816,0.0012,0.927,0.847,8717.3077,0.927,0.731,-3.6699,0.927,0.846,-5.0920,0.816,0.848,-0.7413,0.848,0.819,26.0555,0.847,0.836,1.0435,0.836,0.822,-0.0495,0.731,0.693,-1.5976,0.693,0.796,-1.4165,0.846,0.692,1.9208,0.692,0.805,4.7919,0.754,0.893,0.2288,0.834,0.760,1
1.5505,0.859,0.862,2.7179,0.859,0.753,0.3376,0.859,0.932,-0.8322,0.862,0.762,-0.7052,0.862,0.688,1.9451,0.862,0.768,-19.9922,0.862,0.806,-2.6153,0.762,0.833,14.9683,0.833,0.813,-0.0998,0.688,0.821,0.5000,0.821,0.854,-0.0532,0.768,0.729,-2.8417,0.729,0.811,-1.4597,0.806,0.727,6.5704,0.727,0.806,2.9107,0.753,0.898,-1.0104,0.932,0.852,0
1.7277,0.919,0.858,2.8307,0.919,0.788,0.7401,0.919,0.917,-0.6558,0.858,0.835,-0.6546,0.858,0.723,1.9240,0.858,0.763,-18.8727,0.858,0.823,-2.0435,0.835,0.817,-4147.2973,0.817,0.876,-0.0842,0.723,0.873,0.5626,0.873,0.856,-0.1417,0.763,0.696,-2.9979,0.696,0.819,-1.5080,0.823,0.685,5.3761,0.685,0.820,3.0909,0.788,0.880,-1.1349,0.917,0.867,0
1.4356,0.885,0.810,2.5999,0.885,0.751,0.1220,0.885,0.895,-0.8736,0.810,0.789,-0.6797,0.810,0.756,1.8934,0.810,0.777,-22.3376,0.810,0.808,-2.8307,0.789,0.866,22.0352,0.866,0.827,-0.1422,0.756,0.832,0.4140,0.832,0.836,-0.0969,0.777,0.712,-2.9344,0.712,0.840,-1.4343,0.808,0.748,7.0549,0.748,0.812,2.7626,0.751,0.937,-1.1651,0.895,0.811,0
1.1970,0.910,0.824,2.5129,0.910,0.748,0.5552,0.910,0.875,-0.8254,0.824,0.743,-0.8068,0.824,0.705,1.8866,0.824,0.772,-15.2201,0.824,0.810,-2.6841,0.743,0.828,15.1563,0.828,0.885,-0.1402,0.705,0.833,0.4139,0.833,0.870,-0.1438,0.772,0.711,-2.7662,0.711,0.801,-1.3807,0.810,0.762,7.8079,0.762,0.813,2.6886,0.748,0.888,-1.1611,0.875,0.795,0
1.6631,0.867,0.877,2.7971,0.867,0.762,0.3327,0.867,0.916,-0.7600,0.877,0.800,-0.6655,0.877,0.717,1.9239,0.877,0.754,-20.9126,0.877,0.840,-2.0925,0.800,0.795,47.2845,0.795,0.848,-0.1242,0.717,0.861,0.5650,0.861,0.803,-0.1823,0.754,0.694,-2.8911,0.694,0.792,-1.5002,0.840,0.729,5.2742,0.729,0.812,3.0161,0.762,0.897,-1.3127,0.916,0.889,0
4.2354,0.874,0.899,5.6316,0.874,0.778,0.3811,0.874,0.914,-0.2514,0.899,0.815,-0.2806,0.899,0.842,6.7110,0.899,0.655,-9.6146,0.899,0.848,-0.8382,0.815,0.845,-2.8719,0.845,0.857,0.3859,0.842,0.863,1.3910,0.863,0.893,-0.0008,0.655,0.652,-7.2278,0.652,0.829,-2.0671,0.848,0.600,7.5595,0.600,0.829,6.3818,0.778,0.851,-0.7572,0.914,0.834,0
3.5832,0.899,0.850,4.8786,0.899,0.775,0.6224,0.899,0.971,-0.3330,0.850,0.762,-0.2825,0.850,0.804,4.4022,0.850,0.688,-11.8725,0.850,0.853,-0.9712,0.762,0.797,-3.2127,0.797,0.916,0.3049,0.804,0.866,1.1951,0.866,0.874,-0.1050,0.688,0.652,-4.7018,0.652,0.867,-1.8732,0.853,0.682,8.7667,0.682,0.842,5.8342,0.775,0.875,-0.9937,0.971,0.870,0
0.8195,0.913,0.792,2.0863,0.913,0.762,0.5536,0.913,0.844,-1.0450,0.792,0.796,-0.9565,0.792,0.694,1.8049,0.792,0.754,-12.0218,0.792,0.808,-4.5434,0.796,0.779,3.6784,0.779,0.900,-0.1835,0.694,0.804,0.3781,0.804,0.861,-0.1592,0.754,0.727,-1.8602,0.727,0.751,-1.2429,0.808,0.766,6.0131,0.766,0.818,2.2801,0.762,0.887,-1.3877,0.844,0.709,0
0.7726,0.838,0.850,1.8470,0.838,0.776,0.4448,0.838,0.866,-1.0033,0.850,0.758,-0.9998,0.850,0.756,1.4698,0.850,0.789,-13.3858,0.850,0.824,-9.0037,0.758,0.869,3.0600,0.869,0.854,-0.1563,0.756,0.859,0.3409,0.859,0.872,-0.1672,0.789,0.715,-1.3478,0.715,0.778,-1.1620,0.824,0.751,5.3819,0.751,0.792,2.1012,0.776,0.859,-2.3128,0.866,0.684,0
2.5384,0.863,0.899,3.8720,0.863,0.781,0.2561,0.863,0.925,-0.3149,0.899,0.821,-0.4495,0.899,0.795,3.0692,0.899,0.703,-12.5297,0.899,0.863,-1.2269,0.821,0.834,-4.9159,0.834,0.816,0.2049,0.795,0.813,1.0660,0.813,0.832,-0.0943,0.703,0.704,-4.6952,0.704,0.805,-1.7081,0.863,0.689,8.8030,0.689,0.832,4.4409,0.781,0.930,-0.8593,0.925,0.732,0
0.7374,0.861,0.863,1.8197,0.861,0.776,0.5526,0.861,0.883,-1.0037,0.863,0.755,-1.0388,0.863,0.774,1.4310,0.863,0.773,-13.3847,0.863,0.839,-7.5306,0.755,0.816,3.0747,0.816,0.868,-0.1416,0.774,0.873,0.3478,0.873,0.864,-0.2765,0.773,0.729,-1.0851,0.729,0.781,-1.1616,0.839,0.785,4.5756,0.785,0.813,2.0738,0.776,0.854,-2.3251,0.883,0.567,0
4.7486,0.933,0.869,6.0042,0.933,0.770,0.8501,0.933,0.965,-0.1879,0.869,0.801,-0.2499,0.869,0.807,7.1804,0.869,0.639,-9.3776,0.869,0.839,-0.8321,0.801,0.845,-2.4692,0.845,0.851,0.4224,0.807,0.871,1.4446,0.871,0.902,-0.0440,0.639,0.672,-8.1187,0.672,0.822,-2.1566,0.839,0.627,9.9605,0.627,0.840,7.3514,0.770,0.898,-0.8922,0.965,0.933,0
1.2570,0.925,0.831,2.3411,0.925,0.768,0.2259,0.925,0.871,-0.9985,0.831,0.745,-0.9162,0.831,0.718,1.8292,0.831,0.755,-15.8176,0.831,0.806,-3.3946,0.745,0.842,6.7182,0.842,0.922,-0.1348,0.718,0.816,0.3842,0.816,0.884,-0.0521,0.755,0.749,-2.3043,0.749,0.807,-1.3020,0.806,0.733,8.5912,0.733,0.829,2.4947,0.768,0.931,-1.3229,0.871,0.810,0
1.7295,0.918,0.838,3.0012,0.918,0.796,0.7423,0.918,0.931,-0.6306,0.838,0.824,-0.6068,0.838,0.748,2.0827,0.838,0.719,-17.7418,0.838,0.854,-1.7511,0.824,0.846,-45.0907,0.846,0.873,-0.0408,0.748,0.860,0.6500,0.860,0.890,-0.1895,0.719,0.710,-3.0625,0.710,0.797,-1.5847,0.854,0.687,5.8213,0.687,0.835,3.4270,0.796,0.887,-0.8841,0.931,0.859,0
1.8228,0.902,0.851,2.9705,0.902,0.803,0.2282,0.902,0.936,-0.7280,0.851,0.804,-0.5547,0.851,0.799,2.0287,0.851,0.720,-19.4738,0.851,0.853,-1.9551,0.804,0.883,-1205.2503,0.883,0.896,-0.0410,0.799,0.858,0.5993,0.858,0.880,-0.1362,0.720,0.713,-3.2829,0.713,0.810,-1.5700,0.853,0.682,5.7326,0.682,0.846,3.3427,0.803,0.888,-1.1427,0.936,0.824,0
0.8458,0.895,0.838,1.9991,0.895,0.767,0.3378,0.895,0.842,-1.0996,0.838,0.781,-0.9972,0.838,0.732,1.6660,0.838,0.768,-12.6607,0.838,0.820,-7.9063,0.781,0.841,3.0034,0.841,0.868,-0.1801,0.732,0.826,0.3484,0.826,0.854,-0.0576,0.768,0.749,-1.4811,0.749,0.761,-1.1919,0.820,0.738,6.4085,0.738,0.805,2.1610,0.767,0.905,-0.8345,0.842,0.655,0
1.0456,0.875,0.814,2.2157,0.875,0.762,0.2242,0.875,0.891,-0.9113,0.814,0.768,-0.9562,0.814,0.746,1.8399,0.814,0.763,-12.1956,0.814,0.803,-3.7207,0.768,0.863,5.2232,0.863,0.910,-0.1605,0.746,0.883,0.3612,0.883,0.858,-0.1565,0.763,0.728,-1.9981,0.728,0.738,-1.2584,0.803,0.774,6.1409,0.774,0.831,2.3832,0.762,0.920,-1.0101,0.891,0.820,0
0.9526,0.881,0.783,2.2571,0.881,0.752,0.6206,0.881,0.875,-1.0475,0.783,0.786,-0.8697,0.783,0.704,1.8489,0.783,0.766,-14.0528,0.783,0.817,-3.4056,0.786,0.830,5.7572,0.830,0.873,-0.1348,0.704,0.868,0.3824,0.868,0.847,-0.1034,0.766,0.738,-1.9584,0.738,0.780,-1.2908,0.817,0.756,6.1587,0.756,0.839,2.4703,0.752,0.875,-1.1671,0.875,0.810,0
3.3729,0.957,0.820,4.6255,0.957,0.777,0.7457,0.957,0.920,-0.3131,0.820,0.819,-0.3738,0.820,0.762,3.9188,0.820,0.674,-11.6348,0.820,0.851,-1.0014,0.819,0.839,-3.2409,0.839,0.867,0.3101,0.762,0.887,1.1607,0.887,0.869,-0.1562,0.674,0.689,-4.0224,0.689,0.836,-1.8138,0.851,0.678,9.6607,0.678,0.845,5.4020,0.777,0.898,-0.9886,0.920,0.863,0
2.1302,0.909,0.860,3.5564,0.909,0.783,0.8459,0.909,0.937,-0.4534,0.860,0.807,-0.5518,0.860,0.748,2.7186,0.860,0.728,-13.7479,0.860,0.852,-1.4266,0.807,0.782,-9.1796,0.782,0.907,0.1242,0.748,0.897,0.8575,0.897,0.881,-0.0473,0.728,0.735,-3.8566,0.735,0.803,-1.6609,0.852,0.678,6.7710,0.678,0.819,3.8688,0.783,0.898,-1.1445,0.937,0.779,0
3.5417,0.935,0.846,5.0785,0.935,0.783,0.3780,0.935,0.878,-0.2528,0.846,0.799,-0.3317,0.846,0.763,5.0984,0.846,0.697,-10.7545,0.846,0.853,-0.9680,0.799,0.841,-3.0768,0.841,0.888,0.3484,0.763,0.869,1.2419,0.869,0.893,-0.0022,0.697,0.657,-7.0967,0.657,0.876,-1.9196,0.853,0.649,8.4951,0.649,0.815,5.9576,0.783,0.963,-0.5782,0.878,0.795,0
0.8513,0.867,0.831,2.0149,0.867,0.751,0.6158,0.867,0.876,-1.1553,0.831,0.780,-1.0445,0.831,0.772,1.5886,0.831,0.747,-13.9804,0.831,0.776,-6.4091,0.780,0.853,2.8082,0.853,0.850,-0.1548,0.772,0.851,0.3461,0.851,0.865,-0.1049,0.747,0.741,-1.6199,0.741,0.746,-1.2096,0.776,0.759,6.5866,0.759,0.808,2.2340,0.751,0.871,-1.1700,0.876,0.836,0
2.6798,0.859,0.786,3.4897,0.859,0.782,0.3339,0.859,0.870,-0.4652,0.786,0.804,-0.4823,0.786,0.779,2.3727,0.786,0.738,-17.0612,0.786,0.836,-1.5971,0.804,0.785,-20.8801,0.785,0.871,0.0410,0.779,0.906,0.8214,0.906,0.832,-0.0943,0.738,0.702,-3.4661,0.702,0.805,-1.5931,0.836,0.665,7.7149,0.665,0.777,3.7560,0.782,0.933,-1.3247,0.870,0.744,0
0.8485,0.827,0.803,1.9139,0.827,0.785,0.3298,0.827,0.881,-1.0535,0.803,0.800,-0.9152,0.803,0.753,1.5309,0.803,0.781,-13.4964,0.803,0.819,-7.8653,0.800,0.867,3.2729,0.867,0.847,-0.1537,0.753,0.832,0.3473,0.832,0.847,-0.1072,0.781,0.725,-1.4284,0.725,0.788,-1.1768,0.819,0.742,5.5267,0.742,0.789,2.1159,0.785,0.881,-1.3919,0.881,0.645,0
3.6966,0.880,0.825,5.4208,0.880,0.772,0.7508,0.880,0.903,-0.2818,0.825,0.784,-0.3123,0.825,0.805,5.8803,0.825,0.691,-9.9554,0.825,0.854,-0.8610,0.784,0.798,-3.0670,0.798,0.927,0.3861,0.805,0.825,1.3198,0.825,0.852,-0.0012,0.691,0.659,-7.9282,0.659,0.867,-1.9660,0.854,0.625,7.4808,0.625,0.802,6.0965,0.772,0.932,-1.1394,0.903,0.841,0
1.5513,0.913,0.822,2.7088,0.913,0.773,0.4464,0.913,0.857,-0.7984,0.822,0.810,-0.7042,0.822,0.769,1.9451,0.822,0.740,-20.5336,0.822,0.843,-2.4763,0.810,0.800,22.7622,0.800,0.849,-0.0593,0.769,0.785,0.4789,0.785,0.872,-0.1992,0.740,0.717,-2.7940,0.717,0.798,-1.4855,0.843,0.724,6.4253,0.724,0.765,2.9109,0.773,0.900,-1.1591,0.857,0.759,0
2.1191,0.890,0.812,3.1471,0.890,0.810,0.2536,0.890,0.907,-0.6525,0.812,0.788,-0.5990,0.812,0.809,2.1353,0.812,0.723,-20.0713,0.812,0.846,-1.7890,0.788,0.836,-45.2668,0.836,0.919,0.0197,0.809,0.902,0.6264,0.902,0.919,-0.1903,0.723,0.709,-3.1087,0.709,0.829,-1.5844,0.846,0.691,5.6551,0.691,0.796,3.5797,0.810,0.943,-1.5994,0.907,0.710,0
2.5700,0.921,0.821,3.7524,0.921,0.784,0.2552,0.921,0.936,-0.3880,0.821,0.815,-0.4983,0.821,0.795,2.7723,0.821,0.686,-13.8666,0.821,0.859,-1.3915,0.815,0.815,-9.0887,0.815,0.851,0.1429,0.795,0.837,0.8626,0.837,0.906,-0.1884,0.686,0.721,-3.7373,0.721,0.776,-1.7176,0.859,0.676,7.0104,0.676,0.813,4.2486,0.784,0.898,-0.8843,0.936,0.861,0
2.2750,0.900,0.880,3.8044,0.900,0.795,0.7459,0.900,0.934,-0.4814,0.880,0.815,-0.3253,0.880,0.763,2.9046,0.880,0.695,-13.3076,0.880,0.859,-1.2352,0.815,0.780,-7.1320,0.780,0.875,0.1522,0.763,0.812,0.8891,0.812,0.873,-0.1369,0.695,0.714,-4.0047,0.714,0.803,-1.7212,0.859,0.680,9.0931,0.680,0.807,4.4402,0.795,0.895,-1.1275,0.934,0.851,0
0.8105,0.868,0.778,1.9992,0.868,0.785,0.2198,0.868,0.903,-1.0965,0.778,0.797,-0.9097,0.778,0.731,1.6539,0.778,0.776,-11.3811,0.778,0.835,-7.7426,0.797,0.859,2.8254,0.859,0.846,-0.2080,0.731,0.821,0.3574,0.821,0.824,-0.0585,0.776,0.744,-1.4991,0.744,0.779,-1.1751,0.835,0.744,6.2390,0.744,0.788,2.1654,0.785,0.934,-1.3208,0.903,0.808,0
0.7377,0.860,0.867,1.8336,0.860,0.771,0.5527,0.860,0.868,-1.1050,0.867,0.761,-1.0404,0.867,0.781,1.4712,0.867,0.780,-13.2386,0.867,0.820,-7.2973,0.761,0.835,2.8701,0.835,0.851,-0.1412,0.781,0.854,0.3406,0.854,0.861,-0.2356,0.780,0.723,-1.1207,0.723,0.802,-1.1455,0.820,0.776,4.5739,0.776,0.823,2.1171,0.771,0.856,-3.8766,0.868,0.686,0
3.4831,0.856,0.901,4.4621,0.856,0.773,0.6238,0.856,0.925,-0.3330,0.901,0.794,-0.3757,0.901,0.793,3.5263,0.901,0.700,-12.9065,0.901,0.860,-1.1217,0.794,0.834,-3.5391,0.834,0.879,0.2822,0.793,0.882,1.0970,0.882,0.888,-0.0986,0.700,0.732,-4.3551,0.732,0.814,-1.7812,0.860,0.690,8.9308,0.690,0.812,4.9218,0.773,0.867,-0.8536,0.925,0.767,0
4.7539,0.934,0.870,6.0072,0.934,0.779,0.8494,0.934,0.964,-0.1877,0.870,0.805,-0.2500,0.870,0.807,7.7073,0.870,0.643,-9.7482,0.870,0.846,-0.8319,0.805,0.850,-2.4696,0.850,0.857,0.4229,0.807,0.873,1.4456,0.873,0.899,-0.0006,0.643,0.677,-8.2467,0.677,0.826,-2.1915,0.846,0.632,10.0704,0.632,0.855,7.3549,0.779,0.899,-0.9950,0.964,0.936,0
1.2598,0.858,0.799,2.4136,0.858,0.764,0.2271,0.858,0.927,-0.9993,0.799,0.769,-0.7931,0.799,0.731,1.7795,0.799,0.740,-16.5733,0.799,0.833,-3.0008,0.769,0.817,8.9710,0.817,0.868,-0.1531,0.731,0.897,0.3919,0.897,0.851,-0.1906,0.740,0.726,-2.5256,0.726,0.781,-1.3805,0.833,0.746,9.1560,0.746,0.841,2.5807,0.764,0.904,-1.1687,0.927,0.847,0
2.9230,0.883,0.871,4.1940,0.883,0.787,0.6661,0.883,0.868,-0.4066,0.871,0.823,-0.3545,0.871,0.833,3.4766,0.871,0.700,-12.7664,0.871,0.838,-1.1652,0.823,0.792,-4.3027,0.792,0.851,0.2132,0.833,0.848,1.0325,0.848,0.896,-0.0526,0.700,0.709,-4.6945,0.709,0.786,-1.7499,0.838,0.686,8.1522,0.686,0.840,4.6621,0.787,0.954,-1.1681,0.868,0.765,0
0.7839,0.861,0.780,2.0857,0.861,0.747,0.2476,0.861,0.910,-0.9565,0.780,0.815,-0.9986,0.780,0.729,1.8985,0.780,0.738,-10.7677,0.780,0.791,-6.0928,0.815,0.819,3.3573,0.819,0.898,-0.1381,0.729,0.852,0.3685,0.852,0.830,-0.1566,0.738,0.746,-1.6984,0.746,0.770,-1.2257,0.791,0.760,5.8835,0.760,0.814,2.2785,0.747,0.924,-1.1388,0.910,0.819,0
1.9433,0.870,0.845,3.2102,0.870,0.786,0.5584,0.870,0.899,-0.5714,0.845,0.823,-0.5700,0.845,0.808,2.2520,0.845,0.750,-16.7640,0.845,0.830,-1.6387,0.823,0.842,-22.7219,0.842,0.872,0.0205,0.808,0.897,0.6663,0.897,0.849,-0.0957,0.750,0.684,-3.3791,0.684,0.873,-1.5913,0.830,0.669,6.3006,0.669,0.788,3.5987,0.786,0.920,-1.9949,0.899,0.706,0
4.8521,0.957,0.904,5.9511,0.957,0.774,0.7461,0.957,0.918,-0.2203,0.904,0.818,-0.2798,0.904,0.824,6.5600,0.904,0.642,-9.5974,0.904,0.845,-0.8055,0.818,0.803,-2.8582,0.803,0.879,0.3876,0.824,0.877,1.3963,0.877,0.920,-0.0008,0.642,0.662,-7.3718,0.662,0.828,-2.1733,0.845,0.620,8.8966,0.620,0.841,6.9246,0.774,0.892,-0.8725,0.918,0.868,0
