13.5199,0.889,0.865,0.7563,0.889,0.892,-0.9976,0.889,0.901,-0.0330,0.865,0.803,-0.0963,0.865,0.787,-3.3323,0.865,0.769,2.7205,0.865,0.772,-0.7635,0.803,0.885,-1.5805,0.885,0.922,0.8746,0.787,0.881,1.9177,0.881,0.935,-2.3118,0.769,0.838,2.9976,0.838,0.915,1.6220,0.772,0.957,-1.6291,0.957,0.901,-0.1317,0.892,0.904,0.1106,0.901,0.886,1
12.3628,0.951,0.859,0.9964,0.951,0.943,-1.1338,0.951,0.964,-0.0357,0.859,0.775,-0.0637,0.859,0.810,-3.3320,0.859,0.761,2.6753,0.859,0.761,-0.8138,0.775,0.842,-1.6926,0.842,0.931,0.8493,0.810,0.896,1.7932,0.896,0.918,-2.2495,0.761,0.847,3.0051,0.847,0.917,1.6188,0.761,0.951,-1.5683,0.951,0.912,-0.2452,0.943,0.841,0.1074,0.964,0.898,1
8.3224,0.958,0.814,0.9976,0.958,0.921,-1.1343,0.958,0.971,-0.1327,0.814,0.786,-0.0640,0.814,0.808,-3.2087,0.814,0.771,2.8552,0.814,0.757,-0.8085,0.786,0.873,-1.7970,0.873,0.889,0.8713,0.808,0.855,1.8267,0.855,0.946,-2.1269,0.771,0.847,3.0072,0.847,0.917,1.5382,0.757,0.964,-1.5648,0.964,0.926,-0.3647,0.921,0.857,0.0037,0.971,0.855,1
8.7002,0.935,0.804,0.7610,0.935,0.904,-1.0051,0.935,0.946,-0.1287,0.804,0.798,-0.0672,0.804,0.822,-3.2054,0.804,0.785,2.9053,0.804,0.745,-0.8280,0.798,0.881,-1.7504,0.881,0.894,0.9220,0.822,0.838,2.0374,0.838,0.962,-2.0725,0.785,0.851,3.0127,0.851,0.902,1.4547,0.745,0.969,-1.5640,0.969,0.909,-0.3726,0.904,0.845,0.0016,0.946,0.843,1
9.4426,0.897,0.813,0.7551,0.897,0.879,-1.0025,0.897,0.909,-0.0668,0.813,0.815,-0.1330,0.813,0.826,-3.0524,0.813,0.793,2.8061,0.813,0.752,-0.7863,0.815,0.877,-1.6815,0.877,0.897,0.9474,0.826,0.857,2.0844,0.857,0.959,-2.0705,0.793,0.838,3.0168,0.838,0.893,1.4128,0.752,0.954,-1.5661,0.954,0.908,-0.3705,0.879,0.860,-0.0005,0.909,0.836,1
13.0031,0.877,0.819,0.8541,0.877,0.873,-0.9988,0.877,0.894,-0.0689,0.819,0.807,-0.1292,0.819,0.824,-3.2144,0.819,0.808,2.7225,0.819,0.762,-0.7686,0.807,0.875,-1.6422,0.875,0.900,0.9250,0.824,0.859,1.9984,0.859,0.967,-2.1959,0.808,0.816,3.1554,0.816,0.878,1.3731,0.762,0.939,-1.6265,0.939,0.893,-0.2175,0.873,0.908,-0.0005,0.894,0.850,1
13.2986,0.880,0.837,0.8598,0.880,0.867,-0.9992,0.880,0.913,-0.0353,0.837,0.802,-0.1286,0.837,0.810,-3.0092,0.837,0.809,2.7529,0.837,0.740,-0.7860,0.802,0.880,-1.6419,0.880,0.889,0.9245,0.810,0.876,1.9968,0.876,0.925,-2.2683,0.809,0.830,3.4368,0.830,0.845,1.3598,0.740,0.926,-1.5644,0.926,0.902,-0.0052,0.867,0.885,0.0960,0.913,0.838,1
24.6984,0.875,0.823,0.8554,0.875,0.878,-1.0010,0.875,0.905,-0.0693,0.823,0.798,-0.1285,0.823,0.832,-3.3966,0.823,0.807,2.6700,0.823,0.748,-0.7687,0.798,0.883,-1.7063,0.883,0.903,0.9484,0.832,0.878,1.9970,0.878,0.939,-2.1386,0.807,0.831,3.4332,0.831,0.872,1.4171,0.748,0.913,-1.6626,0.913,0.899,-0.1130,0.878,0.893,0.0018,0.905,0.842,1
12.6884,0.881,0.820,0.7539,0.881,0.870,-0.8574,0.881,0.893,-0.0991,0.820,0.772,-0.1001,0.820,0.840,-3.1119,0.820,0.808,2.8467,0.820,0.745,-0.7519,0.772,0.903,-1.5814,0.903,0.891,0.9035,0.840,0.857,1.9562,0.857,0.929,-2.4249,0.808,0.812,3.9982,0.812,0.847,1.4153,0.745,0.914,-1.6631,0.914,0.907,-0.2426,0.870,0.896,0.1113,0.893,0.850,1
24.3025,0.911,0.825,0.8780,0.911,0.900,-0.9954,0.911,0.897,-0.1003,0.825,0.794,-0.0952,0.825,0.830,-3.3219,0.825,0.811,2.9055,0.825,0.735,-0.7864,0.794,0.879,-1.6416,0.879,0.896,0.9272,0.830,0.855,1.9587,0.855,0.940,-2.4784,0.811,0.779,3.0178,0.779,0.844,1.3449,0.735,0.939,-1.4989,0.939,0.908,-0.3705,0.900,0.867,0.3283,0.897,0.865,1
24.2616,0.950,0.846,0.8807,0.950,0.911,-0.9980,0.950,0.920,-0.1332,0.846,0.775,-0.0339,0.846,0.848,-3.1592,0.846,0.778,2.9978,0.846,0.717,-0.8079,0.775,0.899,-1.7168,0.899,0.882,0.9264,0.848,0.854,2.0435,0.854,0.938,-2.7925,0.778,0.757,3.1874,0.757,0.791,1.3722,0.717,0.921,-1.5631,0.921,0.898,-0.4916,0.911,0.881,0.1098,0.920,0.820,1
23.6726,0.967,0.851,0.8813,0.967,0.930,-1.1365,0.967,0.943,-0.0370,0.851,0.775,-0.0318,0.851,0.835,-3.3804,0.851,0.789,2.7676,0.851,0.740,-0.8221,0.775,0.871,-1.7333,0.871,0.886,0.8719,0.835,0.855,1.8281,0.855,0.951,-2.6008,0.789,0.768,3.6761,0.768,0.759,1.4821,0.740,0.941,-1.5533,0.941,0.882,-0.1275,0.930,0.895,0.1023,0.943,0.884,1
23.9453,0.915,0.858,0.8793,0.915,0.931,-1.0028,0.915,0.928,-0.0340,0.858,0.803,-0.0320,0.858,0.815,-3.2704,0.858,0.773,2.8546,0.858,0.759,-0.7676,0.803,0.876,-1.5817,0.876,0.924,0.8702,0.815,0.895,1.8606,0.895,0.922,-2.7412,0.773,0.760,3.3110,0.760,0.804,1.4998,0.759,0.944,-1.5587,0.944,0.887,-0.1286,0.931,0.912,0.0088,0.928,0.882,1
25.7376,0.910,0.819,0.7584,0.910,0.907,-0.9966,0.910,0.897,-0.0955,0.819,0.783,-0.0930,0.819,0.810,-3.3284,0.819,0.806,2.9552,0.819,0.767,-0.7635,0.783,0.908,-1.6668,0.908,0.939,0.9713,0.810,0.869,1.9483,0.869,0.881,-2.8655,0.806,0.758,7.0618,0.758,0.761,1.5382,0.767,0.915,-1.5642,0.915,0.895,-0.3325,0.907,0.914,0.3275,0.897,0.841,1
25.0182,0.910,0.871,0.9936,0.910,0.965,-1.0024,0.910,0.899,-0.0337,0.871,0.801,-0.0318,0.871,0.832,-3.5404,0.871,0.772,3.2718,0.871,0.722,-0.7627,0.801,0.876,-1.5815,0.876,0.942,0.8508,0.832,0.859,1.8229,0.859,0.957,-2.7951,0.772,0.791,5.6124,0.791,0.772,1.4670,0.722,0.938,-1.4185,0.938,0.891,-0.1200,0.965,0.912,0.0065,0.899,0.927,1
29.9367,0.923,0.860,0.9911,0.923,0.914,-0.8810,0.923,0.894,-0.0617,0.860,0.810,-0.0622,0.860,0.805,-3.5485,0.860,0.754,3.0516,0.860,0.713,-0.7571,0.810,0.906,-1.6051,0.906,0.947,0.8532,0.805,0.874,1.8348,0.874,0.898,-2.6784,0.754,0.752,10.1373,0.752,0.754,1.6894,0.713,0.907,-1.5607,0.907,0.892,-0.4389,0.914,0.901,0.4395,0.894,0.882,1
26.8605,0.956,0.861,1.1267,0.956,0.963,-1.1386,0.956,0.912,-0.1245,0.861,0.814,-0.0613,0.861,0.853,-3.5823,0.861,0.747,3.3659,0.861,0.703,-0.7321,0.814,0.844,-1.7563,0.844,0.935,0.9232,0.853,0.841,1.9514,0.841,0.969,-2.9192,0.747,0.840,5.3800,0.840,0.778,1.6093,0.703,0.902,-1.4766,0.902,0.872,-0.2181,0.963,0.902,-0.0008,0.912,0.909,1
26.0204,0.924,0.905,0.8858,0.924,0.963,-1.0034,0.924,0.902,-0.0325,0.905,0.808,-0.0309,0.905,0.862,-3.2422,0.905,0.731,3.6074,0.905,0.710,-0.7548,0.808,0.901,-1.6370,0.901,0.962,0.8493,0.862,0.880,1.8253,0.880,0.957,-3.5796,0.731,0.795,7.2400,0.795,0.770,1.6075,0.710,0.859,-1.5349,0.859,0.845,-0.0051,0.963,0.914,0.0014,0.902,0.945,1
979.2586,0.926,0.897,0.8764,0.926,0.911,-1.1668,0.926,0.850,-0.0609,0.897,0.847,-0.0305,0.897,0.810,-3.3958,0.897,0.741,3.3022,0.897,0.758,-0.7571,0.847,0.896,-1.6791,0.896,0.906,0.8501,0.810,0.903,1.7542,0.903,0.895,-3.4904,0.741,0.772,15.9467,0.772,0.783,1.7304,0.758,0.834,-1.5882,0.834,0.829,-0.2185,0.911,0.844,-0.0966,0.850,0.909,1
335.0000,0.925,0.870,0.8799,0.925,0.971,-1.3146,0.925,0.898,-0.0936,0.870,0.803,-0.0303,0.870,0.834,-3.3312,0.870,0.763,3.6313,0.870,0.715,-0.6679,0.803,0.862,-1.5766,0.862,0.980,0.8998,0.834,0.867,1.8790,0.867,0.954,-3.3815,0.763,0.761,6.1945,0.761,0.785,1.7933,0.715,0.836,-2.3820,0.836,0.826,-0.3372,0.971,0.847,0.1006,0.898,0.941,1
29.5954,0.878,0.900,0.9927,0.878,0.905,-0.9970,0.878,0.840,-0.0320,0.900,0.820,-0.0307,0.900,0.861,-3.2380,0.900,0.767,3.6831,0.900,0.710,-0.7142,0.820,0.858,-1.5745,0.858,0.941,0.8266,0.861,0.912,1.7867,0.912,0.979,-3.5675,0.767,0.768,6.3869,0.768,0.809,1.8337,0.710,0.847,-2.3919,0.847,0.811,-0.2220,0.905,0.835,0.1962,0.840,0.880,1
14.5193,0.883,0.855,1.0061,0.883,0.940,-1.1696,0.883,0.891,-0.0893,0.855,0.823,-0.0313,0.855,0.825,-3.2767,0.855,0.727,3.8296,0.855,0.729,-0.6055,0.823,0.856,-1.4647,0.856,0.965,0.8990,0.825,0.916,1.9561,0.916,0.970,-3.4265,0.727,0.770,4.4237,0.770,0.786,1.9955,0.729,0.861,-2.6628,0.861,0.829,-0.3760,0.940,0.800,0.0863,0.891,0.933,1
31.0750,0.880,0.881,0.8507,0.880,0.903,-1.1657,0.880,0.825,-0.0305,0.881,0.790,-0.0016,0.881,0.865,-3.3200,0.881,0.748,3.7836,0.881,0.736,-0.6806,0.790,0.861,-1.4151,0.861,0.919,0.8505,0.865,0.868,1.8711,0.868,0.997,-3.7804,0.748,0.766,5.1778,0.766,0.798,2.1279,0.736,0.878,-2.6668,0.878,0.844,-0.3349,0.903,0.885,0.0926,0.825,0.860,1
10.4349,0.886,0.858,1.1681,0.886,0.935,-1.1673,0.886,0.904,-0.0304,0.858,0.835,-0.0306,0.858,0.821,-3.2304,0.858,0.763,3.8336,0.858,0.714,-0.5783,0.835,0.860,-1.4283,0.860,0.890,0.8489,0.821,0.917,1.8681,0.917,0.928,-4.7719,0.763,0.817,18.3823,0.817,0.793,2.1301,0.714,0.897,-3.1830,0.897,0.813,-0.3385,0.935,0.766,0.0815,0.904,0.894,1
-540.0160,0.944,0.890,1.3940,0.944,0.843,-1.0001,0.944,0.922,-0.0002,0.890,0.788,0.0022,0.890,0.848,-3.4290,0.890,0.770,3.5471,0.890,0.753,-3.2697,0.788,0.834,-0.8394,0.834,0.873,25.4429,0.848,0.879,1.5515,0.879,0.847,-0.7093,0.770,0.823,16.9199,0.823,0.817,0.7938,0.753,0.798,25.2583,0.798,0.767,0.3336,0.843,0.796,-0.2495,0.922,0.856,1
-21.4197,0.864,0.927,0.9980,0.864,0.835,-0.5807,0.864,0.908,-0.0004,0.927,0.834,0.0006,0.927,0.837,-3.8721,0.927,0.737,3.3663,0.927,0.767,-3.7684,0.834,0.812,-0.8400,0.812,0.916,26.4695,0.837,0.913,1.5499,0.913,0.900,-0.5935,0.737,0.811,17.3263,0.811,0.821,0.7249,0.767,0.788,25.7303,0.788,0.769,0.5549,0.835,0.819,-0.4941,0.908,0.806,1
-20.2488,0.912,0.879,1.5794,0.912,0.862,-1.1334,0.912,0.971,-0.0000,0.879,0.783,0.0005,0.879,0.793,-3.6081,0.879,0.729,3.3976,0.879,0.774,-4.2452,0.783,0.831,-0.9979,0.831,0.890,25.5677,0.793,0.928,1.5214,0.928,0.919,-0.5482,0.729,0.815,17.3058,0.815,0.817,0.5991,0.774,0.765,27.0149,0.765,0.767,0.5990,0.862,0.766,-0.1345,0.971,0.790,1
-22.6924,0.940,0.886,1.5830,0.940,0.857,-1.0014,0.940,0.928,-0.0012,0.886,0.791,0.0015,0.886,0.818,-3.9818,0.886,0.775,3.3941,0.886,0.733,-4.0721,0.791,0.854,-0.9317,0.854,0.867,24.6514,0.818,0.873,1.5457,0.873,0.867,-0.4547,0.775,0.829,17.3262,0.829,0.816,0.4678,0.733,0.791,26.9805,0.791,0.782,0.2299,0.857,0.769,-0.2491,0.928,0.851,1
-23.2223,0.935,0.917,1.0095,0.935,0.844,-0.8661,0.935,0.906,-0.0323,0.917,0.831,0.0002,0.917,0.855,-3.7645,0.917,0.798,3.7005,0.917,0.759,-4.3656,0.831,0.864,-0.9298,0.864,0.928,25.5185,0.855,0.870,1.5465,0.870,0.867,-0.3745,0.798,0.821,18.0834,0.821,0.819,0.3558,0.759,0.817,27.0814,0.817,0.779,0.3752,0.844,0.812,-0.2555,0.906,0.859,1
-21.7627,0.880,0.930,0.9939,0.880,0.838,-0.7179,0.880,0.904,-0.0013,0.930,0.837,0.0003,0.930,0.862,-3.9894,0.930,0.805,3.5030,0.930,0.756,-4.8781,0.837,0.858,-0.9300,0.858,0.913,25.8718,0.862,0.880,1.5497,0.880,0.877,-0.3631,0.805,0.823,17.8121,0.823,0.820,0.3106,0.756,0.841,19.1170,0.841,0.766,0.5554,0.838,0.814,-0.5003,0.904,0.815,1
-20.0377,0.869,0.935,1.1924,0.869,0.849,-0.8634,0.869,0.927,-0.0310,0.935,0.839,-0.0002,0.935,0.859,-4.0560,0.935,0.784,3.3207,0.935,0.734,-5.3883,0.839,0.847,-0.9641,0.847,0.924,18.1250,0.859,0.883,1.5994,0.883,0.911,-0.2802,0.784,0.825,26.7949,0.825,0.817,0.3219,0.734,0.823,18.8916,0.823,0.772,0.6000,0.849,0.799,-0.5007,0.927,0.818,1
-20.2314,0.884,0.932,1.3843,0.884,0.863,-0.8678,0.884,0.940,-0.0012,0.932,0.820,0.0001,0.932,0.848,-3.9899,0.932,0.785,3.4531,0.932,0.743,-4.9869,0.820,0.853,-0.9971,0.853,0.918,17.6123,0.848,0.880,1.6296,0.880,0.921,-0.2801,0.785,0.839,26.8085,0.839,0.826,0.3431,0.743,0.818,18.5887,0.818,0.792,0.6638,0.863,0.768,-0.4937,0.940,0.802,1
-19.1797,0.881,0.931,1.3854,0.881,0.865,-0.8659,0.881,0.944,-0.0319,0.931,0.831,0.0303,0.931,0.845,-4.0475,0.931,0.802,3.5062,0.931,0.751,-4.9874,0.831,0.856,-0.9646,0.856,0.919,17.6994,0.845,0.876,1.6786,0.876,0.908,-0.3130,0.802,0.823,26.1714,0.823,0.818,0.3109,0.751,0.802,19.0376,0.802,0.780,0.6002,0.865,0.786,-0.4923,0.944,0.796,1
-20.1381,0.874,0.954,1.1934,0.874,0.861,-0.8617,0.874,0.923,-0.0316,0.954,0.846,0.0006,0.954,0.853,-3.9830,0.954,0.792,3.5039,0.954,0.739,-5.4120,0.846,0.869,-0.9648,0.869,0.914,25.7124,0.853,0.855,1.5484,0.855,0.867,-0.3939,0.792,0.818,17.2972,0.818,0.814,0.3104,0.739,0.793,18.6314,0.793,0.777,0.6012,0.861,0.808,-0.4994,0.923,0.831,1
-21.2986,0.875,0.956,0.8397,0.875,0.860,-0.7227,0.875,0.911,-0.0017,0.956,0.847,0.0009,0.956,0.842,-3.9909,0.956,0.818,3.7031,0.956,0.788,-5.4047,0.847,0.891,-0.9999,0.891,0.920,16.5639,0.842,0.866,1.4764,0.866,0.837,-0.4041,0.818,0.829,25.1803,0.829,0.823,0.3104,0.788,0.800,14.2079,0.800,0.782,0.6659,0.860,0.816,-0.6170,0.911,0.857,1
-22.7794,0.900,0.923,0.7274,0.900,0.846,-0.5819,0.900,0.901,-0.0317,0.923,0.838,0.0300,0.923,0.852,-3.9195,0.923,0.784,3.5803,0.923,0.745,-5.2867,0.838,0.897,-1.0367,0.897,0.879,16.1981,0.852,0.886,1.5962,0.886,0.878,-0.4851,0.784,0.837,17.0215,0.837,0.831,0.4341,0.745,0.789,18.9264,0.789,0.772,0.6176,0.846,0.830,-0.4971,0.901,0.822,1
-22.7960,0.945,0.893,1.0063,0.945,0.861,-0.8667,0.945,0.909,-0.0334,0.893,0.809,0.0323,0.893,0.810,-3.9221,0.893,0.772,3.5280,0.893,0.758,-4.7841,0.809,0.912,-1.1068,0.912,0.897,11.9936,0.810,0.913,1.4555,0.913,0.897,-0.5311,0.772,0.846,24.7440,0.846,0.833,0.4492,0.758,0.765,14.3962,0.765,0.779,0.2592,0.861,0.810,-0.3693,0.909,0.864,1
-20.6085,0.956,0.884,1.1438,0.956,0.891,-1.3073,0.956,0.927,-0.0644,0.884,0.810,0.0331,0.884,0.793,-3.8695,0.884,0.788,3.3282,0.884,0.770,-5.2874,0.810,0.874,-1.1449,0.874,0.928,12.2743,0.793,0.892,1.5512,0.892,0.886,-0.6245,0.788,0.829,24.8239,0.829,0.825,0.5869,0.770,0.754,18.7445,0.754,0.765,0.3793,0.891,0.775,-0.2268,0.927,0.835,1
-20.2179,0.919,0.912,1.0118,0.919,0.894,-1.1571,0.919,0.934,-0.0007,0.912,0.813,0.0319,0.912,0.805,-3.9847,0.912,0.797,3.2643,0.912,0.761,-4.8803,0.813,0.851,-1.0367,0.851,0.915,16.1166,0.805,0.847,1.5222,0.847,0.833,-0.6249,0.797,0.822,25.5022,0.822,0.828,0.6077,0.761,0.763,18.7739,0.763,0.774,0.7474,0.894,0.762,-0.4449,0.934,0.810,1
-21.6340,0.882,0.938,0.8602,0.882,0.870,-0.8306,0.882,0.903,-0.0325,0.938,0.848,0.0301,0.938,0.863,-3.9785,0.938,0.801,3.1016,0.938,0.742,-4.7851,0.848,0.881,-1.1523,0.881,0.917,12.0075,0.863,0.883,1.4098,0.883,0.849,-0.6873,0.801,0.817,25.2622,0.817,0.827,0.8922,0.742,0.809,25.1288,0.809,0.770,0.6305,0.870,0.811,-0.6615,0.903,0.858,1
-726.6067,0.945,0.889,1.1587,0.945,0.886,-1.0032,0.945,0.900,-0.0336,0.889,0.822,0.0007,0.889,0.805,-3.7639,0.889,0.766,2.8568,0.889,0.744,-4.7881,0.822,0.916,-1.2357,0.916,0.955,9.7823,0.805,0.900,1.4529,0.900,0.882,-0.7495,0.766,0.827,16.9990,0.827,0.828,1.0730,0.744,0.842,17.1291,0.842,0.771,0.3749,0.886,0.792,-0.2271,0.900,0.871,1
-21.6135,0.954,0.884,1.0126,0.954,0.903,-1.1582,0.954,0.940,-0.0665,0.884,0.792,0.0000,0.884,0.804,-3.9320,0.884,0.783,2.6574,0.884,0.798,-4.7890,0.792,0.861,-1.1536,0.861,0.935,9.9784,0.804,0.846,1.4088,0.846,0.860,-0.7798,0.783,0.813,26.5576,0.813,0.824,1.2394,0.798,0.853,24.3094,0.853,0.776,0.6225,0.903,0.757,-0.2295,0.940,0.843,1
-18.9775,0.900,0.923,1.0094,0.900,0.879,-1.0046,0.900,0.936,-0.0313,0.923,0.828,0.0297,0.923,0.839,-3.9799,0.923,0.784,2.6981,0.923,0.785,-5.3072,0.828,0.860,-1.1533,0.860,0.923,9.3486,0.839,0.853,1.2925,0.853,0.855,-0.8119,0.784,0.825,26.8799,0.825,0.831,1.3192,0.785,0.861,24.3992,0.861,0.779,0.7431,0.879,0.769,-0.4956,0.936,0.792,1
-22.2645,0.893,0.926,0.7222,0.893,0.858,-0.6713,0.893,0.894,-0.0331,0.926,0.830,0.0003,0.926,0.848,-3.7617,0.926,0.782,2.7014,0.926,0.746,-4.8073,0.830,0.903,-1.2308,0.903,0.946,6.8528,0.848,0.893,1.2403,0.893,0.916,-0.9010,0.782,0.819,26.0636,0.819,0.824,1.3603,0.746,0.863,16.9068,0.863,0.774,0.7450,0.858,0.796,-0.6610,0.894,0.873,1
-22.1368,0.960,0.891,1.0062,0.960,0.878,-1.0032,0.960,0.904,-0.0639,0.891,0.824,0.0312,0.891,0.819,-3.8804,0.891,0.779,2.6964,0.891,0.760,-5.3167,0.824,0.908,-1.2299,0.908,0.951,6.8481,0.819,0.870,1.2394,0.870,0.908,-0.9007,0.779,0.813,25.9847,0.813,0.827,1.4412,0.760,0.858,24.1531,0.858,0.779,0.3733,0.878,0.796,-0.2527,0.904,0.870,1
-21.4511,0.954,0.879,1.0102,0.954,0.885,-1.0081,0.954,0.942,-0.0983,0.879,0.788,0.0004,0.879,0.814,-3.9331,0.879,0.750,2.5931,0.879,0.779,-4.8148,0.788,0.871,-1.1943,0.871,0.946,6.9799,0.814,0.853,1.2795,0.853,0.865,-0.9382,0.750,0.820,17.8135,0.820,0.822,1.5810,0.779,0.855,16.6386,0.855,0.780,0.3785,0.885,0.757,-0.2543,0.942,0.832,1
-5911.1111,0.930,0.913,1.1396,0.930,0.892,-1.3135,0.930,0.942,-0.0954,0.913,0.788,-0.0003,0.913,0.834,-3.9361,0.913,0.744,2.7366,0.913,0.795,-4.8089,0.788,0.848,-1.1926,0.848,0.921,6.8390,0.834,0.863,1.1603,0.863,0.859,-0.9998,0.744,0.827,25.9067,0.827,0.824,1.6244,0.795,0.861,16.5455,0.861,0.779,0.5048,0.892,0.738,-0.4491,0.942,0.824,1
1510.9459,0.928,0.923,1.0087,0.928,0.902,-1.1603,0.928,0.930,-0.0324,0.923,0.812,0.0002,0.923,0.848,-3.8841,0.923,0.755,2.7371,0.923,0.807,-4.9052,0.812,0.850,-1.2699,0.850,0.920,6.8595,0.848,0.856,1.1944,0.856,0.861,-1.0310,0.755,0.823,17.4545,0.823,0.827,1.5871,0.807,0.839,24.3233,0.839,0.791,0.7449,0.902,0.753,-0.5540,0.930,0.841,1
-1165.3750,0.914,0.915,1.0069,0.914,0.901,-1.1611,0.914,0.928,-0.0326,0.915,0.823,0.0001,0.915,0.843,-3.6235,0.915,0.745,2.7360,0.915,0.802,-4.7234,0.823,0.861,-1.1961,0.861,0.935,6.6805,0.843,0.874,1.2003,0.874,0.858,-1.1263,0.745,0.834,25.4514,0.834,0.826,1.6507,0.802,0.820,16.8898,0.820,0.789,0.7423,0.901,0.782,-0.5535,0.928,0.801,1
-747.1600,0.891,0.920,0.8710,0.891,0.879,-0.8712,0.891,0.934,-0.0628,0.920,0.803,-0.0002,0.920,0.841,-3.6733,0.920,0.749,2.7794,0.920,0.802,-4.8065,0.803,0.851,-1.2333,0.851,0.927,6.8112,0.841,0.878,1.2012,0.878,0.872,-1.1272,0.749,0.845,25.7424,0.845,0.831,1.6492,0.802,0.818,16.8711,0.818,0.787,0.7414,0.879,0.776,-0.4952,0.934,0.817,1
-2666.2857,0.910,0.917,1.1656,0.910,0.881,-1.0049,0.910,0.943,-0.0335,0.917,0.793,0.0003,0.917,0.834,-3.9359,0.917,0.751,2.7417,0.917,0.792,-4.3765,0.793,0.849,-1.1510,0.849,0.906,6.8126,0.834,0.868,1.2389,0.868,0.859,-1.0016,0.751,0.831,26.9587,0.831,0.836,1.5840,0.792,0.825,24.4078,0.825,0.790,0.6643,0.881,0.749,-0.4946,0.943,0.836,1
11206.6000,0.938,0.916,1.1414,0.938,0.880,-1.1365,0.938,0.973,-0.0341,0.916,0.776,0.0331,0.916,0.816,-3.9899,0.916,0.758,2.8618,0.916,0.765,-4.0865,0.776,0.846,-1.1480,0.846,0.914,5.2516,0.816,0.866,1.0759,0.866,0.857,-0.9364,0.758,0.833,52.2737,0.833,0.838,1.5224,0.765,0.840,23.8687,0.840,0.785,0.5029,0.880,0.745,-0.2540,0.973,0.805,1
64565.0000,0.946,0.881,1.1711,0.946,0.862,-1.0072,0.946,0.946,-0.0354,0.881,0.781,0.0005,0.881,0.813,-3.8193,0.881,0.763,2.6148,0.881,0.774,-4.0031,0.781,0.880,-1.1944,0.880,0.927,5.4395,0.813,0.897,1.2294,0.897,0.860,-0.9354,0.763,0.839,52.5056,0.839,0.841,1.5811,0.774,0.836,16.5129,0.836,0.785,0.2578,0.862,0.769,-0.2536,0.946,0.853,1
2489.1154,0.949,0.907,1.0042,0.949,0.844,-1.0030,0.949,0.917,-0.0354,0.907,0.807,0.0306,0.907,0.834,-3.8154,0.907,0.797,2.6598,0.907,0.753,-3.7046,0.807,0.899,-1.1503,0.899,0.920,6.0041,0.834,0.897,1.1961,0.897,0.906,-0.9076,0.797,0.826,27.0772,0.826,0.836,1.5152,0.753,0.799,12.8674,0.799,0.788,0.3758,0.844,0.773,-0.2503,0.917,0.870,1
-1010.0781,0.868,0.931,0.9902,0.868,0.840,-0.7195,0.868,0.900,-0.0012,0.931,0.835,0.0010,0.931,0.870,-3.7563,0.931,0.798,2.7046,0.931,0.785,-4.0075,0.835,0.875,-1.1523,0.875,0.925,6.0258,0.870,0.898,1.1941,0.898,0.859,-0.9685,0.798,0.861,25.1988,0.861,0.836,1.3330,0.785,0.815,16.8618,0.815,0.786,0.5580,0.840,0.788,-0.6182,0.900,0.876,1
-3298.4706,0.885,0.903,1.3905,0.885,0.862,-1.0034,0.885,0.957,-0.0367,0.903,0.786,-0.0005,0.903,0.828,-3.7623,0.903,0.795,2.7012,0.903,0.814,-3.5770,0.786,0.852,-1.1854,0.852,0.912,6.3493,0.828,0.870,1.2682,0.870,0.855,-0.9058,0.795,0.840,25.9995,0.840,0.836,1.3317,0.814,0.851,24.1718,0.851,0.784,0.6612,0.862,0.762,-0.3741,0.957,0.807,1
-1575.4634,0.930,0.880,1.7317,0.930,0.859,-1.0047,0.930,0.948,-0.0369,0.880,0.782,0.0001,0.880,0.802,-3.5897,0.880,0.770,2.6855,0.880,0.805,-3.7641,0.782,0.900,-1.1438,0.900,0.928,5.5588,0.802,0.915,1.2776,0.915,0.904,-0.8443,0.770,0.833,25.9506,0.833,0.840,1.2390,0.805,0.829,24.2192,0.829,0.786,0.3021,0.859,0.765,-0.2512,0.948,0.850,1
-2810.5417,0.910,0.909,1.4835,0.910,0.834,-0.8645,0.910,0.911,-0.0016,0.909,0.812,0.0014,0.909,0.850,-3.7002,0.909,0.789,2.7369,0.909,0.751,-3.4966,0.812,0.897,-1.1411,0.897,0.934,6.0798,0.850,0.926,1.2276,0.926,0.878,-0.7507,0.789,0.844,25.5562,0.844,0.833,1.0403,0.751,0.791,25.2459,0.791,0.779,0.3026,0.834,0.803,-0.2543,0.911,0.830,1
-982.9048,0.851,0.922,1.2362,0.851,0.835,-0.7190,0.851,0.919,-0.0345,0.922,0.817,0.0004,0.922,0.846,-3.7498,0.922,0.814,3.1032,0.922,0.738,-3.7008,0.817,0.873,-1.1112,0.873,0.889,6.1188,0.846,0.870,1.2394,0.870,0.870,-0.6885,0.814,0.832,25.4779,0.832,0.834,0.7049,0.738,0.770,26.3439,0.770,0.784,0.5956,0.835,0.798,-0.3746,0.919,0.814,1
-609.5761,0.908,0.889,1.5802,0.908,0.861,-1.1344,0.908,0.972,-0.0361,0.889,0.769,-0.0311,0.889,0.812,-3.4424,0.889,0.777,3.5919,0.889,0.761,-3.8310,0.769,0.858,-1.1090,0.858,0.918,6.4655,0.812,0.876,1.2020,0.876,0.887,-0.6763,0.777,0.833,25.9739,0.833,0.837,0.6342,0.761,0.766,26.3177,0.766,0.777,0.5568,0.861,0.760,-0.2522,0.972,0.799,1
-3095.4500,0.931,0.871,1.9571,0.931,0.860,-1.1345,0.931,0.948,-0.0698,0.871,0.784,-0.0002,0.871,0.794,-3.5829,0.871,0.776,3.2814,0.871,0.757,-3.6922,0.784,0.926,-1.1053,0.926,0.907,6.2101,0.794,0.897,1.2379,0.897,0.906,-0.6241,0.776,0.842,25.3367,0.842,0.827,0.5556,0.757,0.753,11.5843,0.753,0.778,0.3048,0.860,0.748,-0.1379,0.948,0.843,1
-1296.4423,0.922,0.891,1.4835,0.922,0.849,-0.8672,0.922,0.917,-0.0024,0.891,0.816,0.0000,0.891,0.822,-3.5220,0.891,0.786,3.3624,0.891,0.754,-3.7612,0.816,0.913,-1.0346,0.913,0.879,6.1294,0.822,0.870,1.2019,0.870,0.864,-0.5625,0.786,0.837,25.9083,0.837,0.834,0.5344,0.754,0.770,14.3125,0.770,0.778,0.3040,0.849,0.805,-0.3729,0.917,0.844,1
-773.7625,0.876,0.923,0.9922,0.876,0.839,-0.7199,0.876,0.920,-0.0343,0.923,0.817,0.0005,0.923,0.871,-3.5795,0.923,0.796,3.4754,0.923,0.751,-3.7018,0.817,0.891,-0.9308,0.891,0.873,6.1416,0.871,0.867,1.1615,0.867,0.860,-0.4689,0.796,0.835,27.3208,0.835,0.839,0.4825,0.751,0.808,18.7575,0.808,0.772,0.5576,0.839,0.772,-0.6175,0.920,0.843,1
-21.2029,0.853,0.929,1.0075,0.853,0.850,-0.8362,0.853,0.925,-0.0016,0.929,0.818,0.0001,0.929,0.886,-3.8693,0.929,0.798,3.0059,0.929,0.719,-4.0774,0.818,0.869,-0.9313,0.869,0.910,6.2619,0.886,0.843,1.1194,0.843,0.889,-0.3946,0.798,0.830,27.2448,0.830,0.831,0.4819,0.719,0.806,26.7303,0.806,0.778,0.5970,0.850,0.804,-0.7401,0.925,0.829,1
-20.3628,0.861,0.927,1.2038,0.861,0.859,-0.9966,0.861,0.936,-0.0334,0.927,0.807,-0.0008,0.927,0.877,-3.9341,0.927,0.783,2.8134,0.927,0.715,-4.1689,0.807,0.873,-0.9997,0.873,0.932,6.2700,0.877,0.838,1.0809,0.838,0.918,-0.4244,0.783,0.848,25.9922,0.848,0.833,0.5403,0.715,0.802,26.7995,0.802,0.779,0.5977,0.859,0.790,-0.6246,0.936,0.811,1
-400.0816,0.870,0.930,1.4914,0.870,0.866,-0.8677,0.870,0.957,-0.0017,0.930,0.806,-0.0304,0.930,0.864,-3.8720,0.930,0.801,3.1605,0.930,0.717,-4.2569,0.806,0.880,-1.0345,0.880,0.938,7.2552,0.864,0.838,1.1198,0.838,0.916,-0.3936,0.801,0.845,26.6055,0.845,0.832,0.4075,0.717,0.817,14.3315,0.817,0.774,0.6910,0.866,0.792,-0.6187,0.957,0.787,1
-19.5052,0.867,0.935,1.2157,0.867,0.866,-0.9996,0.867,0.954,-0.0332,0.935,0.808,-0.0006,0.935,0.865,-3.9882,0.935,0.812,3.4387,0.935,0.724,-4.2543,0.808,0.882,-1.0343,0.882,0.942,7.2441,0.865,0.842,1.1193,0.842,0.927,-0.3652,0.812,0.846,26.6956,0.846,0.834,0.3588,0.724,0.816,14.2904,0.816,0.772,0.6919,0.866,0.787,-0.6193,0.954,0.799,1
-20.7156,0.856,0.936,1.2027,0.856,0.853,-0.9939,0.856,0.932,-0.0013,0.936,0.818,-0.0002,0.936,0.879,-3.7086,0.936,0.814,3.3919,0.936,0.717,-3.9327,0.818,0.871,-0.9672,0.871,0.926,7.1244,0.879,0.838,1.0798,0.838,0.909,-0.4377,0.814,0.852,25.9194,0.852,0.834,0.3942,0.717,0.816,14.4156,0.816,0.767,0.6612,0.853,0.775,-0.6196,0.932,0.828,1
-21.9517,0.856,0.929,1.0058,0.856,0.845,-0.8345,0.856,0.924,-0.0009,0.929,0.824,0.0007,0.929,0.878,-3.5866,0.929,0.805,3.4713,0.929,0.731,-3.7723,0.824,0.873,-0.9003,0.873,0.910,6.9847,0.878,0.853,1.0399,0.853,0.874,-0.4691,0.805,0.842,26.4334,0.842,0.840,0.4507,0.731,0.796,18.6556,0.796,0.778,0.6607,0.845,0.793,-0.7373,0.924,0.856,1
-910.0000,0.892,0.915,0.9970,0.892,0.836,-0.5831,0.892,0.915,-0.0016,0.915,0.823,0.0006,0.915,0.861,-3.5250,0.915,0.795,3.3556,0.915,0.763,-3.5092,0.823,0.894,-0.9662,0.894,0.869,6.1479,0.861,0.849,1.0804,0.849,0.862,-0.5316,0.795,0.830,26.1843,0.830,0.832,0.5746,0.763,0.790,9.6247,0.790,0.781,0.5039,0.836,0.801,-0.6172,0.915,0.844,1
1794.4167,0.928,0.877,1.1983,0.928,0.847,-1.0028,0.928,0.926,-0.0016,0.877,0.795,0.0011,0.877,0.819,-3.5154,0.877,0.795,3.6293,0.877,0.754,-3.4982,0.795,0.903,-1.0336,0.903,0.931,6.9986,0.819,0.875,1.1550,0.875,0.898,-0.5937,0.795,0.840,25.7752,0.840,0.835,0.4787,0.754,0.758,7.6394,0.758,0.781,0.3357,0.847,0.787,-0.2292,0.926,0.873,1
-3464.0588,0.915,0.869,1.7394,0.915,0.864,-1.0047,0.915,0.962,-0.0728,0.869,0.766,-0.0319,0.869,0.806,-3.5781,0.869,0.808,3.3391,0.869,0.757,-3.5029,0.766,0.890,-1.0347,0.890,0.910,7.4138,0.806,0.864,1.1531,0.864,0.902,-0.6553,0.808,0.821,25.8355,0.821,0.830,0.6538,0.757,0.725,11.2935,0.725,0.775,0.6182,0.864,0.729,-0.2526,0.962,0.828,1
-352.2516,0.881,0.924,1.7305,0.881,0.863,-1.0008,0.881,0.966,-0.0007,0.924,0.797,-0.0003,0.924,0.840,-3.7072,0.924,0.820,2.9049,0.924,0.763,-3.8390,0.797,0.856,-1.0010,0.856,0.912,6.4020,0.840,0.842,1.0787,0.842,0.923,-0.5941,0.820,0.833,27.4330,0.833,0.835,0.9206,0.763,0.761,17.1933,0.761,0.789,0.5943,0.863,0.776,-0.2526,0.966,0.777,1
-20.4107,0.850,0.928,1.2539,0.850,0.855,-0.8331,0.850,0.934,-0.0340,0.928,0.822,0.0305,0.928,0.876,-3.7462,0.928,0.802,3.0024,0.928,0.748,-3.6931,0.822,0.887,-1.0379,0.887,0.879,6.0373,0.876,0.873,1.0412,0.873,0.851,-0.6589,0.802,0.833,26.9639,0.833,0.837,1.0380,0.748,0.808,16.9747,0.808,0.789,0.5982,0.855,0.803,-0.5567,0.934,0.825,1
-1538.0476,0.923,0.887,1.4892,0.923,0.846,-0.8645,0.923,0.918,-0.0346,0.887,0.798,0.0007,0.887,0.815,-3.6332,0.887,0.768,2.7701,0.887,0.776,-3.6908,0.798,0.913,-1.0695,0.913,0.926,6.9564,0.815,0.908,1.2474,0.908,0.873,-0.7832,0.768,0.837,26.3310,0.837,0.835,1.1931,0.776,0.872,24.0792,0.872,0.794,0.3358,0.846,0.813,-0.3720,0.918,0.866,1
-544.3241,0.920,0.879,1.7369,0.920,0.872,-1.0044,0.920,0.959,-0.0008,0.879,0.765,0.0001,0.879,0.805,-3.6424,0.879,0.774,2.7301,0.879,0.793,-3.5743,0.765,0.871,-1.0357,0.871,0.893,6.3958,0.805,0.886,1.1933,0.886,0.910,-0.9062,0.774,0.842,25.9120,0.842,0.835,1.3320,0.793,0.868,16.5342,0.868,0.791,0.3366,0.872,0.733,-0.2525,0.959,0.825,1
-461.8696,0.888,0.922,1.7236,0.888,0.864,-1.0033,0.888,0.976,-0.0003,0.922,0.817,0.0307,0.922,0.844,-3.7531,0.922,0.813,2.6997,0.922,0.771,-3.7696,0.817,0.869,-1.0369,0.869,0.881,7.1280,0.844,0.834,1.1933,0.834,0.853,-0.9394,0.813,0.850,25.8093,0.850,0.836,1.4340,0.771,0.850,16.3508,0.850,0.790,0.5012,0.864,0.739,-0.3741,0.976,0.782,1
-21.3815,0.845,0.909,1.2417,0.845,0.845,-0.6736,0.845,0.917,-0.0006,0.909,0.822,0.0306,0.909,0.859,-3.7529,0.909,0.802,2.6555,0.909,0.768,-3.7634,0.822,0.893,-1.1069,0.893,0.899,6.8373,0.859,0.868,1.2009,0.868,0.859,-0.9676,0.802,0.843,50.9255,0.843,0.837,1.5207,0.768,0.856,16.4951,0.856,0.794,0.5037,0.845,0.802,-0.6612,0.917,0.855,1
-1008.9844,0.916,0.887,1.4901,0.916,0.846,-0.7257,0.916,0.914,-0.0346,0.887,0.796,0.0309,0.887,0.828,-3.7508,0.887,0.773,2.6140,0.887,0.758,-3.6917,0.796,0.898,-1.1470,0.898,0.900,6.0204,0.828,0.901,1.1937,0.901,0.890,-1.0005,0.773,0.847,51.2084,0.847,0.843,1.6084,0.758,0.865,16.4163,0.865,0.789,0.3361,0.846,0.802,-0.3737,0.914,0.845,1
-776.1316,0.927,0.872,1.7218,0.927,0.854,-1.0028,0.927,0.935,-0.0679,0.872,0.765,-0.0005,0.872,0.795,-3.7543,0.872,0.753,2.6123,0.872,0.796,-3.9886,0.765,0.874,-1.1484,0.874,0.924,7.1092,0.795,0.886,1.2388,0.886,0.912,-1.0652,0.753,0.846,52.5850,0.846,0.841,1.6927,0.796,0.855,16.5009,0.855,0.791,0.2550,0.854,0.760,-0.2516,0.935,0.869,1
-553.7129,0.909,0.885,1.7281,0.909,0.869,-1.0079,0.909,0.974,-0.0685,0.885,0.773,-0.0313,0.885,0.825,-3.7577,0.885,0.766,2.6963,0.885,0.807,-3.9840,0.773,0.837,-1.1090,0.837,0.919,6.5137,0.825,0.869,1.1931,0.869,0.872,-1.0648,0.766,0.842,54.1755,0.842,0.836,1.6949,0.807,0.869,12.5944,0.869,0.783,0.4437,0.869,0.756,-0.2530,0.974,0.810,1
-501.6321,0.900,0.893,1.9463,0.900,0.869,-1.1377,0.900,0.975,-0.0347,0.893,0.791,0.0002,0.893,0.830,-3.8183,0.893,0.773,2.7355,0.893,0.791,-3.7635,0.791,0.831,-1.1093,0.831,0.908,6.1479,0.830,0.853,1.1177,0.853,0.873,-1.1283,0.773,0.844,51.9610,0.844,0.837,1.6316,0.791,0.877,16.4004,0.877,0.778,0.4478,0.869,0.745,-0.2549,0.975,0.788,1
-18.7929,0.909,0.896,1.5867,0.909,0.874,-1.3132,0.909,0.974,-0.0009,0.896,0.799,0.0004,0.896,0.843,-3.7539,0.896,0.786,2.5899,0.896,0.791,-3.7676,0.799,0.843,-1.1074,0.843,0.894,6.0348,0.843,0.855,1.1173,0.855,0.868,-1.1305,0.786,0.848,53.9554,0.848,0.842,1.7414,0.791,0.873,16.3968,0.873,0.782,0.4479,0.874,0.739,-0.3796,0.974,0.757,1
-18.8961,0.908,0.894,1.5873,0.908,0.874,-1.3128,0.908,0.976,-0.0352,0.894,0.787,0.0002,0.894,0.843,-3.7579,0.894,0.784,2.5883,0.894,0.785,-3.7726,0.787,0.847,-1.1083,0.847,0.896,6.0294,0.843,0.858,1.1172,0.858,0.866,-1.1297,0.784,0.843,53.7892,0.843,0.842,1.7409,0.785,0.863,16.4407,0.863,0.784,0.4477,0.874,0.743,-0.3801,0.976,0.759,1
-0.0049,0.858,0.821,1.0011,0.858,0.899,-1.1386,0.858,0.947,0.0014,0.821,0.774,0.0004,0.821,0.829,-3.0023,0.821,0.610,6.0007,0.821,0.619,-0.8031,0.774,0.755,0.7043,0.755,0.889,2.6487,0.829,0.771,-0.4836,0.771,0.838,0.6312,0.610,0.938,20901.1667,0.938,0.745,-0.3084,0.619,0.950,-6.0147,0.950,0.774,0.9957,0.899,0.827,-1.0032,0.947,0.925,1
0.0022,0.872,0.808,1.0063,0.872,0.906,-1.0100,0.872,0.976,0.0258,0.808,0.766,0.0006,0.808,0.826,-2.9586,0.808,0.617,6.4640,0.808,0.610,-0.7780,0.766,0.776,0.7686,0.776,0.890,2.5474,0.826,0.776,-0.4694,0.776,0.852,0.5781,0.617,0.934,1452.6824,0.934,0.761,-0.2961,0.610,0.957,-6.1106,0.957,0.768,0.9048,0.906,0.849,-1.1050,0.976,0.922,1
0.0060,0.866,0.806,1.0070,0.866,0.894,-1.0115,0.866,0.977,0.0257,0.806,0.774,0.0005,0.806,0.826,-2.9600,0.806,0.608,6.5560,0.806,0.602,-0.7789,0.774,0.773,0.7690,0.773,0.886,2.5601,0.826,0.804,-0.4829,0.804,0.847,0.6316,0.608,0.940,1510.6265,0.940,0.760,-0.3330,0.602,0.967,-6.1087,0.967,0.772,0.9035,0.894,0.871,-1.1080,0.977,0.927,1
0.1603,0.861,0.804,1.1193,0.861,0.903,-1.1254,0.861,0.977,0.0267,0.804,0.744,0.0260,0.804,0.828,-2.8400,0.804,0.610,7.2118,0.804,0.608,-0.8149,0.744,0.772,0.7424,0.772,0.889,2.5486,0.828,0.770,-0.4839,0.770,0.858,0.6108,0.610,0.950,10448.9167,0.950,0.756,-0.2976,0.608,0.959,-6.7599,0.959,0.779,0.9968,0.903,0.841,-1.1101,0.977,0.912,1
0.0021,0.830,0.781,1.0073,0.830,0.873,-1.2805,0.830,0.916,0.0525,0.781,0.738,0.0262,0.781,0.809,-2.9971,0.781,0.595,5.3327,0.781,0.618,-0.8166,0.738,0.795,0.6783,0.795,0.858,2.5567,0.809,0.753,-0.4662,0.753,0.841,0.4495,0.595,0.953,-2749.9149,0.953,0.766,-0.1675,0.618,0.911,-6.7903,0.911,0.783,1.0813,0.873,0.884,-1.0991,0.916,0.900,1
-0.1385,0.881,0.823,1.1384,0.881,0.909,-1.0065,0.881,0.970,0.0254,0.823,0.791,-0.0000,0.823,0.847,-2.7464,0.823,0.619,4.8107,0.823,0.642,-0.9991,0.791,0.786,0.8117,0.786,0.900,2.6613,0.847,0.809,-0.4531,0.809,0.826,0.0563,0.619,0.957,-2718.0204,0.957,0.789,0.0822,0.642,0.881,-6.9105,0.881,0.771,0.9097,0.909,0.843,-0.9043,0.970,0.898,1
0.6368,0.898,0.822,0.3973,0.898,0.863,-2.5279,0.898,0.893,-1.0006,0.822,0.709,-0.9159,0.822,0.818,3.8639,0.822,0.686,0.9813,0.822,0.727,-10.4112,0.709,0.828,3.2877,0.828,0.899,-0.1374,0.818,0.916,0.3329,0.916,0.893,-1.4752,0.686,0.906,31.2972,0.906,0.844,3.7494,0.727,0.896,-2.0080,0.896,0.827,-1.6616,0.863,0.683,-0.5913,0.893,0.871,0
0.6795,0.889,0.819,0.4020,0.889,0.875,-2.5342,0.889,0.884,-0.9600,0.819,0.722,-0.8794,0.819,0.797,3.8642,0.819,0.682,0.9813,0.819,0.720,-8.6203,0.722,0.816,3.8366,0.816,0.913,-0.1406,0.797,0.917,0.3335,0.917,0.898,-1.4584,0.682,0.914,16.7137,0.914,0.859,3.7476,0.720,0.904,-2.0790,0.904,0.827,-1.9980,0.875,0.698,-0.4928,0.884,0.864,0
0.6807,0.863,0.815,0.4016,0.863,0.890,-2.7808,0.863,0.895,-1.0001,0.815,0.723,-0.8411,0.815,0.788,3.9326,0.815,0.686,1.0195,0.815,0.709,-7.3984,0.723,0.821,4.2712,0.821,0.923,-0.1624,0.788,0.909,0.3194,0.909,0.914,-1.4577,0.686,0.905,16.0522,0.905,0.853,3.7346,0.709,0.893,-2.1537,0.893,0.832,-2.3164,0.890,0.778,-0.2727,0.895,0.867,0
0.6367,0.862,0.812,0.4020,0.862,0.907,-2.7701,0.862,0.902,-1.0421,0.812,0.721,-0.8353,0.812,0.781,4.0053,0.812,0.694,1.0398,0.812,0.725,-6.4836,0.721,0.846,4.6902,0.846,0.922,-0.1586,0.781,0.903,0.3403,0.903,0.916,-1.4588,0.694,0.895,16.4057,0.895,0.860,4.0927,0.725,0.892,-2.5387,0.892,0.823,-2.3216,0.907,0.779,-0.2714,0.902,0.874,0
0.6362,0.858,0.824,0.3984,0.858,0.923,-2.7626,0.858,0.902,-1.0017,0.824,0.726,-0.8338,0.824,0.789,4.0078,0.824,0.699,1.0805,0.824,0.719,-6.7144,0.726,0.846,4.6836,0.846,0.922,-0.1454,0.789,0.917,0.3567,0.917,0.922,-1.5004,0.699,0.890,16.0507,0.890,0.857,3.7355,0.719,0.901,-2.3422,0.901,0.835,-2.6137,0.923,0.784,-0.1858,0.902,0.870,0
0.6808,0.864,0.828,0.2253,0.864,0.936,-2.0189,0.864,0.926,-1.0427,0.828,0.736,-0.8344,0.828,0.785,3.8159,0.828,0.693,1.0605,0.828,0.714,-6.7367,0.736,0.858,4.6752,0.858,0.911,-0.1225,0.785,0.917,0.3574,0.917,0.920,-1.5002,0.693,0.890,15.9868,0.890,0.850,4.1918,0.714,0.894,-2.5489,0.894,0.824,-2.3123,0.936,0.778,-0.1096,0.926,0.869,0
0.7368,0.922,0.831,0.1175,0.922,0.958,-1.6222,0.922,0.953,-1.0409,0.831,0.756,-0.8337,0.831,0.788,3.7471,0.831,0.702,1.0603,0.831,0.719,-6.7513,0.756,0.855,4.2754,0.855,0.902,-0.1228,0.788,0.913,0.3799,0.913,0.928,-1.4192,0.702,0.888,17.4813,0.888,0.860,4.2040,0.719,0.882,-2.6445,0.882,0.811,-2.2971,0.958,0.776,-0.1811,0.953,0.869,0
0.6966,0.951,0.866,0.2190,0.951,0.916,-1.8093,0.951,0.926,-1.0414,0.866,0.779,-0.8334,0.866,0.777,3.7494,0.866,0.715,1.0609,0.866,0.712,-6.6264,0.779,0.819,4.1838,0.819,0.898,-0.1025,0.777,0.897,0.3805,0.897,0.895,-1.4585,0.715,0.874,33.2740,0.874,0.868,5.3586,0.712,0.858,-3.1093,0.858,0.807,-3.8300,0.916,0.788,-0.2965,0.926,0.854,0
0.6957,0.934,0.878,0.4422,0.934,0.898,-2.4961,0.934,0.856,-1.0405,0.878,0.789,-0.8817,0.878,0.795,3.8140,0.878,0.714,1.0414,0.878,0.694,-6.3982,0.789,0.826,3.9110,0.826,0.872,-0.0625,0.795,0.868,0.3582,0.868,0.911,-1.4317,0.714,0.894,375.8756,0.894,0.854,6.3951,0.694,0.887,-3.4921,0.887,0.815,-1.4848,0.898,0.756,-0.4517,0.856,0.906,0
